lottery,date,jackpot,cash_value,match_5_bonus_winners,match_5_bonus_prize,match_5_bonus_multiplier_winners,match_5_bonus_multiplier_prize,match_5_winners,match_5_prize,match_5_multiplier_winners,match_5_multiplier_prize,match_4_bonus_winners,match_4_bonus_prize,match_4_bonus_multiplier_winners,match_4_bonus_multiplier_prize,match_4_winners,match_4_prize,match_4_multiplier_winners,match_4_multiplier_prize,match_3_bonus_winners,match_3_bonus_prize,match_3_bonus_multiplier_winners,match_3_bonus_multiplier_prize,match_3_winners,match_3_prize,match_3_multiplier_winners,match_3_multiplier_prize,match_2_bonus_winners,match_2_bonus_prize,match_2_bonus_multiplier_winners,match_2_bonus_multiplier_prize,match_1_bonus_winners,match_1_bonus_prize,match_1_bonus_multiplier_winners,match_1_bonus_multiplier_prize,match_0_bonus_winners,match_0_bonus_prize,match_0_bonus_multiplier_winners,match_0_bonus_multiplier_prize
megamillions,2010-02-02,$12 Million,$7.4 Million,,,,,3,250000,0,1,,,,,1574,150,69,600,,,,,29910,10,1538,40,,,,,,,,,,,,
megamillions,2010-02-05,$20 Million,$12.4 Million,,,,,2,250000,0,1,,,,,1197,150,84,600,,,,,21855,10,1100,40,,,,,,,,,,,,
megamillions,2010-02-09,$32 Million,$20.0 Million,,,,,4,250000,1,1,,,,,1348,150,62,600,,,,,26238,10,1356,40,,,,,,,,,,,,
megamillions,2010-02-12,$44 Million,$27.2 Million,,,,,2,250000,0,1,,,,,1287,150,69,600,,,,,27645,10,1536,40,,,,,,,,,,,,
megamillions,2010-02-16,$56 Million,$34.5 Million,,,,,5,250000,0,1,,,,,1645,150,97,450,,,,,33567,10,1781,30,,,,,,,,,,,,
megamillions,2010-02-19,$68 Million,$41.6 Million,,,,,5,250000,0,1,,,,,1507,150,70,600,,,,,27729,10,1370,40,,,,,,,,,,,,
megamillions,2010-02-23,$83 Million,$50.9 Million,,,,,12,250000,0,1,,,,,1547,150,73,600,,,,,29516,10,1413,40,,,,,,,,,,,,
megamillions,2010-02-26,$99 Million,$61.6 Million,,,,,3,250000,0,1,,,,,1721,150,80,450,,,,,30667,10,1391,30,,,,,,,,,,,,
megamillions,2010-03-02,$112 Million,$69.6 Million,,,,,8,250000,1,1,,,,,1878,150,89,450,,,,,41286,10,1764,30,,,,,,,,,,,,
megamillions,2010-03-05,$133 Million,$82.5 Million,,,,,7,250000,1,1,,,,,2269,150,99,600,,,,,42055,10,1765,40,,,,,,,,,,,,
megamillions,2010-03-09,$12 Million,$7.4 Million,,,,,7,250000,1,1,,,,,1545,150,82,300,,,,,24399,10,1364,20,,,,,,,,,,,,
megamillions,2010-03-12,$20 Million,$12.3 Million,,,,,3,250000,0,1,,,,,1176,150,63,450,,,,,21325,10,1058,30,,,,,,,,,,,,
megamillions,2010-03-16,$12 Million,$7.5 Million,,,,,5,250000,0,1,,,,,948,150,38,600,,,,,20958,10,1100,40,,,,,,,,,,,,
megamillions,2010-03-19,$20 Million,$12.4 Million,,,,,6,250000,0,1,,,,,1127,150,61,600,,,,,22126,10,1125,40,,,,,,,,,,,,
megamillions,2010-03-23,$29 Million,$18.0 Million,,,,,8,250000,0,1,,,,,1266,150,58,600,,,,,26463,10,1454,40,,,,,,,,,,,,
megamillions,2010-03-26,$40 Million,$24.4 Million,,,,,3,250000,1,1,,,,,1176,150,48,600,,,,,23028,10,1130,40,,,,,,,,,,,,
megamillions,2010-03-30,$51 Million,$31.1 Million,,,,,4,250000,0,1,,,,,1458,150,70,450,,,,,22308,10,1125,30,,,,,,,,,,,,
megamillions,2010-04-02,$63 Million,$38.0 Million,,,,,4,250000,1,1,,,,,1774,150,88,600,,,,,30968,10,1564,40,,,,,,,,,,,,
megamillions,2010-04-06,$76 Million,$45.8 Million,,,,,7,250000,0,1,,,,,1252,150,48,600,,,,,24788,10,1192,40,,,,,,,,,,,,
megamillions,2010-04-09,$90 Million,$54.5 Million,,,,,7,250000,1,1,,,,,1534,150,57,600,,,,,30414,10,1284,40,,,,,,,,,,,,
megamillions,2010-04-13,$105 Million,$64.2 Million,,,,,8,250000,1,1,,,,,2202,150,90,600,,,,,33315,10,1364,40,,,,,,,,,,,,
megamillions,2010-04-16,$122 Million,$74.6 Million,,,,,8,250000,0,1,,,,,2249,150,81,450,,,,,39910,10,1494,30,,,,,,,,,,,,
megamillions,2010-04-20,$143 Million,$87.5 Million,,,,,12,250000,0,1,,,,,2631,150,101,600,,,,,53008,10,2121,40,,,,,,,,,,,,
megamillions,2010-04-23,$166 Million,$101.9 Million,,,,,7,250000,0,1,,,,,2756,150,104,600,,,,,51853,10,2076,40,,,,,,,,,,,,
megamillions,2010-04-27,$191 Million,$117.7 Million,,,,,13,250000,1,1,,,,,3125,150,90,300,,,,,54193,10,1982,20,,,,,,,,,,,,
megamillions,2010-04-30,$224 Million,$139.1 Million,,,,,12,250000,0,1,,,,,4189,150,135,600,,,,,73223,10,2165,40,,,,,,,,,,,,
megamillions,2010-05-04,$266 Million,$166.7 Million,,,,,28,250000,0,1,,,,,5032,150,178,450,,,,,96816,10,3300,30,,,,,,,,,,,,
megamillions,2010-05-07,$12 Million,$7.6 Million,,,,,6,250000,0,1,,,,,1321,150,70,450,,,,,24160,10,1274,30,,,,,,,,,,,,
megamillions,2010-05-11,$19 Million,$12.0 Million,,,,,4,250000,1,1,,,,,1044,150,51,600,,,,,21752,10,1213,40,,,,,,,,,,,,
megamillions,2010-05-14,$31 Million,$19.7 Million,,,,,6,250000,1,1,,,,,1203,150,67,600,,,,,25064,10,1381,40,,,,,,,,,,,,
megamillions,2010-05-18,$42 Million,$26.7 Million,,,,,8,250000,0,1,,,,,1485,150,85,600,,,,,28025,10,1583,40,,,,,,,,,,,,
megamillions,2010-05-21,$54 Million,$35.2 Million,,,,,5,250000,0,1,,,,,1921,150,104,450,,,,,32081,10,1882,30,,,,,,,,,,,,
megamillions,2010-05-25,$64 Million,$42.0 Million,,,,,16,250000,1,1,,,,,2302,150,142,600,,,,,36307,10,2003,40,,,,,,,,,,,,
megamillions,2010-05-28,$12 Million,$7.7 Million,,,,,8,250000,0,1,,,,,1498,150,79,600,,,,,26566,10,1506,40,,,,,,,,,,,,
megamillions,2010-06-01,$12 Million,$7.7 Million,,,,,6,250000,1,1,,,,,921,150,42,300,,,,,18146,10,1132,20,,,,,,,,,,,,
megamillions,2010-06-04,$17 Million,$11.0 Million,,,,,3,250000,0,1,,,,,1335,150,67,600,,,,,25325,10,1660,40,,,,,,,,,,,,
megamillions,2010-06-08,$26 Million,$16.9 Million,,,,,1,250000,0,1,,,,,1123,150,73,450,,,,,22473,10,1384,30,,,,,,,,,,,,
megamillions,2010-06-11,$36 Million,$23.3 Million,,,,,5,250000,0,1,,,,,1309,150,77,450,,,,,25422,10,1486,30,,,,,,,,,,,,
megamillions,2010-06-15,$12 Million,$7.7 Million,,,,,9,250000,1,1,,,,,1850,150,126,600,,,,,21850,10,1273,40,,,,,,,,,,,,
megamillions,2010-06-18,$17 Million,$11.0 Million,,,,,2,250000,0,1,,,,,982,150,57,600,,,,,21399,10,1366,40,,,,,,,,,,,,
megamillions,2010-06-22,$26 Million,$16.9 Million,,,,,11,250000,0,1,,,,,1662,150,101,600,,,,,24609,10,1633,40,,,,,,,,,,,,
megamillions,2010-06-25,$12 Million,$7.8 Million,,,,,4,250000,0,1,,,,,1673,150,94,600,,,,,25601,10,1745,40,,,,,,,,,,,,
megamillions,2010-06-29,$16 Million,$10.5 Million,,,,,5,250000,1,1,,,,,1254,150,79,450,,,,,19606,10,1284,30,,,,,,,,,,,,
megamillions,2010-07-02,$25 Million,$16.5 Million,,,,,2,250000,1,1,,,,,1303,150,78,600,,,,,28005,10,1770,40,,,,,,,,,,,,
megamillions,2010-07-06,$34 Million,$22.4 Million,,,,,4,250000,0,1,,,,,942,150,42,300,,,,,18462,10,1148,20,,,,,,,,,,,,
megamillions,2010-07-09,$43 Million,$28.1 Million,,,,,6,250000,1,1,,,,,1069,150,59,600,,,,,20399,10,1174,40,,,,,,,,,,,,
megamillions,2010-07-13,$52 Million,$33.9 Million,,,,,4,250000,0,1,,,,,1642,150,107,450,,,,,27855,10,1776,30,,,,,,,,,,,,
megamillions,2010-07-16,$64 Million,$42.3 Million,,,,,7,250000,0,1,,,,,1551,150,90,450,,,,,25171,10,1457,30,,,,,,,,,,,,
megamillions,2010-07-20,$12 Million,$7.9 Million,,,,,2,250000,0,1,,,,,1181,150,71,450,,,,,20625,10,1283,30,,,,,,,,,,,,
megamillions,2010-07-23,$16 Million,$10.5 Million,,,,,4,250000,1,1,,,,,1024,150,61,300,,,,,20790,10,1346,20,,,,,,,,,,,,
megamillions,2010-07-27,$24 Million,$15.7 Million,,,,,15,250000,1,1,,,,,2216,150,122,600,,,,,27097,10,1731,40,,,,,,,,,,,,
megamillions,2010-07-30,$33 Million,$21.8 Million,,,,,4,250000,1,1,,,,,1007,150,62,600,,,,,20068,10,1198,40,,,,,,,,,,,,
megamillions,2010-08-03,$42 Million,$27.7 Million,,,,,2,250000,0,1,,,,,1247,150,72,300,,,,,21527,10,1345,20,,,,,,,,,,,,
megamillions,2010-08-06,$53 Million,$35.2 Million,,,,,10,250000,1,1,,,,,1438,150,100,450,,,,,25839,10,1525,30,,,,,,,,,,,,
megamillions,2010-08-10,$64 Million,$42.6 Million,,,,,5,250000,0,1,,,,,1320,150,92,300,,,,,25680,10,1510,20,,,,,,,,,,,,
megamillions,2010-08-13,$75 Million,$50.6 Million,,,,,2,250000,0,1,,,,,1556,150,80,600,,,,,28837,10,1575,40,,,,,,,,,,,,
megamillions,2010-08-17,$86 Million,$58.9 Million,,,,,9,250000,1,1,,,,,1448,150,73,600,,,,,28120,10,1560,40,,,,,,,,,,,,
megamillions,2010-08-20,$100 Million,$69.1 Million,,,,,8,250000,1,1,,,,,2258,150,139,600,,,,,39575,10,1975,40,,,,,,,,,,,,
megamillions,2010-08-24,$115 Million,$79.9 Million,,,,,7,250000,1,1,,,,,2337,150,119,450,,,,,42238,10,2277,30,,,,,,,,,,,,
megamillions,2010-08-27,$133 Million,$92.5 Million,,,,,6,250000,0,1,,,,,2743,150,114,600,,,,,51781,10,2554,40,,,,,,,,,,,,
megamillions,2010-08-31,$12 Million,$8.3 Million,,,,,3,250000,0,1,,,,,1110,150,86,450,,,,,18584,10,1321,30,,,,,,,,,,,,
megamillions,2010-09-03,$16 Million,$10.8 Million,,,,,3,250000,0,1,,,,,1431,150,102,600,,,,,26175,10,1844,40,,,,,,,,,,,,
megamillions,2010-09-07,$25 Million,$17.1 Million,,,,,4,250000,0,1,,,,,1319,150,100,600,,,,,21979,10,1597,40,,,,,,,,,,,,
megamillions,2010-09-10,$34 Million,$22.9 Million,,,,,16,250000,1,1,,,,,2460,150,180,450,,,,,28789,10,2075,30,,,,,,,,,,,,
megamillions,2010-09-14,$44 Million,$29.9 Million,,,,,5,250000,0,1,,,,,1061,150,82,600,,,,,21430,10,1408,40,,,,,,,,,,,,
megamillions,2010-09-17,$54 Million,$36.5 Million,,,,,17,250000,3,1,,,,,2056,150,121,450,,,,,34395,10,2225,30,,,,,,,,,,,,
megamillions,2010-09-21,$12 Million,$8.1 Million,,,,,5,250000,1,1,,,,,923,150,57,600,,,,,19210,10,1378,40,,,,,,,,,,,,
megamillions,2010-09-24,$16 Million,$10.9 Million,,,,,3,250000,1,1,,,,,987,150,77,600,,,,,20382,10,1445,40,,,,,,,,,,,,
megamillions,2010-09-28,$23 Million,$15.9 Million,,,,,5,250000,1,1,,,,,1109,150,85,450,,,,,21581,10,1452,30,,,,,,,,,,,,
megamillions,2010-10-01,$32 Million,$21.8 Million,,,,,6,250000,0,1,,,,,1462,150,117,600,,,,,21630,10,1389,40,,,,,,,,,,,,
megamillions,2010-10-05,$41 Million,$28.1 Million,,,,,2,250000,0,1,,,,,1282,150,106,600,,,,,25291,10,1705,40,,,,,,,,,,,,
megamillions,2010-10-08,$51 Million,$35.1 Million,,,,,4,250000,0,1,,,,,1191,150,82,600,,,,,24776,10,1538,40,,,,,,,,,,,,
megamillions,2010-10-12,$61 Million,$42.0 Million,,,,,4,250000,0,1,,,,,1384,150,86,600,,,,,25269,10,1585,40,,,,,,,,,,,,
megamillions,2010-10-15,$72 Million,$48.5 Million,,,,,4,250000,0,1,,,,,1824,150,106,600,,,,,38419,10,2346,40,,,,,,,,,,,,
megamillions,2010-10-19,$86 Million,$58.2 Million,,,,,11,250000,1,1,,,,,1637,150,87,600,,,,,27404,10,1701,40,,,,,,,,,,,,
megamillions,2010-10-22,$101 Million,$68.2 Million,,,,,6,250000,2,1,,,,,2202,150,138,600,,,,,43950,10,2411,40,,,,,,,,,,,,
megamillions,2010-10-26,$118 Million,$79.5 Million,,,,,7,250000,0,1,,,,,2335,150,126,600,,,,,44588,10,2417,40,,,,,,,,,,,,
megamillions,2010-10-29,$140 Million,$94.0 Million,,,,,6,250000,0,1,,,,,2982,150,148,600,,,,,52295,10,2603,40,,,,,,,,,,,,
megamillions,2010-11-02,$12 Million,$8.1 Million,,,,,6,250000,0,1,,,,,1372,150,107,300,,,,,21350,10,1404,20,,,,,,,,,,,,
megamillions,2010-11-05,$16 Million,$10.7 Million,,,,,4,250000,1,1,,,,,1059,150,64,600,,,,,20921,10,1455,40,,,,,,,,,,,,
megamillions,2010-11-09,$25 Million,$16.7 Million,,,,,4,250000,0,1,,,,,1086,150,77,600,,,,,22582,10,1665,40,,,,,,,,,,,,
megamillions,2010-11-12,$12 Million,$7.9 Million,,,,,10,250000,0,1,,,,,1084,150,76,600,,,,,23094,10,1765,40,,,,,,,,,,,,
megamillions,2010-11-16,$16 Million,$10.4 Million,,,,,3,250000,1,1,,,,,961,150,70,450,,,,,19650,10,1542,30,,,,,,,,,,,,
megamillions,2010-11-19,$25 Million,$16.4 Million,,,,,4,250000,0,1,,,,,1051,150,76,300,,,,,20571,10,1454,20,,,,,,,,,,,,
megamillions,2010-11-23,$34 Million,$22.5 Million,,,,,5,250000,0,1,,,,,1219,150,95,600,,,,,21495,10,1646,40,,,,,,,,,,,,
megamillions,2010-11-26,$42 Million,$27.8 Million,,,,,6,250000,0,1,,,,,1130,150,70,300,,,,,21550,10,1562,20,,,,,,,,,,,,
megamillions,2010-11-30,$52 Million,$34.6 Million,,,,,4,250000,0,1,,,,,1114,150,69,600,,,,,23241,10,1622,40,,,,,,,,,,,,
megamillions,2010-12-03,$62 Million,$40.6 Million,,,,,6,250000,0,1,,,,,1794,150,134,450,,,,,33545,10,2485,30,,,,,,,,,,,,
megamillions,2010-12-07,$74 Million,$48.0 Million,,,,,5,250000,1,1,,,,,1234,150,96,600,,,,,25302,10,1792,40,,,,,,,,,,,,
megamillions,2010-12-10,$88 Million,$56.2 Million,,,,,7,250000,0,1,,,,,1697,150,105,600,,,,,30137,10,1999,40,,,,,,,,,,,,
megamillions,2010-12-14,$104 Million,$66.1 Million,,,,,8,250000,1,1,,,,,2140,150,146,450,,,,,36517,10,2387,30,,,,,,,,,,,,
megamillions,2010-12-17,$123 Million,$77.8 Million,,,,,6,250000,0,1,,,,,2213,150,121,600,,,,,46182,10,2938,40,,,,,,,,,,,,
megamillions,2010-12-21,$145 Million,$92.3 Million,,,,,10,250000,1,1,,,,,3136,150,192,600,,,,,55181,10,3615,40,,,,,,,,,,,,
megamillions,2010-12-24,$168 Million,$106.8 Million,,,,,11,250000,0,1,,,,,3373,150,200,600,,,,,64839,10,3563,40,,,,,,,,,,,,
megamillions,2010-12-28,$200 Million,$127.3 Million,,,,,17,250000,3,1,,,,,3491,150,199,600,,,,,71129,10,4149,40,,,,,,,,,,,,
megamillions,2010-12-31,$242 Million,$154.0 Million,,,,,21,250000,1,1,,,,,7535,150,383,600,,,,,154323,10,8238,40,,,,,,,,,,,,
megamillions,2011-01-04,$355 Million,$224.2 Million,,,,,67,250000,5,1,,,,,16176,150,784,600,,,,,260123,10,12144,40,,,,,,,,,,,,
megamillions,2011-01-07,$12 Million,$7.5 Million,,,,,4,250000,0,1,,,,,1126,150,84,300,,,,,21741,10,1619,20,,,,,,,,,,,,
megamillions,2011-01-11,$20 Million,$12.6 Million,,,,,4,250000,0,1,,,,,1793,150,145,600,,,,,21994,10,1643,40,,,,,,,,,,,,
megamillions,2011-01-14,$30 Million,$18.9 Million,,,,,7,250000,1,1,,,,,1268,150,96,300,,,,,27248,10,2042,20,,,,,,,,,,,,
megamillions,2011-01-18,$40 Million,$25.1 Million,,,,,6,250000,1,1,,,,,1220,150,117,600,,,,,26180,10,2505,40,,,,,,,,,,,,
megamillions,2011-01-21,$51 Million,$31.7 Million,,,,,7,250000,1,1,,,,,1668,150,153,600,,,,,30384,10,2725,40,,,,,,,,,,,,
megamillions,2011-01-25,$63 Million,$39.5 Million,,,,,6,250000,1,1,,,,,1499,150,153,600,,,,,29525,10,2694,40,,,,,,,,,,,,
megamillions,2011-01-28,$77 Million,$48.2 Million,,,,,8,250000,2,1,,,,,1454,150,136,600,,,,,29361,10,2506,40,,,,,,,,,,,,
megamillions,2011-02-01,$91 Million,$56.9 Million,,,,,8,250000,0,1,,,,,1886,150,158,600,,,,,34918,10,3130,40,,,,,,,,,,,,
megamillions,2011-02-04,$12 Million,$7.4 Million,,,,,5,250000,1,1,,,,,1093,150,113,600,,,,,22258,10,2217,40,,,,,,,,,,,,
megamillions,2011-02-08,$19 Million,$11.7 Million,,,,,9,250000,1,1,,,,,1064,150,127,300,,,,,20691,10,2163,20,,,,,,,,,,,,
megamillions,2011-02-11,$30 Million,$18.5 Million,,,,,7,250000,0,1,,,,,1403,150,150,300,,,,,28909,10,2946,20,,,,,,,,,,,,
megamillions,2011-02-15,$40 Million,$24.7 Million,,,,,2,250000,0,1,,,,,1353,150,104,600,,,,,25709,10,2476,40,,,,,,,,,,,,
megamillions,2011-02-18,$52 Million,$32.1 Million,,,,,7,250000,1,1,,,,,1772,150,174,450,,,,,26038,10,2495,30,,,,,,,,,,,,
megamillions,2011-02-22,$64 Million,$39.8 Million,,,,,6,250000,0,1,,,,,1161,150,126,600,,,,,24837,10,2571,40,,,,,,,,,,,,
megamillions,2011-02-25,$76 Million,$47.8 Million,,,,,7,250000,0,1,,,,,2502,150,240,600,,,,,40096,10,3883,40,,,,,,,,,,,,
megamillions,2011-03-01,$88 Million,$55.4 Million,,,,,8,250000,1,1,,,,,2111,150,203,450,,,,,41362,10,4167,30,,,,,,,,,,,,
megamillions,2011-03-04,$105 Million,$65.6 Million,,,,,9,250000,0,1,,,,,2757,150,245,600,,,,,52946,10,4469,40,,,,,,,,,,,,
megamillions,2011-03-08,$127 Million,$79.3 Million,,,,,7,250000,1,1,,,,,2401,150,200,600,,,,,46810,10,3934,40,,,,,,,,,,,,
megamillions,2011-03-11,$151 Million,$95.6 Million,,,,,11,250000,0,1,,,,,2722,150,204,300,,,,,53614,10,4163,20,,,,,,,,,,,,
megamillions,2011-03-15,$172 Million,$109.8 Million,,,,,18,250000,2,1,,,,,3685,150,295,600,,,,,56428,10,4111,40,,,,,,,,,,,,
megamillions,2011-03-18,$201 Million,$128.2 Million,,,,,12,250000,1,1,,,,,3777,150,267,600,,,,,71808,10,4943,40,,,,,,,,,,,,
megamillions,2011-03-22,$244 Million,$155.4 Million,,,,,26,250000,3,1,,,,,4890,150,315,600,,,,,87642,10,5476,40,,,,,,,,,,,,
megamillions,2011-03-25,$319 Million,$198.3 Million,,,,,32,250000,2,1,,,,,8455,150,467,600,,,,,166816,10,10233,40,,,,,,,,,,,,
megamillions,2011-03-29,$12 Million,$7.5 Million,,,,,2,250000,0,1,,,,,1407,150,117,600,,,,,20752,10,1990,40,,,,,,,,,,,,
megamillions,2011-04-01,$19 Million,$11.8 Million,,,,,5,250000,0,1,,,,,1314,150,99,450,,,,,25953,10,2444,30,,,,,,,,,,,,
megamillions,2011-04-05,$30 Million,$18.7 Million,,,,,6,250000,0,1,,,,,1365,150,152,300,,,,,29389,10,2838,20,,,,,,,,,,,,
megamillions,2011-04-08,$44 Million,$27.1 Million,,,,,4,250000,0,1,,,,,1347,150,110,450,,,,,28087,10,2649,30,,,,,,,,,,,,
megamillions,2011-04-12,$58 Million,$36.0 Million,,,,,5,250000,0,1,,,,,1537,150,147,300,,,,,29084,10,2693,20,,,,,,,,,,,,
megamillions,2011-04-15,$72 Million,$45.1 Million,,,,,7,250000,2,1,,,,,1693,150,137,450,,,,,31877,10,2662,30,,,,,,,,,,,,
megamillions,2011-04-19,$12 Million,$7.5 Million,,,,,4,250000,0,1,,,,,1013,150,92,600,,,,,19056,10,1734,40,,,,,,,,,,,,
megamillions,2011-04-22,$19 Million,$11.9 Million,,,,,7,250000,1,1,,,,,1127,150,118,450,,,,,23078,10,2187,30,,,,,,,,,,,,
megamillions,2011-04-26,$29 Million,$18.3 Million,,,,,3,250000,0,1,,,,,1130,150,88,450,,,,,21600,10,1917,30,,,,,,,,,,,,
megamillions,2011-04-29,$40 Million,$25.3 Million,,,,,7,250000,0,1,,,,,1493,150,133,600,,,,,31175,10,3071,40,,,,,,,,,,,,
megamillions,2011-05-03,$51 Million,$32.5 Million,,,,,5,250000,0,1,,,,,1318,150,111,300,,,,,26121,10,2387,20,,,,,,,,,,,,
megamillions,2011-05-06,$12 Million,$7.7 Million,,,,,8,250000,0,1,,,,,1107,150,98,450,,,,,24372,10,2294,30,,,,,,,,,,,,
megamillions,2011-05-10,$18 Million,$11.5 Million,,,,,1,250000,0,1,,,,,935,150,85,600,,,,,17839,10,1714,40,,,,,,,,,,,,
megamillions,2011-05-13,$27 Million,$17.4 Million,,,,,7,250000,2,1,,,,,1163,150,95,600,,,,,23946,10,2175,40,,,,,,,,,,,,
megamillions,2011-05-17,$12 Million,$7.7 Million,,,,,2,250000,1,1,,,,,1125,150,97,600,,,,,18061,10,1706,40,,,,,,,,,,,,
megamillions,2011-05-20,$16 Million,$10.3 Million,,,,,2,250000,0,1,,,,,1139,150,115,600,,,,,21920,10,2188,40,,,,,,,,,,,,
megamillions,2011-05-24,$26 Million,$16.8 Million,,,,,3,250000,0,1,,,,,1185,150,112,450,,,,,19314,10,1804,30,,,,,,,,,,,,
megamillions,2011-05-27,$35 Million,$22.8 Million,,,,,5,250000,0,1,,,,,1535,150,155,600,,,,,28657,10,2789,40,,,,,,,,,,,,
megamillions,2011-05-31,$12 Million,$7.8 Million,,,,,2,250000,1,1,,,,,743,150,66,450,,,,,17447,10,1819,30,,,,,,,,,,,,
megamillions,2011-06-03,$15 Million,$9.8 Million,,,,,3,250000,0,1,,,,,960,150,85,450,,,,,18265,10,1783,30,,,,,,,,,,,,
megamillions,2011-06-07,$24 Million,$15.6 Million,,,,,3,250000,1,1,,,,,964,150,76,600,,,,,19500,10,1815,40,,,,,,,,,,,,
megamillions,2011-06-10,$33 Million,$21.7 Million,,,,,4,250000,0,1,,,,,1169,150,128,450,,,,,28336,10,2839,30,,,,,,,,,,,,
megamillions,2011-06-14,$42 Million,$27.4 Million,,,,,7,250000,0,1,,,,,1188,150,138,600,,,,,23572,10,2285,40,,,,,,,,,,,,
megamillions,2011-06-17,$53 Million,$35.0 Million,,,,,3,250000,0,1,,,,,1289,150,117,600,,,,,24432,10,2195,40,,,,,,,,,,,,
megamillions,2011-06-21,$64 Million,$42.1 Million,,,,,5,250000,0,1,,,,,1465,150,116,450,,,,,28920,10,2643,30,,,,,,,,,,,,
megamillions,2011-06-24,$76 Million,$50.3 Million,,,,,2,250000,0,1,,,,,1379,150,105,450,,,,,28217,10,2500,30,,,,,,,,,,,,
megamillions,2011-06-28,$88 Million,$57.7 Million,,,,,4,250000,1,1,,,,,1651,150,142,600,,,,,29264,10,2560,40,,,,,,,,,,,,
megamillions,2011-07-01,$105 Million,$67.1 Million,,,,,9,250000,1,1,,,,,2339,150,187,600,,,,,42167,10,3533,40,,,,,,,,,,,,
megamillions,2011-07-05,$12 Million,$7.6 Million,,,,,2,250000,0,1,,,,,1113,150,115,300,,,,,21308,10,2239,20,,,,,,,,,,,,
megamillions,2011-07-08,$16 Million,$10.3 Million,,,,,5,250000,0,1,,,,,984,150,86,450,,,,,18491,10,1731,30,,,,,,,,,,,,
megamillions,2011-07-12,$24 Million,$15.7 Million,,,,,5,250000,1,1,,,,,1223,150,114,600,,,,,25785,10,2648,40,,,,,,,,,,,,
megamillions,2011-07-15,$33 Million,$21.4 Million,,,,,2,250000,1,1,,,,,1087,150,111,450,,,,,21845,10,2021,30,,,,,,,,,,,,
megamillions,2011-07-19,$43 Million,$27.9 Million,,,,,6,250000,0,1,,,,,1564,150,149,600,,,,,21927,10,2111,40,,,,,,,,,,,,
megamillions,2011-07-22,$53 Million,$34.4 Million,,,,,2,250000,0,1,,,,,1151,150,99,600,,,,,20864,10,1854,40,,,,,,,,,,,,
megamillions,2011-07-26,$63 Million,$40.9 Million,,,,,5,250000,1,1,,,,,1179,150,111,450,,,,,23576,10,2118,30,,,,,,,,,,,,
megamillions,2011-07-29,$74 Million,$48.5 Million,,,,,4,250000,0,1,,,,,1551,150,148,600,,,,,26911,10,2291,40,,,,,,,,,,,,
megamillions,2011-08-02,$85 Million,$56.7 Million,,,,,8,250000,1,1,,,,,1807,150,174,600,,,,,32327,10,2968,40,,,,,,,,,,,,
megamillions,2011-08-05,$99 Million,$68.1 Million,,,,,6,250000,0,1,,,,,3540,150,275,450,,,,,37336,10,2964,30,,,,,,,,,,,,
megamillions,2011-08-09,$12 Million,$8.2 Million,,,,,1,250000,0,1,,,,,974,150,100,600,,,,,19235,10,1836,40,,,,,,,,,,,,
megamillions,2011-08-12,$16 Million,$11.1 Million,,,,,6,250000,1,1,,,,,963,150,81,600,,,,,19503,10,1848,40,,,,,,,,,,,,
megamillions,2011-08-16,$24 Million,$16.7 Million,,,,,6,250000,0,1,,,,,968,150,83,600,,,,,18453,10,1747,40,,,,,,,,,,,,
megamillions,2011-08-19,$32 Million,$22.9 Million,,,,,4,250000,0,1,,,,,1074,150,89,300,,,,,21540,10,2046,20,,,,,,,,,,,,
megamillions,2011-08-23,$12 Million,$8.5 Million,,,,,4,250000,0,1,,,,,882,150,90,450,,,,,18447,10,1863,30,,,,,,,,,,,,
megamillions,2011-08-26,$14 Million,$9.9 Million,,,,,3,250000,1,1,,,,,1092,150,98,450,,,,,20075,10,1983,30,,,,,,,,,,,,
megamillions,2011-08-30,$21 Million,$14.8 Million,,,,,3,250000,0,1,,,,,1016,150,99,600,,,,,19803,10,1927,40,,,,,,,,,,,,
megamillions,2011-09-02,$29 Million,$20.9 Million,,,,,1,250000,0,1,,,,,1003,150,87,450,,,,,19478,10,1811,30,,,,,,,,,,,,
megamillions,2011-09-06,$37 Million,$27.0 Million,,,,,5,250000,0,1,,,,,822,150,74,600,,,,,18639,10,1789,40,,,,,,,,,,,,
megamillions,2011-09-09,$44 Million,$31.9 Million,,,,,11,250000,2,1,,,,,2507,150,274,600,,,,,23667,10,2120,40,,,,,,,,,,,,
megamillions,2011-09-13,$54 Million,$39.2 Million,,,,,2,250000,0,1,,,,,1162,150,102,600,,,,,21024,10,1799,40,,,,,,,,,,,,
megamillions,2011-09-16,$65 Million,$46.6 Million,,,,,7,250000,0,1,,,,,1353,150,112,600,,,,,25927,10,2418,40,,,,,,,,,,,,
megamillions,2011-09-20,$75 Million,$54.8 Million,,,,,6,250000,0,1,,,,,1293,150,103,600,,,,,24972,10,2120,40,,,,,,,,,,,,
megamillions,2011-09-23,$86 Million,$64.8 Million,,,,,5,250000,0,1,,,,,1617,150,126,600,,,,,30174,10,2565,40,,,,,,,,,,,,
megamillions,2011-09-27,$96 Million,$70.2 Million,,,,,9,250000,2,1,,,,,1767,150,128,600,,,,,31962,10,2568,40,,,,,,,,,,,,
megamillions,2011-09-30,$113 Million,$83.7 Million,,,,,14,250000,1,1,,,,,2504,150,193,600,,,,,46383,10,3707,40,,,,,,,,,,,,
megamillions,2011-10-04,$12 Million,$9.0 Million,,,,,3,250000,0,1,,,,,913,150,79,450,,,,,19753,10,1971,30,,,,,,,,,,,,
megamillions,2011-10-07,$14 Million,$10.2 Million,,,,,3,250000,0,1,,,,,1480,150,147,600,,,,,25610,10,2568,40,,,,,,,,,,,,
megamillions,2011-10-11,$22 Million,$15.9 Million,,,,,1,250000,0,1,,,,,916,150,87,600,,,,,18122,10,1727,40,,,,,,,,,,,,
megamillions,2011-10-14,$30 Million,$21.3 Million,,,,,5,250000,0,1,,,,,1072,150,94,600,,,,,20714,10,1848,40,,,,,,,,,,,,
megamillions,2011-10-18,$39 Million,$28.2 Million,,,,,4,250000,0,1,,,,,993,150,80,300,,,,,18711,10,1673,20,,,,,,,,,,,,
megamillions,2011-10-21,$48 Million,$34.2 Million,,,,,5,250000,1,1,,,,,1226,150,105,450,,,,,25014,10,2297,30,,,,,,,,,,,,
megamillions,2011-10-25,$57 Million,$40.8 Million,,,,,6,250000,0,1,,,,,1205,150,116,600,,,,,23438,10,2084,40,,,,,,,,,,,,
megamillions,2011-10-28,$67 Million,$47.1 Million,,,,,7,250000,1,1,,,,,1328,150,104,600,,,,,22489,10,1951,40,,,,,,,,,,,,
megamillions,2011-11-01,$78 Million,$57.1 Million,,,,,7,250000,1,1,,,,,1272,150,106,450,,,,,26173,10,2262,30,,,,,,,,,,,,
megamillions,2011-11-04,$12 Million,$8.7 Million,,,,,5,250000,0,1,,,,,1038,150,95,600,,,,,18829,10,1753,40,,,,,,,,,,,,
megamillions,2011-11-08,$15 Million,$10.9 Million,,,,,3,250000,1,1,,,,,898,150,87,600,,,,,18477,10,1765,40,,,,,,,,,,,,
megamillions,2011-11-11,$22 Million,$16.0 Million,,,,,7,250000,0,1,,,,,1354,150,135,600,,,,,25198,10,2307,40,,,,,,,,,,,,
megamillions,2011-11-15,$30 Million,$21.9 Million,,,,,6,250000,0,1,,,,,1475,150,137,600,,,,,23685,10,2308,40,,,,,,,,,,,,
megamillions,2011-11-18,$40 Million,$29.4 Million,,,,,5,250000,1,1,,,,,1171,150,105,600,,,,,23519,10,2285,40,,,,,,,,,,,,
megamillions,2011-11-22,$47 Million,$34.8 Million,,,,,4,250000,0,1,,,,,1326,150,123,300,,,,,20874,10,1974,20,,,,,,,,,,,,
megamillions,2011-11-25,$55 Million,$40.8 Million,,,,,2,250000,0,1,,,,,1054,150,86,450,,,,,19187,10,1757,30,,,,,,,,,,,,
megamillions,2011-11-29,$64 Million,$47.3 Million,,,,,4,250000,1,1,,,,,1286,150,108,600,,,,,24618,10,2257,40,,,,,,,,,,,,
megamillions,2011-12-02,$75 Million,$54.6 Million,,,,,6,250000,0,1,,,,,1404,150,120,600,,,,,25487,10,2209,40,,,,,,,,,,,,
megamillions,2011-12-06,$87 Million,$63.7 Million,,,,,10,250000,2,1,,,,,1974,150,186,600,,,,,28295,10,2383,40,,,,,,,,,,,,
megamillions,2011-12-09,$100 Million,$73.6 Million,,,,,9,250000,0,1,,,,,2068,150,179,600,,,,,38351,10,2889,40,,,,,,,,,,,,
megamillions,2011-12-13,$116 Million,$84.9 Million,,,,,8,250000,0,1,,,,,2370,150,162,600,,,,,46150,10,3693,40,,,,,,,,,,,,
megamillions,2011-12-16,$135 Million,$100.8 Million,,,,,13,250000,0,1,,,,,2619,150,221,450,,,,,51492,10,3852,30,,,,,,,,,,,,
megamillions,2011-12-20,$152 Million,$113.8 Million,,,,,9,250000,1,1,,,,,2729,150,198,600,,,,,52037,10,3574,40,,,,,,,,,,,,
megamillions,2011-12-23,$173 Million,$127.5 Million,,,,,31,250000,2,1,,,,,5877,150,498,600,,,,,73179,10,5027,40,,,,,,,,,,,,
megamillions,2011-12-27,$206 Million,$151.8 Million,,,,,16,250000,3,1,,,,,4456,150,241,450,,,,,80253,10,4942,30,,,,,,,,,,,,
megamillions,2011-12-30,$12 Million,$8.9 Million,,,,,1,250000,0,1,,,,,1165,150,106,600,,,,,21536,10,1952,40,,,,,,,,,,,,
megamillions,2012-01-03,$15 Million,$11.0 Million,,,,,6,250000,0,1,,,,,1298,150,129,300,,,,,24077,10,2531,20,,,,,,,,,,,,
megamillions,2012-01-06,$25 Million,$18.3 Million,,,,,7,250000,1,1,,,,,1303,150,116,300,,,,,22506,10,2114,20,,,,,,,,,,,,
megamillions,2012-01-10,$33 Million,$24.1 Million,,,,,3,250000,1,1,,,,,1225,150,128,450,,,,,20747,10,1925,30,,,,,,,,,,,,
megamillions,2012-01-13,$42 Million,$31.2 Million,,,,,1,250000,0,1,,,,,1336,150,122,450,,,,,26611,10,2560,30,,,,,,,,,,,,
megamillions,2012-01-17,$50 Million,$37.1 Million,,,,,5,250000,0,1,,,,,1180,150,84,300,,,,,24563,10,2182,20,,,,,,,,,,,,
megamillions,2012-01-20,$60 Million,$43.8 Million,,,,,8,250000,0,1,,,,,1416,150,113,300,,,,,30155,10,2620,20,,,,,,,,,,,,
megamillions,2012-01-24,$71 Million,$51.5 Million,,,,,10,250000,1,1,,,,,1372,150,119,600,,,,,25833,10,2129,40,,,,,,,,,,,,
megamillions,2012-01-27,$12 Million,$8.8 Million,,,,,8,250000,0,1,,,,,1087,150,91,600,,,,,23252,10,2268,40,,,,,,,,,,,,
megamillions,2012-01-31,$15 Million,$11.1 Million,,,,,5,250000,0,1,,,,,1169,150,117,450,,,,,24192,10,2401,30,,,,,,,,,,,,
megamillions,2012-02-03,$23 Million,$16.8 Million,,,,,1,250000,0,1,,,,,1291,150,142,600,,,,,23211,10,2302,40,,,,,,,,,,,,
megamillions,2012-02-07,$32 Million,$23.4 Million,,,,,9,250000,0,1,,,,,1221,150,85,600,,,,,22948,10,2127,40,,,,,,,,,,,,
megamillions,2012-02-10,$41 Million,$30.0 Million,,,,,9,250000,1,1,,,,,1432,150,113,600,,,,,28062,10,2630,40,,,,,,,,,,,,
megamillions,2012-02-14,$51 Million,$37.4 Million,,,,,10,250000,2,1,,,,,2482,150,279,300,,,,,33796,10,3348,20,,,,,,,,,,,,
megamillions,2012-02-17,$61 Million,$44.4 Million,,,,,6,250000,2,1,,,,,1431,150,129,450,,,,,27725,10,2484,30,,,,,,,,,,,,
megamillions,2012-02-21,$72 Million,$52.4 Million,,,,,2,250000,0,1,,,,,1310,150,106,450,,,,,24230,10,2066,30,,,,,,,,,,,,
megamillions,2012-02-24,$83 Million,$60.8 Million,,,,,8,250000,0,1,,,,,2299,150,199,600,,,,,35708,10,3051,40,,,,,,,,,,,,
megamillions,2012-02-28,$94 Million,$69.5 Million,,,,,4,250000,1,1,,,,,1727,150,142,450,,,,,31748,10,2565,30,,,,,,,,,,,,
megamillions,2012-03-02,$108 Million,$79.2 Million,,,,,13,250000,1,1,,,,,2144,150,168,300,,,,,42661,10,3218,20,,,,,,,,,,,,
megamillions,2012-03-06,$127 Million,$93.5 Million,,,,,7,250000,1,1,,,,,2511,150,172,600,,,,,44353,10,3106,40,,,,,,,,,,,,
megamillions,2012-03-09,$148 Million,$107.9 Million,,,,,14,250000,0,1,,,,,3180,150,218,600,,,,,62427,10,4482,40,,,,,,,,,,,,
megamillions,2012-03-13,$171 Million,$124.3 Million,,,,,9,250000,0,1,,,,,3080,150,215,450,,,,,57477,10,3995,30,,,,,,,,,,,,
megamillions,2012-03-16,$200 Million,$141.8 Million,,,,,7,250000,0,1,,,,,3863,150,229,450,,,,,79596,10,5142,30,,,,,,,,,,,,
megamillions,2012-03-20,$241 Million,$170.8 Million,,,,,68,250000,2,1,,,,,9851,150,751,600,,,,,103795,10,6942,40,,,,,,,,,,,,
megamillions,2012-03-23,$290 Million,$207.8 Million,,,,,39,250000,2,1,,,,,9013,150,553,600,,,,,142733,10,8052,40,,,,,,,,,,,,
megamillions,2012-03-27,$363 Million,$260.4 Million,,,,,47,250000,4,1,,,,,11568,150,617,450,,,,,220642,10,11858,30,,,,,,,,,,,,
megamillions,2012-03-30,$640 Million,$462.0 Million,,,,,161,250000,3,1,,,,,40423,150,2136,450,,,,,780589,10,42157,30,,,,,,,,,,,,
megamillions,2012-04-03,$12 Million,$8.5 Million,,,,,2,250000,1,1,,,,,1429,150,126,600,,,,,24442,10,1973,40,,,,,,,,,,,,
megamillions,2012-04-06,$20 Million,$14.4 Million,,,,,9,250000,1,1,,,,,1632,150,165,600,,,,,27354,10,2487,40,,,,,,,,,,,,
megamillions,2012-04-10,$31 Million,$22.5 Million,,,,,9,250000,6,1,,,,,1850,150,191,600,,,,,33457,10,3244,40,,,,,,,,,,,,
megamillions,2012-04-13,$42 Million,$30.6 Million,,,,,6,250000,0,1,,,,,1982,150,177,600,,,,,30362,10,2844,40,,,,,,,,,,,,
megamillions,2012-04-17,$53 Million,$38.6 Million,,,,,8,250000,0,1,,,,,2049,150,178,600,,,,,28401,10,2599,40,,,,,,,,,,,,
megamillions,2012-04-20,$65 Million,$47.4 Million,,,,,8,250000,0,1,,,,,1804,150,127,450,,,,,28871,10,2396,30,,,,,,,,,,,,
megamillions,2012-04-24,$76 Million,$55.8 Million,,,,,2,250000,1,1,,,,,1707,150,162,600,,,,,29534,10,2553,40,,,,,,,,,,,,
megamillions,2012-04-27,$88 Million,$64.6 Million,,,,,8,250000,0,1,,,,,1743,150,150,600,,,,,31603,10,2501,40,,,,,,,,,,,,
megamillions,2012-05-01,$102 Million,$75.1 Million,,,,,6,250000,0,1,,,,,2110,150,196,600,,,,,34752,10,2704,40,,,,,,,,,,,,
megamillions,2012-05-04,$118 Million,$86.9 Million,,,,,9,250000,0,1,,,,,2503,150,201,600,,,,,40766,10,3138,40,,,,,,,,,,,,
megamillions,2012-05-08,$12 Million,$8.9 Million,,,,,7,250000,0,1,,,,,1623,150,145,450,,,,,28471,10,2940,30,,,,,,,,,,,,
megamillions,2012-05-11,$16 Million,$11.9 Million,,,,,5,250000,0,1,,,,,1294,150,107,600,,,,,26679,10,2616,40,,,,,,,,,,,,
megamillions,2012-05-15,$25 Million,$18.7 Million,,,,,8,250000,3,1,,,,,2575,150,286,600,,,,,30248,10,2995,40,,,,,,,,,,,,
megamillions,2012-05-18,$12 Million,$9.1 Million,,,,,2,250000,0,1,,,,,1321,150,132,600,,,,,22811,10,2182,40,,,,,,,,,,,,
megamillions,2012-05-22,$16 Million,$12.0 Million,,,,,0,250000,0,1,,,,,984,150,76,300,,,,,19372,10,1920,20,,,,,,,,,,,,
megamillions,2012-05-25,$24 Million,$18.1 Million,,,,,6,250000,3,1,,,,,1203,150,119,600,,,,,25978,10,2488,40,,,,,,,,,,,,
megamillions,2012-05-29,$32 Million,$24.2 Million,,,,,4,250000,0,1,,,,,965,150,92,450,,,,,18692,10,1858,30,,,,,,,,,,,,
megamillions,2012-06-01,$12 Million,$9.3 Million,,,,,6,250000,0,1,,,,,1175,150,111,450,,,,,18701,10,1737,30,,,,,,,,,,,,
megamillions,2012-06-05,$14 Million,$10.8 Million,,,,,3,250000,1,1,,,,,908,150,95,450,,,,,17515,10,1656,30,,,,,,,,,,,,
megamillions,2012-06-08,$22 Million,$16.9 Million,,,,,5,250000,0,1,,,,,1099,150,116,450,,,,,23610,10,2176,30,,,,,,,,,,,,
megamillions,2012-06-12,$30 Million,$22.9 Million,,,,,2,250000,0,1,,,,,1187,150,120,600,,,,,19668,10,1792,40,,,,,,,,,,,,
megamillions,2012-06-15,$39 Million,$30.0 Million,,,,,6,250000,0,1,,,,,1601,150,165,450,,,,,28018,10,2776,30,,,,,,,,,,,,
megamillions,2012-06-19,$47 Million,$36.1 Million,,,,,5,250000,0,1,,,,,1225,150,124,300,,,,,27459,10,2882,20,,,,,,,,,,,,
megamillions,2012-06-22,$55 Million,$42.1 Million,,,,,5,250000,0,1,,,,,1420,150,130,450,,,,,28691,10,2724,30,,,,,,,,,,,,
megamillions,2012-06-26,$65 Million,$49.8 Million,,,,,4,250000,2,1,,,,,1503,150,137,600,,,,,26522,10,2288,40,,,,,,,,,,,,
megamillions,2012-06-29,$75 Million,$57.3 Million,,,,,4,250000,0,1,,,,,1320,150,111,600,,,,,24751,10,2080,40,,,,,,,,,,,,
megamillions,2012-07-03,$86 Million,$65.6 Million,,,,,4,250000,0,1,,,,,1608,150,129,600,,,,,27420,10,2291,40,,,,,,,,,,,,
megamillions,2012-07-06,$12 Million,$9.2 Million,,,,,5,250000,0,1,,,,,1013,150,80,450,,,,,20647,10,1994,30,,,,,,,,,,,,
megamillions,2012-07-10,$14 Million,$10.7 Million,,,,,10,250000,0,1,,,,,1746,150,188,600,,,,,25295,10,2734,40,,,,,,,,,,,,
megamillions,2012-07-13,$21 Million,$16.2 Million,,,,,7,250000,1,1,,,,,1616,150,147,300,,,,,21194,10,1986,20,,,,,,,,,,,,
megamillions,2012-07-17,$28 Million,$21.7 Million,,,,,2,250000,0,1,,,,,986,150,86,600,,,,,21870,10,2221,40,,,,,,,,,,,,
megamillions,2012-07-20,$37 Million,$28.7 Million,,,,,3,250000,1,1,,,,,1065,150,97,450,,,,,20566,10,1894,30,,,,,,,,,,,,
megamillions,2012-07-24,$45 Million,$35.1 Million,,,,,3,250000,0,1,,,,,1130,150,101,600,,,,,23426,10,2268,40,,,,,,,,,,,,
megamillions,2012-07-27,$52 Million,$40.4 Million,,,,,5,250000,0,1,,,,,2391,150,252,450,,,,,30087,10,2783,30,,,,,,,,,,,,
megamillions,2012-07-31,$12 Million,$9.3 Million,,,,,2,250000,0,1,,,,,1121,150,102,450,,,,,17731,10,1625,30,,,,,,,,,,,,
megamillions,2012-08-03,$13 Million,$10.0 Million,,,,,3,250000,1,1,,,,,1112,150,125,450,,,,,22422,10,2186,30,,,,,,,,,,,,
megamillions,2012-08-07,$21 Million,$16.0 Million,,,,,1,250000,0,1,,,,,894,150,79,600,,,,,20564,10,1976,40,,,,,,,,,,,,
megamillions,2012-08-10,$29 Million,$22.1 Million,,,,,5,250000,0,1,,,,,1131,150,108,600,,,,,24849,10,2391,40,,,,,,,,,,,,
megamillions,2012-08-14,$36 Million,$27.3 Million,,,,,1,250000,0,1,,,,,1121,150,91,600,,,,,19431,10,1791,40,,,,,,,,,,,,
megamillions,2012-08-17,$45 Million,$33.7 Million,,,,,4,250000,0,1,,,,,1251,150,116,450,,,,,26238,10,2427,30,,,,,,,,,,,,
megamillions,2012-08-21,$55 Million,$41.1 Million,,,,,7,250000,2,1,,,,,1703,150,146,300,,,,,26776,10,2534,20,,,,,,,,,,,,
megamillions,2012-08-24,$65 Million,$49.6 Million,,,,,2,250000,0,1,,,,,1187,150,95,300,,,,,22512,10,1912,20,,,,,,,,,,,,
megamillions,2012-08-28,$73 Million,$55.7 Million,,,,,4,250000,0,1,,,,,1308,150,94,600,,,,,23070,10,1848,40,,,,,,,,,,,,
megamillions,2012-08-31,$83 Million,$63.7 Million,,,,,8,250000,0,1,,,,,1430,150,114,450,,,,,25906,10,2003,30,,,,,,,,,,,,
megamillions,2012-09-04,$93 Million,$71.7 Million,,,,,5,250000,1,1,,,,,1436,150,91,450,,,,,26397,10,2037,30,,,,,,,,,,,,
megamillions,2012-09-07,$105 Million,$80.6 Million,,,,,6,250000,0,1,,,,,2042,150,142,600,,,,,34117,10,2357,40,,,,,,,,,,,,
megamillions,2012-09-11,$120 Million,$91.3 Million,,,,,6,250000,0,1,,,,,2321,150,171,450,,,,,56086,10,4253,30,,,,,,,,,,,,
megamillions,2012-09-14,$12 Million,$8.9 Million,,,,,4,250000,0,1,,,,,1122,150,100,600,,,,,21373,10,1949,40,,,,,,,,,,,,
megamillions,2012-09-18,$15 Million,$11.2 Million,,,,,5,250000,0,1,,,,,1124,150,117,450,,,,,19669,10,1946,30,,,,,,,,,,,,
megamillions,2012-09-21,$12 Million,$9.0 Million,,,,,4,250000,0,1,,,,,917,150,92,600,,,,,18356,10,1729,40,,,,,,,,,,,,
megamillions,2012-09-25,$14 Million,$10.6 Million,,,,,7,250000,0,1,,,,,941,150,74,450,,,,,20377,10,2025,30,,,,,,,,,,,,
megamillions,2012-09-28,$21 Million,$16.1 Million,,,,,3,250000,1,1,,,,,1032,150,104,600,,,,,22573,10,2200,40,,,,,,,,,,,,
megamillions,2012-10-02,$28 Million,$21.2 Million,,,,,3,250000,1,1,,,,,981,150,79,600,,,,,23522,10,2270,40,,,,,,,,,,,,
megamillions,2012-10-05,$36 Million,$27.0 Million,,,,,7,250000,0,1,,,,,1327,150,115,450,,,,,23648,10,2199,30,,,,,,,,,,,,
megamillions,2012-10-09,$45 Million,$33.7 Million,,,,,4,250000,0,1,,,,,1243,150,117,600,,,,,23451,10,2208,40,,,,,,,,,,,,
megamillions,2012-10-12,$53 Million,$40.2 Million,,,,,8,250000,1,1,,,,,1452,150,126,600,,,,,26173,10,2218,40,,,,,,,,,,,,
megamillions,2012-10-16,$61 Million,$46.0 Million,,,,,1,250000,0,1,,,,,1092,150,96,600,,,,,20410,10,1688,40,,,,,,,,,,,,
megamillions,2012-10-19,$12 Million,$8.9 Million,,,,,2,250000,0,1,,,,,1373,150,157,450,,,,,16189,10,1476,30,,,,,,,,,,,,
megamillions,2012-10-23,$13 Million,$9.7 Million,,,,,1,250000,0,1,,,,,781,150,70,300,,,,,15849,10,1405,20,,,,,,,,,,,,
megamillions,2012-10-26,$21 Million,$15.7 Million,,,,,4,250000,0,1,,,,,1188,150,91,300,,,,,19206,10,1663,20,,,,,,,,,,,,
megamillions,2012-10-30,$27 Million,$20.3 Million,,,,,5,250000,0,1,,,,,994,150,120,600,,,,,15884,10,1494,40,,,,,,,,,,,,
megamillions,2012-11-02,$32 Million,$24.0 Million,,,,,4,250000,2,1,,,,,1353,150,119,450,,,,,21989,10,2066,30,,,,,,,,,,,,
megamillions,2012-11-06,$12 Million,$9.0 Million,,,,,6,250000,1,1,,,,,1049,150,114,450,,,,,23057,10,2262,30,,,,,,,,,,,,
megamillions,2012-11-09,$13 Million,$9.9 Million,,,,,7,250000,1,1,,,,,952,150,80,600,,,,,20695,10,1802,40,,,,,,,,,,,,
megamillions,2012-11-13,$19 Million,$14.6 Million,,,,,4,250000,1,1,,,,,925,150,87,300,,,,,16363,10,1531,20,,,,,,,,,,,,
megamillions,2012-11-16,$26 Million,$20.0 Million,,,,,4,250000,1,1,,,,,1100,150,96,600,,,,,20007,10,1806,40,,,,,,,,,,,,
megamillions,2012-11-20,$33 Million,$25.2 Million,,,,,6,250000,2,1,,,,,1129,150,87,600,,,,,18750,10,1660,40,,,,,,,,,,,,
megamillions,2012-11-23,$41 Million,$31.2 Million,,,,,3,250000,0,1,,,,,874,150,81,600,,,,,20006,10,1877,40,,,,,,,,,,,,
megamillions,2012-11-27,$49 Million,$37.4 Million,,,,,5,250000,1,1,,,,,1543,150,125,600,,,,,28878,10,2497,40,,,,,,,,,,,,
megamillions,2012-11-30,$12 Million,$9.2 Million,,,,,7,250000,0,1,,,,,1464,150,147,450,,,,,21000,10,1798,30,,,,,,,,,,,,
megamillions,2012-12-04,$13 Million,$9.9 Million,,,,,4,250000,0,1,,,,,1026,150,109,600,,,,,17226,10,1571,40,,,,,,,,,,,,
megamillions,2012-12-07,$20 Million,$15.3 Million,,,,,4,250000,0,1,,,,,844,150,82,450,,,,,17857,10,1681,30,,,,,,,,,,,,
megamillions,2012-12-11,$27 Million,$20.6 Million,,,,,1,250000,1,1,,,,,1020,150,105,600,,,,,17137,10,1597,40,,,,,,,,,,,,
megamillions,2012-12-14,$35 Million,$26.6 Million,,,,,2,250000,0,1,,,,,1040,150,93,600,,,,,18658,10,1603,40,,,,,,,,,,,,
megamillions,2012-12-18,$12 Million,$9.0 Million,,,,,9,250000,1,1,,,,,1718,150,195,450,,,,,19863,10,1991,30,,,,,,,,,,,,
megamillions,2012-12-21,$12 Million,$9.0 Million,,,,,1,250000,1,1,,,,,868,150,85,450,,,,,18575,10,1801,30,,,,,,,,,,,,
megamillions,2012-12-25,$18 Million,$13.6 Million,,,,,1,250000,0,1,,,,,761,150,64,600,,,,,17953,10,1802,40,,,,,,,,,,,,
megamillions,2012-12-28,$25 Million,$19.0 Million,,,,,5,250000,0,1,,,,,975,150,89,600,,,,,16456,10,1551,40,,,,,,,,,,,,
megamillions,2013-01-01,$30 Million,$22.6 Million,,,,,4,250000,0,1,,,,,1355,150,123,600,,,,,20849,10,2212,40,,,,,,,,,,,,
megamillions,2013-01-04,$39 Million,$28.7 Million,,,,,4,250000,2,1,,,,,1072,150,92,600,,,,,18040,10,1590,40,,,,,,,,,,,,
megamillions,2013-01-08,$47 Million,$34.8 Million,,,,,5,250000,1,1,,,,,1044,150,96,600,,,,,21624,10,1964,40,,,,,,,,,,,,
megamillions,2013-01-11,$55 Million,$40.6 Million,,,,,3,250000,0,1,,,,,1011,150,95,600,,,,,19664,10,1714,40,,,,,,,,,,,,
megamillions,2013-01-15,$62 Million,$46.3 Million,,,,,6,250000,0,1,,,,,1725,150,151,600,,,,,24682,10,2271,40,,,,,,,,,,,,
megamillions,2013-01-18,$70 Million,$52.0 Million,,,,,8,250000,0,1,,,,,1333,150,114,450,,,,,23833,10,2016,30,,,,,,,,,,,,
megamillions,2013-01-22,$80 Million,$59.4 Million,,,,,5,250000,0,1,,,,,1235,150,99,450,,,,,29589,10,2696,30,,,,,,,,,,,,
megamillions,2013-01-25,$89 Million,$65.7 Million,,,,,4,250000,0,1,,,,,1725,150,171,600,,,,,27245,10,2162,40,,,,,,,,,,,,
megamillions,2013-01-29,$12 Million,$8.8 Million,,,,,2,250000,1,1,,,,,908,150,80,450,,,,,18881,10,1843,30,,,,,,,,,,,,
megamillions,2013-02-01,$13 Million,$9.5 Million,,,,,2,250000,0,1,,,,,869,150,89,450,,,,,18053,10,1740,30,,,,,,,,,,,,
megamillions,2013-02-05,$19 Million,$13.8 Million,,,,,3,250000,0,1,,,,,1454,150,142,600,,,,,18867,10,1841,40,,,,,,,,,,,,
megamillions,2013-02-08,$12 Million,$8.7 Million,,,,,5,250000,2,1,,,,,853,150,74,600,,,,,19864,10,2071,40,,,,,,,,,,,,
megamillions,2013-02-12,$13 Million,$9.5 Million,,,,,1,250000,0,1,,,,,868,150,98,450,,,,,15640,10,1518,30,,,,,,,,,,,,
megamillions,2013-02-15,$20 Million,$14.6 Million,,,,,2,250000,0,1,,,,,879,150,86,600,,,,,15925,10,1509,40,,,,,,,,,,,,
megamillions,2013-02-19,$26 Million,$19.0 Million,,,,,6,250000,1,1,,,,,961,150,99,450,,,,,18549,10,1802,30,,,,,,,,,,,,
megamillions,2013-02-22,$12 Million,$8.8 Million,,,,,1,250000,0,1,,,,,890,150,81,450,,,,,17858,10,1839,30,,,,,,,,,,,,
megamillions,2013-02-26,$13 Million,$9.6 Million,,,,,2,250000,0,1,,,,,1058,150,120,600,,,,,23414,10,2549,40,,,,,,,,,,,,
megamillions,2013-03-01,$19 Million,$14.1 Million,,,,,2,250000,1,1,,,,,925,150,91,600,,,,,17801,10,1754,40,,,,,,,,,,,,
megamillions,2013-03-05,$26 Million,$19.2 Million,,,,,2,250000,0,1,,,,,896,150,80,450,,,,,16044,10,1450,30,,,,,,,,,,,,
megamillions,2013-03-08,$33 Million,$24.0 Million,,,,,2,250000,0,1,,,,,1163,150,101,600,,,,,19923,10,1794,40,,,,,,,,,,,,
megamillions,2013-03-12,$41 Million,$29.9 Million,,,,,4,250000,0,1,,,,,1991,150,197,600,,,,,20267,10,1976,40,,,,,,,,,,,,
megamillions,2013-03-15,$12 Million,$8.7 Million,,,,,6,250000,0,1,,,,,1524,150,179,300,,,,,24310,10,2585,20,,,,,,,,,,,,
megamillions,2013-03-19,$13 Million,$9.5 Million,,,,,5,250000,0,1,,,,,1265,150,130,450,,,,,17667,10,1832,30,,,,,,,,,,,,
megamillions,2013-03-22,$20 Million,$14.7 Million,,,,,3,250000,0,1,,,,,1021,150,107,600,,,,,17240,10,1501,40,,,,,,,,,,,,
megamillions,2013-03-26,$26 Million,$19.2 Million,,,,,2,250000,0,1,,,,,788,150,64,600,,,,,15808,10,1363,40,,,,,,,,,,,,
megamillions,2013-03-29,$34 Million,$25.2 Million,,,,,8,250000,0,1,,,,,1078,150,92,600,,,,,18979,10,1791,40,,,,,,,,,,,,
megamillions,2013-04-02,$42 Million,$31.0 Million,,,,,5,250000,0,1,,,,,1194,150,96,600,,,,,19010,10,1819,40,,,,,,,,,,,,
megamillions,2013-04-05,$50 Million,$37.7 Million,,,,,5,250000,0,1,,,,,1460,150,123,450,,,,,26280,10,2446,30,,,,,,,,,,,,
megamillions,2013-04-09,$56 Million,$42.2 Million,,,,,5,250000,0,1,,,,,1002,150,87,600,,,,,21084,10,1877,40,,,,,,,,,,,,
megamillions,2013-04-12,$66 Million,$49.5 Million,,,,,8,250000,2,1,,,,,2249,150,250,450,,,,,28690,10,2766,30,,,,,,,,,,,,
megamillions,2013-04-16,$74 Million,$55.8 Million,,,,,6,250000,1,1,,,,,1619,150,163,300,,,,,22534,10,1986,20,,,,,,,,,,,,
megamillions,2013-04-19,$83 Million,$62.7 Million,,,,,6,250000,1,1,,,,,2072,150,187,600,,,,,30290,10,2760,40,,,,,,,,,,,,
megamillions,2013-04-23,$92 Million,$69.6 Million,,,,,6,250000,0,1,,,,,1391,150,91,450,,,,,28902,10,2577,30,,,,,,,,,,,,
megamillions,2013-04-26,$103 Million,$78.0 Million,,,,,6,250000,1,1,,,,,1373,150,103,600,,,,,26574,10,2021,40,,,,,,,,,,,,
megamillions,2013-04-30,$114 Million,$86.6 Million,,,,,7,250000,2,1,,,,,1481,150,124,450,,,,,26938,10,2071,30,,,,,,,,,,,,
megamillions,2013-05-03,$126 Million,$95.0 Million,,,,,8,250000,0,1,,,,,1628,150,138,300,,,,,30667,10,2427,20,,,,,,,,,,,,
megamillions,2013-05-07,$139 Million,$104.0 Million,,,,,5,250000,1,1,,,,,2201,150,188,600,,,,,36895,10,3231,40,,,,,,,,,,,,
megamillions,2013-05-10,$154 Million,$114.8 Million,,,,,7,250000,0,1,,,,,2026,150,138,600,,,,,41514,10,3485,40,,,,,,,,,,,,
megamillions,2013-05-14,$170 Million,$126.1 Million,,,,,7,250000,0,1,,,,,3213,150,293,600,,,,,42205,10,3245,40,,,,,,,,,,,,
megamillions,2013-05-17,$190 Million,$140.6 Million,,,,,17,250000,0,1,,,,,3603,150,226,600,,,,,63808,10,4505,40,,,,,,,,,,,,
megamillions,2013-05-21,$12 Million,$8.8 Million,,,,,2,250000,0,1,,,,,1016,150,91,600,,,,,24020,10,2503,40,,,,,,,,,,,,
megamillions,2013-05-24,$15 Million,$11.0 Million,,,,,4,250000,0,1,,,,,1177,150,158,600,,,,,23306,10,2646,40,,,,,,,,,,,,
megamillions,2013-05-28,$23 Million,$16.8 Million,,,,,3,250000,0,1,,,,,984,150,96,600,,,,,17959,10,1815,40,,,,,,,,,,,,
megamillions,2013-05-31,$30 Million,$21.7 Million,,,,,9,250000,0,1,,,,,1041,150,106,450,,,,,22120,10,2304,30,,,,,,,,,,,,
megamillions,2013-06-04,$12 Million,$8.6 Million,,,,,1,250000,0,1,,,,,1546,150,208,450,,,,,23059,10,2713,30,,,,,,,,,,,,
megamillions,2013-06-07,$14 Million,$10.1 Million,,,,,5,250000,0,1,,,,,964,150,94,600,,,,,19424,10,2134,40,,,,,,,,,,,,
megamillions,2013-06-11,$21 Million,$15.0 Million,,,,,2,250000,1,1,,,,,854,150,94,600,,,,,16665,10,1786,40,,,,,,,,,,,,
megamillions,2013-06-14,$29 Million,$21.0 Million,,,,,6,250000,0,1,,,,,1077,150,109,600,,,,,21657,10,2195,40,,,,,,,,,,,,
megamillions,2013-06-18,$36 Million,$25.9 Million,,,,,2,250000,1,1,,,,,969,150,96,300,,,,,18059,10,1825,20,,,,,,,,,,,,
megamillions,2013-06-21,$44 Million,$31.1 Million,,,,,6,250000,0,1,,,,,1170,150,90,450,,,,,22199,10,2347,30,,,,,,,,,,,,
megamillions,2013-06-25,$52 Million,$36.4 Million,,,,,5,250000,1,1,,,,,1054,150,96,300,,,,,21165,10,2190,20,,,,,,,,,,,,
megamillions,2013-06-28,$61 Million,$42.7 Million,,,,,3,250000,0,1,,,,,1137,150,117,600,,,,,19646,10,1899,40,,,,,,,,,,,,
megamillions,2013-07-02,$70 Million,$49.0 Million,,,,,4,250000,0,1,,,,,1052,150,114,600,,,,,18330,10,1736,40,,,,,,,,,,,,
megamillions,2013-07-05,$79 Million,$54.2 Million,,,,,4,250000,0,1,,,,,1035,150,111,600,,,,,19293,10,1839,40,,,,,,,,,,,,
megamillions,2013-07-09,$12 Million,$8.2 Million,,,,,1,250000,0,1,,,,,794,150,80,300,,,,,15746,10,1651,20,,,,,,,,,,,,
megamillions,2013-07-12,$13 Million,$9.0 Million,,,,,3,250000,0,1,,,,,960,150,89,450,,,,,21153,10,2253,30,,,,,,,,,,,,
megamillions,2013-07-16,$20 Million,$13.9 Million,,,,,4,250000,0,1,,,,,815,150,93,300,,,,,17831,10,1891,20,,,,,,,,,,,,
megamillions,2013-07-19,$12 Million,$8.3 Million,,,,,2,250000,0,1,,,,,944,150,85,450,,,,,15816,10,1595,30,,,,,,,,,,,,
megamillions,2013-07-23,$13 Million,$9.0 Million,,,,,1,250000,0,1,,,,,685,150,82,450,,,,,13751,10,1376,30,,,,,,,,,,,,
megamillions,2013-07-26,$19 Million,$13.1 Million,,,,,2,250000,0,1,,,,,1007,150,105,600,,,,,19477,10,2157,40,,,,,,,,,,,,
megamillions,2013-07-30,$12 Million,$8.3 Million,,,,,0,250000,0,1,,,,,781,150,88,450,,,,,13725,10,1363,30,,,,,,,,,,,,
megamillions,2013-08-02,$13 Million,$8.9 Million,,,,,5,250000,0,1,,,,,1042,150,100,300,,,,,20485,10,2243,20,,,,,,,,,,,,
megamillions,2013-08-06,$20 Million,$13.7 Million,,,,,2,250000,0,1,,,,,873,150,87,450,,,,,16289,10,1537,30,,,,,,,,,,,,
megamillions,2013-08-09,$28 Million,$19.3 Million,,,,,1,250000,0,1,,,,,1037,150,117,450,,,,,21898,10,2213,30,,,,,,,,,,,,
megamillions,2013-08-13,$36 Million,$24.6 Million,,,,,3,250000,1,1,,,,,831,150,72,600,,,,,15262,10,1435,40,,,,,,,,,,,,
megamillions,2013-08-16,$43 Million,$29.2 Million,,,,,5,250000,0,1,,,,,1226,150,113,600,,,,,18751,10,1809,40,,,,,,,,,,,,
megamillions,2013-08-20,$51 Million,$34.5 Million,,,,,5,250000,0,1,,,,,1086,150,96,450,,,,,18365,10,1787,30,,,,,,,,,,,,
megamillions,2013-08-23,$60 Million,$40.4 Million,,,,,5,250000,1,1,,,,,1277,150,122,600,,,,,21775,10,2175,40,,,,,,,,,,,,
megamillions,2013-08-27,$69 Million,$47.2 Million,,,,,2,250000,0,1,,,,,1084,150,98,600,,,,,19145,10,1834,40,,,,,,,,,,,,
megamillions,2013-08-30,$77 Million,$52.7 Million,,,,,3,250000,0,1,,,,,1282,150,118,300,,,,,22307,10,2249,20,,,,,,,,,,,,
megamillions,2013-09-03,$85 Million,$57.9 Million,,,,,3,250000,0,1,,,,,1259,150,120,450,,,,,23641,10,2593,30,,,,,,,,,,,,
megamillions,2013-09-06,$95 Million,$64.3 Million,,,,,5,250000,1,1,,,,,1414,150,155,600,,,,,25781,10,2552,40,,,,,,,,,,,,
megamillions,2013-09-10,$106 Million,$71.4 Million,,,,,4,250000,0,1,,,,,1394,150,121,450,,,,,26200,10,2443,30,,,,,,,,,,,,
megamillions,2013-09-13,$119 Million,$80.7 Million,,,,,3,250000,0,1,,,,,1574,150,132,600,,,,,32831,10,2974,40,,,,,,,,,,,,
megamillions,2013-09-17,$130 Million,$88.2 Million,,,,,12,250000,1,1,,,,,2055,150,180,300,,,,,35517,10,3150,20,,,,,,,,,,,,
megamillions,2013-09-20,$145 Million,$99.1 Million,,,,,5,250000,0,1,,,,,2065,150,185,300,,,,,33572,10,2798,20,,,,,,,,,,,,
megamillions,2013-09-24,$160 Million,$110.3 Million,,,,,6,250000,1,1,,,,,1814,150,151,450,,,,,34471,10,3009,30,,,,,,,,,,,,
megamillions,2013-09-27,$173 Million,$119.9 Million,,,,,13,250000,2,1,,,,,2115,150,183,300,,,,,36701,10,2970,20,,,,,,,,,,,,
megamillions,2013-10-01,$189 Million,$129.7 Million,,,,,6,250000,0,1,,,,,2215,150,185,450,,,,,42604,10,3627,30,,,,,,,,,,,,
megamillions,2013-10-04,$12 Million,$8.2 Million,,,,,2,250000,0,1,,,,,1220,150,125,450,,,,,23307,10,2575,30,,,,,,,,,,,,
megamillions,2013-10-08,$14 Million,$9.6 Million,,,,,4,250000,1,1,,,,,1106,150,90,450,,,,,22447,10,2585,30,,,,,,,,,,,,
megamillions,2013-10-11,$22 Million,$15.1 Million,,,,,7,250000,0,1,,,,,909,150,95,600,,,,,17694,10,1814,40,,,,,,,,,,,,
megamillions,2013-10-15,$29 Million,$19.8 Million,,,,,2,250000,1,1,,,,,976,150,110,600,,,,,19903,10,2107,40,,,,,,,,,,,,
megamillions,2013-10-18,$37 Million,$25.5 Million,,,,,5,250000,1,1,,,,,906,150,83,600,,,,,18222,10,1849,40,,,,,,,,,,,,
megamillions,2013-10-22,$55 Million,$30.6 Million,,,,,2,1,0,5,,,,,302,500,27,2500,,,,,22698,5,2547,25,,,,,,,,,,,,
megamillions,2013-10-25,$65 Million,$36.3 Million,,,,,1,1,0,2,,,,,325,500,30,1000,,,,,20876,5,2237,10,,,,,,,,,,,,
megamillions,2013-10-29,$75 Million,$41.8 Million,,,,,0,1,0,3,,,,,294,500,33,1500,,,,,21942,5,2305,15,,,,,,,,,,,,
megamillions,2013-11-01,$87 Million,$48.2 Million,,,,,3,1,0,5,,,,,310,500,24,2500,,,,,22187,5,2186,25,,,,,,,,,,,,
megamillions,2013-11-05,$99 Million,$54.3 Million,,,,,1,1,0,5,,,,,327,500,28,2500,,,,,24730,5,2509,25,,,,,,,,,,,,
megamillions,2013-11-08,$115 Million,$62.2 Million,,,,,1,1,0,2,,,,,375,500,42,1000,,,,,27608,5,2508,10,,,,,,,,,,,,
megamillions,2013-11-12,$132 Million,$71.1 Million,,,,,1,1,0,5,,,,,450,500,40,2500,,,,,30789,5,2897,25,,,,,,,,,,,,
megamillions,2013-11-15,$149 Million,$81.1 Million,,,,,1,1,0,4,,,,,477,500,45,2000,,,,,32138,5,2938,20,,,,,,,,,,,,
megamillions,2013-11-19,$165 Million,$90.1 Million,,,,,2,1,0,3,,,,,448,500,35,1500,,,,,34524,5,3253,15,,,,,,,,,,,,
megamillions,2013-11-22,$181 Million,$97.7 Million,,,,,2,1,1,3,,,,,743,500,81,1500,,,,,47179,5,4362,15,,,,,,,,,,,,
megamillions,2013-11-26,$205 Million,$111.5 Million,,,,,5,1,1,5,,,,,652,500,59,2500,,,,,44122,5,3967,25,,,,,,,,,,,,
megamillions,2013-11-29,$230 Million,$124.6 Million,,,,,1,1,0,4,,,,,593,500,52,2000,,,,,45448,5,4221,20,,,,,,,,,,,,
megamillions,2013-12-03,$257 Million,$138.9 Million,,,,,1,1,0,3,,,,,920,500,87,1500,,,,,65077,5,5684,15,,,,,,,,,,,,
megamillions,2013-12-06,$297 Million,$158.9 Million,,,,,4,1,0,3,,,,,1023,500,74,1500,,,,,71855,5,5706,15,,,,,,,,,,,,
megamillions,2013-12-10,$344 Million,$186.1 Million,,,,,5,1,0,2,,,,,1436,500,111,1000,,,,,104555,5,8456,10,,,,,,,,,,,,
megamillions,2013-12-13,$425 Million,$228.2 Million,,,,,9,1,0,2,,,,,3270,500,243,1000,,,,,229244,5,17853,10,,,,,,,,,,,,
megamillions,2013-12-17,$636 Million,$341.2 Million,,,,,20,1,0,4,,,,,7692,500,632,2000,,,,,501563,5,38727,20,,,,,,,,,,,,
megamillions,2013-12-20,$15 Million,$8.0 Million,,,,,3,1,0,2,,,,,344,500,45,1000,,,,,25740,5,2817,10,,,,,,,,,,,,
megamillions,2013-12-24,$22 Million,$11.8 Million,,,,,2,1,0,3,,,,,335,500,40,1500,,,,,24064,5,2437,15,,,,,,,,,,,,
megamillions,2013-12-27,$35 Million,$18.6 Million,,,,,1,1,0,5,,,,,327,500,32,2500,,,,,23317,5,2562,25,,,,,,,,,,,,
megamillions,2013-12-31,$47 Million,$25.1 Million,,,,,1,1,0,3,,,,,404,500,35,1500,,,,,29881,5,2986,15,,,,,,,,,,,,
megamillions,2014-01-03,$61 Million,$32.1 Million,,,,,1,1,1,5,,,,,331,500,38,2500,,,,,24773,5,2724,25,,,,,,,,,,,,
megamillions,2014-01-07,$15 Million,$7.9 Million,,,,,1,1,0,5,,,,,246,500,24,2500,,,,,17097,5,1784,25,,,,,,,,,,,,
megamillions,2014-01-10,$20 Million,$10.7 Million,,,,,2,1,0,3,,,,,262,500,27,1500,,,,,21614,5,2242,15,,,,,,,,,,,,
megamillions,2014-01-14,$30 Million,$16.2 Million,,,,,2,1,0,3,,,,,270,500,23,1500,,,,,21024,5,2274,15,,,,,,,,,,,,
megamillions,2014-01-17,$41 Million,$22.2 Million,,,,,2,1,1,4,,,,,511,500,57,2000,,,,,31773,5,3757,20,,,,,,,,,,,,
megamillions,2014-01-21,$51 Million,$27.7 Million,,,,,2,1,0,4,,,,,366,500,42,2000,,,,,23956,5,2614,20,,,,,,,,,,,,
megamillions,2014-01-24,$62 Million,$34.2 Million,,,,,0,1,0,5,,,,,304,500,33,2500,,,,,21446,5,2278,25,,,,,,,,,,,,
megamillions,2014-01-28,$71 Million,$39.0 Million,,,,,0,1,0,3,,,,,374,500,35,1500,,,,,25066,5,2875,15,,,,,,,,,,,,
megamillions,2014-01-31,$84 Million,$46.7 Million,,,,,1,1,0,4,,,,,493,500,49,2000,,,,,34597,5,3916,20,,,,,,,,,,,,
megamillions,2014-02-04,$94 Million,$52.5 Million,,,,,1,1,0,3,,,,,351,500,46,1500,,,,,23261,5,2436,15,,,,,,,,,,,,
megamillions,2014-02-07,$107 Million,$59.0 Million,,,,,1,1,0,3,,,,,424,500,41,1500,,,,,32972,5,3662,15,,,,,,,,,,,,
megamillions,2014-02-11,$122 Million,$67.1 Million,,,,,0,1,0,2,,,,,406,500,43,1000,,,,,26690,5,2462,10,,,,,,,,,,,,
megamillions,2014-02-14,$139 Million,$76.5 Million,,,,,2,1,0,3,,,,,382,500,29,1500,,,,,28502,5,2746,15,,,,,,,,,,,,
megamillions,2014-02-18,$154 Million,$85.0 Million,,,,,1,1,0,5,,,,,520,500,54,2500,,,,,37501,5,3653,25,,,,,,,,,,,,
megamillions,2014-02-21,$172 Million,$94.5 Million,,,,,2,1,0,5,,,,,684,500,58,2500,,,,,44144,5,4238,25,,,,,,,,,,,,
megamillions,2014-02-25,$195 Million,$107.9 Million,,,,,2,1,0,5,,,,,660,500,64,2500,,,,,46348,5,4606,25,,,,,,,,,,,,
megamillions,2014-02-28,$216 Million,$120.3 Million,,,,,1,1,0,4,,,,,636,500,50,2000,,,,,47983,5,4399,20,,,,,,,,,,,,
megamillions,2014-03-04,$240 Million,$134.3 Million,,,,,3,1,0,2,,,,,938,500,112,1000,,,,,62351,5,6038,10,,,,,,,,,,,,
megamillions,2014-03-07,$270 Million,$148.1 Million,,,,,3,1,0,4,,,,,820,500,85,2000,,,,,59505,5,5331,20,,,,,,,,,,,,
megamillions,2014-03-11,$309 Million,$169.8 Million,,,,,2,1,0,4,,,,,1056,500,95,2000,,,,,74025,5,6152,20,,,,,,,,,,,,
megamillions,2014-03-14,$353 Million,$198.4 Million,,,,,5,1,3,3,,,,,1278,500,109,1500,,,,,92457,5,7668,15,,,,,,,,,,,,
megamillions,2014-03-18,$400 Million,$223.0 Million,,,,,8,1,0,3,,,,,2535,500,201,1500,,,,,168926,5,14943,15,,,,,,,,,,,,
megamillions,2014-03-21,$15 Million,$8.3 Million,,,,,1,1,1,5,,,,,383,500,41,2500,,,,,26764,5,3139,25,,,,,,,,,,,,
megamillions,2014-03-25,$20 Million,$11.191942 Million,,,,,0,1,0,3,,,,,258,500,32,1500,,,,,19925,5,2260,15,,,,,,,,,,,,
megamillions,2014-03-28,$15 Million,$8.4 Million,,,,,1,1,0,3,,,,,340,500,34,1500,,,,,27072,5,3353,15,,,,,,,,,,,,
megamillions,2014-04-01,$20 Million,$11.1 Million,,,,,3,1,0,5,,,,,262,500,26,2500,,,,,18816,5,2165,25,,,,,,,,,,,,
megamillions,2014-04-04,$30 Million,$16.6 Million,,,,,2,1,0,2,,,,,351,500,34,1000,,,,,27617,5,3319,10,,,,,,,,,,,,
megamillions,2014-04-08,$15 Million,$8.3 Million,,,,,1,1,0,3,,,,,239,500,22,1500,,,,,17162,5,1864,15,,,,,,,,,,,,
megamillions,2014-04-11,$20 Million,$11.3 Million,,,,,0,1,0,5,,,,,246,500,22,2500,,,,,19880,5,2215,25,,,,,,,,,,,,
megamillions,2014-04-15,$28 Million,$15.8 Million,,,,,1,1,0,3,,,,,235,500,20,1500,,,,,18499,5,2062,15,,,,,,,,,,,,
megamillions,2014-04-18,$38 Million,$21.3 Million,,,,,0,1,0,2,,,,,363,500,42,1000,,,,,21318,5,2373,10,,,,,,,,,,,,
megamillions,2014-04-22,$48 Million,$26.9 Million,,,,,0,1,0,3,,,,,358,500,37,1500,,,,,26075,5,3102,15,,,,,,,,,,,,
megamillions,2014-04-25,$59 Million,$33.6 Million,,,,,0,1,0,2,,,,,498,500,69,1000,,,,,33053,5,3993,10,,,,,,,,,,,,
megamillions,2014-04-29,$68 Million,$38.2 Million,,,,,1,1,0,3,,,,,266,500,29,1500,,,,,19658,5,2063,15,,,,,,,,,,,,
megamillions,2014-05-02,$81 Million,$46.2 Million,,,,,1,1,0,5,,,,,497,500,52,2500,,,,,31668,5,3415,25,,,,,,,,,,,,
megamillions,2014-05-06,$92 Million,$52.8 Million,,,,,2,1,0,3,,,,,446,500,51,1500,,,,,29977,5,3158,15,,,,,,,,,,,,
megamillions,2014-05-09,$105 Million,$60.0 Million,,,,,3,1,0,2,,,,,458,500,49,1000,,,,,30678,5,3067,10,,,,,,,,,,,,
megamillions,2014-05-13,$121 Million,$69.2 Million,,,,,0,1,0,2,,,,,389,500,32,1000,,,,,28101,5,2570,10,,,,,,,,,,,,
megamillions,2014-05-16,$136 Million,$79.0 Million,,,,,2,1,0,5,,,,,486,500,37,2500,,,,,35255,5,3371,25,,,,,,,,,,,,
megamillions,2014-05-20,$149 Million,$86.1 Million,,,,,1,1,0,2,,,,,434,500,36,1000,,,,,31092,5,2843,10,,,,,,,,,,,,
megamillions,2014-05-23,$15 Million,$8.6 Million,,,,,1,1,0,4,,,,,280,500,26,2000,,,,,22222,5,2526,20,,,,,,,,,,,,
megamillions,2014-05-27,$20 Million,$11.5 Million,,,,,2,1,1,2,,,,,275,500,28,1000,,,,,21815,5,2786,10,,,,,,,,,,,,
megamillions,2014-05-30,$26 Million,$15.1 Million,,,,,0,1,0,4,,,,,266,500,29,2000,,,,,20065,5,2182,20,,,,,,,,,,,,
megamillions,2014-06-03,$34 Million,$19.6 Million,,,,,0,1,0,3,,,,,218,500,26,1500,,,,,17744,5,1927,15,,,,,,,,,,,,
megamillions,2014-06-06,$45 Million,$25.9 Million,,,,,2,1,0,4,,,,,301,500,34,2000,,,,,20855,5,2229,20,,,,,,,,,,,,
megamillions,2014-06-10,$55 Million,$31.3 Million,,,,,0,1,0,5,,,,,381,500,46,2500,,,,,28913,5,3473,25,,,,,,,,,,,,
megamillions,2014-06-13,$66 Million,$37.9 Million,,,,,1,1,0,5,,,,,363,500,40,2500,,,,,23652,5,2549,25,,,,,,,,,,,,
megamillions,2014-06-17,$15 Million,$8.6 Million,,,,,1,1,0,4,,,,,252,500,23,2000,,,,,19826,5,2299,20,,,,,,,,,,,,
megamillions,2014-06-20,$20 Million,$11.4 Million,,,,,0,1,0,5,,,,,339,500,50,2500,,,,,24067,5,2906,25,,,,,,,,,,,,
megamillions,2014-06-24,$25 Million,$14.4 Million,,,,,1,1,0,4,,,,,275,500,25,2000,,,,,20168,5,2361,20,,,,,,,,,,,,
megamillions,2014-06-27,$33 Million,$19.2 Million,,,,,0,1,0,3,,,,,271,500,28,1500,,,,,19277,5,2197,15,,,,,,,,,,,,
megamillions,2014-07-01,$15 Million,$8.6 Million,,,,,0,1,0,3,,,,,270,500,37,1500,,,,,19033,5,2306,15,,,,,,,,,,,,
megamillions,2014-07-04,$20 Million,$11.2 Million,,,,,0,1,0,5,,,,,224,500,19,2500,,,,,15776,5,1795,25,,,,,,,,,,,,
megamillions,2014-07-08,$25 Million,$14.3 Million,,,,,0,1,0,5,,,,,295,500,53,2500,,,,,19940,5,2271,25,,,,,,,,,,,,
megamillions,2014-07-11,$32 Million,$18.4 Million,,,,,0,1,0,5,,,,,291,500,35,2500,,,,,20641,5,2388,25,,,,,,,,,,,,
megamillions,2014-07-15,$41 Million,$23.6 Million,,,,,1,1,0,2,,,,,386,500,46,1000,,,,,26015,5,3141,10,,,,,,,,,,,,
megamillions,2014-07-18,$50 Million,$29.2 Million,,,,,1,1,0,3,,,,,249,500,32,1500,,,,,17769,5,2004,15,,,,,,,,,,,,
megamillions,2014-07-22,$58 Million,$33.9 Million,,,,,1,1,0,3,,,,,414,500,45,1500,,,,,26802,5,3097,15,,,,,,,,,,,,
megamillions,2014-07-25,$67 Million,$39.2 Million,,,,,0,1,0,5,,,,,275,500,32,2500,,,,,21872,5,2429,25,,,,,,,,,,,,
megamillions,2014-07-29,$77 Million,$45.3 Million,,,,,0,1,0,4,,,,,344,500,36,2000,,,,,25157,5,2697,20,,,,,,,,,,,,
megamillions,2014-08-01,$87 Million,$50.3 Million,,,,,2,1,0,5,,,,,323,500,38,2500,,,,,24479,5,2682,25,,,,,,,,,,,,
megamillions,2014-08-05,$100 Million,$58.2 Million,,,,,4,1,0,5,,,,,454,500,59,2500,,,,,30944,5,3112,25,,,,,,,,,,,,
megamillions,2014-08-08,$115 Million,$68.0 Million,,,,,2,1,0,5,,,,,408,500,31,2500,,,,,27977,5,2632,25,,,,,,,,,,,,
megamillions,2014-08-12,$128 Million,$75.3 Million,,,,,0,1,0,4,,,,,407,500,34,2000,,,,,29800,5,2782,20,,,,,,,,,,,,
megamillions,2014-08-15,$144 Million,$85.9 Million,,,,,1,1,0,2,,,,,572,500,67,1000,,,,,43722,5,4605,10,,,,,,,,,,,,
megamillions,2014-08-19,$160 Million,$95.1 Million,,,,,2,1,0,4,,,,,562,500,56,2000,,,,,36867,5,3402,20,,,,,,,,,,,,
megamillions,2014-08-22,$180 Million,$107.1 Million,,,,,1,1,0,5,,,,,657,500,51,2500,,,,,44205,5,3826,25,,,,,,,,,,,,
megamillions,2014-08-26,$15 Million,$9.0 Million,,,,,0,1,0,5,,,,,222,500,27,2500,,,,,16360,5,1864,25,,,,,,,,,,,,
megamillions,2014-08-29,$20 Million,$12.1 Million,,,,,0,1,0,2,,,,,247,500,31,1000,,,,,17968,5,2097,10,,,,,,,,,,,,
megamillions,2014-09-02,$25 Million,$14.9 Million,,,,,3,1,1,3,,,,,217,500,34,1500,,,,,16010,5,1911,15,,,,,,,,,,,,
megamillions,2014-09-05,$33 Million,$19.6 Million,,,,,3,1,1,2,,,,,440,500,51,1000,,,,,31126,5,4006,10,,,,,,,,,,,,
megamillions,2014-09-09,$41 Million,$24.2 Million,,,,,1,1,0,4,,,,,241,500,26,2000,,,,,17569,5,1979,20,,,,,,,,,,,,
megamillions,2014-09-12,$52 Million,$30.2 Million,,,,,1,1,0,3,,,,,412,500,43,1500,,,,,25687,5,2991,15,,,,,,,,,,,,
megamillions,2014-09-16,$62 Million,$36.0 Million,,,,,3,1,0,2,,,,,284,500,29,1000,,,,,20009,5,2200,10,,,,,,,,,,,,
megamillions,2014-09-19,$72 Million,$41.8 Million,,,,,0,1,0,2,,,,,511,500,57,1000,,,,,32187,5,3811,10,,,,,,,,,,,,
megamillions,2014-09-23,$83 Million,$48.7 Million,,,,,1,1,0,5,,,,,419,500,45,2500,,,,,26207,5,3047,25,,,,,,,,,,,,
megamillions,2014-09-26,$93 Million,$55.0 Million,,,,,0,1,0,5,,,,,442,500,43,2500,,,,,27953,5,3115,25,,,,,,,,,,,,
megamillions,2014-09-30,$105 Million,$62.6 Million,,,,,1,1,0,5,,,,,413,500,33,2500,,,,,29089,5,2960,25,,,,,,,,,,,,
megamillions,2014-10-03,$120 Million,$71.3 Million,,,,,0,1,0,3,,,,,400,500,36,1500,,,,,31866,5,3091,15,,,,,,,,,,,,
megamillions,2014-10-07,$136 Million,$81.6 Million,,,,,2,1,0,3,,,,,500,500,54,1500,,,,,34940,5,3515,15,,,,,,,,,,,,
megamillions,2014-10-10,$150 Million,$90.7 Million,,,,,2,1,0,5,,,,,493,500,40,2500,,,,,35613,5,3251,25,,,,,,,,,,,,
megamillions,2014-10-14,$166 Million,$101.7 Million,,,,,5,1,0,3,,,,,527,500,59,1500,,,,,36077,5,3344,15,,,,,,,,,,,,
megamillions,2014-10-17,$180 Million,$110.3 Million,,,,,2,1,0,4,,,,,551,500,43,2000,,,,,41378,5,3638,20,,,,,,,,,,,,
megamillions,2014-10-21,$200 Million,$122.5 Million,,,,,3,1,0,5,,,,,667,500,58,2500,,,,,48686,5,4009,25,,,,,,,,,,,,
megamillions,2014-10-24,$224 Million,$136.5 Million,,,,,2,1,0,3,,,,,1137,500,102,1500,,,,,72872,5,6828,15,,,,,,,,,,,,
megamillions,2014-10-28,$252 Million,$152.6 Million,,,,,1,1,0,5,,,,,862,500,56,2500,,,,,57856,5,4615,25,,,,,,,,,,,,
megamillions,2014-10-31,$284 Million,$171.8 Million,,,,,5,1,0,2,,,,,988,500,72,1000,,,,,69042,5,5610,10,,,,,,,,,,,,
megamillions,2014-11-04,$321 Million,$194.4 Million,,,,,5,1,1,4,,,,,1677,500,138,2000,,,,,108056,5,8858,20,,,,,,,,,,,,
megamillions,2014-11-07,$15 Million,$9.0 Million,,,,,0,1,0,5,,,,,256,500,33,2500,,,,,18624,5,1979,25,,,,,,,,,,,,
megamillions,2014-11-11,$20 Million,$12.1 Million,,,,,0,1,0,5,,,,,385,500,38,2500,,,,,22728,5,2677,25,,,,,,,,,,,,
megamillions,2014-11-14,$26 Million,$15.7 Million,,,,,0,1,0,5,,,,,259,500,27,2500,,,,,17078,5,1870,25,,,,,,,,,,,,
megamillions,2014-11-18,$35 Million,$21.2 Million,,,,,1,1,0,2,,,,,239,500,32,1000,,,,,16970,5,1821,10,,,,,,,,,,,,
megamillions,2014-11-21,$43 Million,$26.1 Million,,,,,0,1,0,2,,,,,314,500,31,1000,,,,,22736,5,2589,10,,,,,,,,,,,,
megamillions,2014-11-25,$52 Million,$31.8 Million,,,,,0,1,0,2,,,,,476,500,76,1000,,,,,26603,5,3249,10,,,,,,,,,,,,
megamillions,2014-11-28,$61 Million,$37.7 Million,,,,,0,1,0,3,,,,,318,500,30,1500,,,,,23768,5,2861,15,,,,,,,,,,,,
megamillions,2014-12-02,$70 Million,$42.9 Million,,,,,0,1,0,5,,,,,271,500,26,2500,,,,,23880,5,2715,25,,,,,,,,,,,,
megamillions,2014-12-05,$80 Million,$49.2 Million,,,,,1,1,0,5,,,,,343,500,38,2500,,,,,30029,5,3380,25,,,,,,,,,,,,
megamillions,2014-12-09,$91 Million,$57.0 Million,,,,,0,1,0,5,,,,,337,500,30,2500,,,,,25272,5,2700,25,,,,,,,,,,,,
megamillions,2014-12-12,$102 Million,$64.8 Million,,,,,1,1,0,5,,,,,370,500,36,2500,,,,,27451,5,2668,25,,,,,,,,,,,,
megamillions,2014-12-16,$113 Million,$72.7 Million,,,,,2,1,0,5,,,,,388,500,34,2500,,,,,27524,5,2751,25,,,,,,,,,,,,
megamillions,2014-12-19,$125 Million,$78.9 Million,,,,,1,1,0,3,,,,,445,500,46,1500,,,,,29892,5,3073,15,,,,,,,,,,,,
megamillions,2014-12-23,$142 Million,$90.1 Million,,,,,1,1,0,3,,,,,533,500,46,1500,,,,,38922,5,3925,15,,,,,,,,,,,,
megamillions,2014-12-26,$156 Million,$98.3 Million,,,,,2,1,0,3,,,,,1246,500,149,1500,,,,,57546,5,6916,15,,,,,,,,,,,,
megamillions,2014-12-30,$172 Million,$109.9 Million,,,,,2,1,0,4,,,,,539,500,44,2000,,,,,39742,5,3754,20,,,,,,,,,,,,
megamillions,2015-01-02,$188 Million,$119.6 Million,,,,,2,1,0,4,,,,,524,500,43,2000,,,,,37567,5,3647,20,,,,,,,,,,,,
megamillions,2015-01-06,$206 Million,$134.9 Million,,,,,1,1,0,3,,,,,647,500,60,1500,,,,,51355,5,4900,15,,,,,,,,,,,,
megamillions,2015-01-09,$221 Million,$143.2 Million,,,,,3,1,1,5,,,,,716,500,49,2500,,,,,48687,5,4154,25,,,,,,,,,,,,
megamillions,2015-01-13,$246 Million,$161.6 Million,,,,,6,1,1,5,,,,,993,500,98,2500,,,,,66263,5,6123,25,,,,,,,,,,,,
megamillions,2015-01-16,$270 Million,$181.4 Million,,,,,2,1,0,3,,,,,884,500,69,1500,,,,,67050,5,5698,15,,,,,,,,,,,,
megamillions,2015-01-20,$15 Million,$10.0 Million,,,,,0,1,0,5,,,,,249,500,36,2500,,,,,18751,5,2146,25,,,,,,,,,,,,
megamillions,2015-01-23,$20 Million,$13.4 Million,,,,,0,1,0,2,,,,,285,500,27,1000,,,,,18905,5,2067,10,,,,,,,,,,,,
megamillions,2015-01-27,$25 Million,$16.9 Million,,,,,0,1,0,3,,,,,280,500,31,1500,,,,,21040,5,2507,15,,,,,,,,,,,,
megamillions,2015-01-30,$32 Million,$21.8 Million,,,,,2,1,0,5,,,,,324,500,45,2500,,,,,23260,5,2679,25,,,,,,,,,,,,
megamillions,2015-02-03,$40 Million,$27.0 Million,,,,,1,1,0,5,,,,,322,500,35,2500,,,,,22761,5,2799,25,,,,,,,,,,,,
megamillions,2015-02-06,$49 Million,$32.3 Million,,,,,1,1,0,3,,,,,381,500,42,1500,,,,,29450,5,3433,15,,,,,,,,,,,,
megamillions,2015-02-10,$61 Million,$39.8 Million,,,,,0,1,0,2,,,,,368,500,41,1000,,,,,25552,5,2740,10,,,,,,,,,,,,
megamillions,2015-02-13,$74 Million,$47.9 Million,,,,,1,1,0,3,,,,,356,500,44,1500,,,,,28423,5,3093,15,,,,,,,,,,,,
megamillions,2015-02-17,$88 Million,$56.5 Million,,,,,1,1,0,5,,,,,321,500,33,2500,,,,,22444,5,2428,25,,,,,,,,,,,,
megamillions,2015-02-20,$100 Million,$64.1 Million,,,,,0,1,0,3,,,,,458,500,47,1500,,,,,39521,5,4527,15,,,,,,,,,,,,
megamillions,2015-02-24,$112 Million,$71.8 Million,,,,,1,1,0,3,,,,,460,500,45,1500,,,,,33706,5,3536,15,,,,,,,,,,,,
megamillions,2015-02-27,$127 Million,$82.2 Million,,,,,1,1,0,2,,,,,453,500,37,1000,,,,,32453,5,3196,10,,,,,,,,,,,,
megamillions,2015-03-03,$15 Million,$9.6 Million,,,,,0,1,0,4,,,,,336,500,49,2000,,,,,22716,5,2780,20,,,,,,,,,,,,
megamillions,2015-03-06,$20 Million,$12.5 Million,,,,,0,1,0,3,,,,,243,500,27,1500,,,,,17759,5,2055,15,,,,,,,,,,,,
megamillions,2015-03-10,$25 Million,$15.9 Million,,,,,1,1,0,5,,,,,372,500,46,2500,,,,,25864,5,3347,25,,,,,,,,,,,,
megamillions,2015-03-13,$33 Million,$21.0 Million,,,,,0,1,0,5,,,,,387,500,54,2500,,,,,26202,5,3006,25,,,,,,,,,,,,
megamillions,2015-03-17,$42 Million,$27.1 Million,,,,,1,1,1,5,,,,,328,500,44,2500,,,,,23265,5,2804,25,,,,,,,,,,,,
megamillions,2015-03-20,$51 Million,$33.6 Million,,,,,0,1,0,4,,,,,295,500,31,2000,,,,,20131,5,2197,20,,,,,,,,,,,,
megamillions,2015-03-24,$59 Million,$38.9 Million,,,,,3,1,1,2,,,,,360,500,39,1000,,,,,24309,5,2813,10,,,,,,,,,,,,
megamillions,2015-03-27,$15 Million,$9.8 Million,,,,,2,1,0,5,,,,,259,500,27,2500,,,,,17915,5,2054,25,,,,,,,,,,,,
megamillions,2015-03-31,$20 Million,$13.1 Million,,,,,2,1,0,5,,,,,217,500,21,2500,,,,,16714,5,1945,25,,,,,,,,,,,,
megamillions,2015-04-03,$25 Million,$16.5 Million,,,,,1,1,1,5,,,,,253,500,28,2500,,,,,18051,5,2175,25,,,,,,,,,,,,
megamillions,2015-04-07,$30 Million,$19.5 Million,,,,,1,1,0,4,,,,,382,500,48,2000,,,,,24479,5,3116,20,,,,,,,,,,,,
megamillions,2015-04-10,$39 Million,$25.4 Million,,,,,0,1,0,2,,,,,281,500,37,1000,,,,,21043,5,2491,10,,,,,,,,,,,,
megamillions,2015-04-14,$47 Million,$30.9 Million,,,,,0,1,0,5,,,,,279,500,19,2500,,,,,23173,5,2950,25,,,,,,,,,,,,
megamillions,2015-04-17,$55 Million,$35.8 Million,,,,,1,1,0,2,,,,,386,500,42,1000,,,,,24311,5,2744,10,,,,,,,,,,,,
megamillions,2015-04-21,$65 Million,$42.3 Million,,,,,3,1,0,5,,,,,319,500,39,2500,,,,,21897,5,2470,25,,,,,,,,,,,,
megamillions,2015-04-24,$74 Million,$47.8 Million,,,,,1,1,0,4,,,,,375,500,54,2000,,,,,25273,5,3047,20,,,,,,,,,,,,
megamillions,2015-04-28,$85 Million,$54.7 Million,,,,,2,1,1,5,,,,,333,500,38,2500,,,,,22314,5,2363,25,,,,,,,,,,,,
megamillions,2015-05-01,$96 Million,$60.4 Million,,,,,1,1,0,3,,,,,354,500,33,1500,,,,,24065,5,2661,15,,,,,,,,,,,,
megamillions,2015-05-05,$110 Million,$68.1 Million,,,,,1,1,0,5,,,,,393,500,33,2500,,,,,29185,5,2938,25,,,,,,,,,,,,
megamillions,2015-05-08,$126 Million,$78.5 Million,,,,,2,1,0,3,,,,,414,500,44,1500,,,,,32497,5,3284,15,,,,,,,,,,,,
megamillions,2015-05-12,$140 Million,$84.4 Million,,,,,2,1,0,5,,,,,594,500,59,2500,,,,,36831,5,3477,25,,,,,,,,,,,,
megamillions,2015-05-15,$159 Million,$97.4 Million,,,,,2,1,0,5,,,,,588,500,64,2500,,,,,44176,5,4757,25,,,,,,,,,,,,
megamillions,2015-05-19,$173 Million,$104.4 Million,,,,,1,1,0,5,,,,,760,500,80,2500,,,,,49710,5,5326,25,,,,,,,,,,,,
megamillions,2015-05-22,$194 Million,$118.4 Million,,,,,2,1,0,5,,,,,810,500,89,2500,,,,,55404,5,5880,25,,,,,,,,,,,,
megamillions,2015-05-26,$214 Million,$131.4 Million,,,,,2,1,0,4,,,,,606,500,46,2000,,,,,42013,5,3926,20,,,,,,,,,,,,
megamillions,2015-05-29,$233 Million,$145.3 Million,,,,,2,1,0,4,,,,,765,500,71,2000,,,,,54838,5,4916,20,,,,,,,,,,,,
megamillions,2015-06-02,$260 Million,$158.5 Million,,,,,14,1,0,4,,,,,2595,500,304,2000,,,,,106791,5,12347,20,,,,,,,,,,,,
megamillions,2015-06-05,$15 Million,$9.0 Million,,,,,1,1,0,4,,,,,421,500,47,2000,,,,,26470,5,3297,20,,,,,,,,,,,,
megamillions,2015-06-09,$20 Million,$11.8 Million,,,,,1,1,0,5,,,,,496,500,54,2500,,,,,29068,5,3853,25,,,,,,,,,,,,
megamillions,2015-06-12,$26 Million,$15.6 Million,,,,,2,1,1,5,,,,,220,500,28,2500,,,,,17737,5,2099,25,,,,,,,,,,,,
megamillions,2015-06-16,$35 Million,$21.1 Million,,,,,0,1,0,2,,,,,307,500,34,1000,,,,,22402,5,2808,10,,,,,,,,,,,,
megamillions,2015-06-19,$44 Million,$26.6 Million,,,,,0,1,0,3,,,,,736,500,79,1500,,,,,19947,5,2396,15,,,,,,,,,,,,
megamillions,2015-06-23,$52 Million,$30.8 Million,,,,,1,1,0,5,,,,,314,500,51,2500,,,,,20506,5,2332,25,,,,,,,,,,,,
megamillions,2015-06-26,$64 Million,$37.8 Million,,,,,1,1,0,5,,,,,358,500,47,2500,,,,,25909,5,3055,25,,,,,,,,,,,,
megamillions,2015-06-30,$74 Million,$44.6 Million,,,,,1,1,1,4,,,,,389,500,39,2000,,,,,26471,5,3181,20,,,,,,,,,,,,
megamillions,2015-07-03,$84 Million,$49.6 Million,,,,,1,1,0,4,,,,,307,500,36,2000,,,,,22073,5,2537,20,,,,,,,,,,,,
megamillions,2015-07-07,$96 Million,$58.4 Million,,,,,1,1,1,3,,,,,480,500,66,1500,,,,,32799,5,4017,15,,,,,,,,,,,,
megamillions,2015-07-10,$106 Million,$62.6 Million,,,,,2,1,1,3,,,,,499,500,51,1500,,,,,32040,5,3526,15,,,,,,,,,,,,
megamillions,2015-07-14,$123 Million,$72.6 Million,,,,,2,1,0,3,,,,,448,500,48,1500,,,,,33978,5,3552,15,,,,,,,,,,,,
megamillions,2015-07-17,$140 Million,$84.3 Million,,,,,1,1,0,3,,,,,603,500,69,1500,,,,,42073,5,4635,15,,,,,,,,,,,,
megamillions,2015-07-21,$152 Million,$91.0 Million,,,,,2,1,0,5,,,,,444,500,39,2500,,,,,32358,5,3096,25,,,,,,,,,,,,
megamillions,2015-07-24,$15 Million,$9.2 Million,,,,,1,1,1,5,,,,,277,500,32,2500,,,,,20626,5,2683,25,,,,,,,,,,,,
megamillions,2015-07-28,$20 Million,$12.2 Million,,,,,0,1,0,5,,,,,217,500,19,2500,,,,,15692,5,1866,25,,,,,,,,,,,,
megamillions,2015-07-31,$25 Million,$15.4 Million,,,,,1,1,0,4,,,,,313,500,44,2000,,,,,19749,5,2348,20,,,,,,,,,,,,
megamillions,2015-08-04,$15 Million,$9.3 Million,,,,,3,1,1,2,,,,,236,500,41,1000,,,,,18195,5,2367,10,,,,,,,,,,,,
megamillions,2015-08-07,$20 Million,$9.3 Million,,,,,2,1,0,3,,,,,230,500,34,1500,,,,,15981,5,1872,15,,,,,,,,,,,,
megamillions,2015-08-11,$25 Million,$15.7 Million,,,,,0,1,0,4,,,,,230,500,29,2000,,,,,19965,5,2592,20,,,,,,,,,,,,
megamillions,2015-08-14,$30 Million,$18.7 Million,,,,,0,1,0,4,,,,,283,500,35,2000,,,,,20838,5,2551,20,,,,,,,,,,,,
megamillions,2015-08-18,$39 Million,$24.4 Million,,,,,1,1,0,3,,,,,297,500,31,1500,,,,,21958,5,2715,15,,,,,,,,,,,,
megamillions,2015-08-21,$47 Million,$29.8 Million,,,,,1,1,0,5,,,,,307,500,38,2500,,,,,21743,5,2670,25,,,,,,,,,,,,
megamillions,2015-08-25,$55 Million,$34.6 Million,,,,,0,1,0,5,,,,,268,500,30,2500,,,,,18715,5,2180,25,,,,,,,,,,,,
megamillions,2015-08-28,$64 Million,$39.9 Million,,,,,1,1,0,4,,,,,286,500,38,2000,,,,,19444,5,2309,20,,,,,,,,,,,,
megamillions,2015-09-01,$74 Million,$45.6 Million,,,,,0,1,0,5,,,,,346,500,32,2500,,,,,23889,5,2692,25,,,,,,,,,,,,
megamillions,2015-09-04,$85 Million,$52.6 Million,,,,,1,1,0,5,,,,,349,500,45,2500,,,,,24791,5,2826,25,,,,,,,,,,,,
megamillions,2015-09-08,$95 Million,$58.6 Million,,,,,1,1,0,3,,,,,378,500,49,1500,,,,,23579,5,2758,15,,,,,,,,,,,,
megamillions,2015-09-11,$106 Million,$65.5 Million,,,,,1,1,0,2,,,,,382,500,42,1000,,,,,29827,5,3369,10,,,,,,,,,,,,
megamillions,2015-09-15,$15 Million,$9.2 Million,,,,,0,1,0,4,,,,,266,500,28,2000,,,,,19294,5,2425,20,,,,,,,,,,,,
megamillions,2015-09-18,$20 Million,$12.3 Million,,,,,3,1,0,3,,,,,270,500,29,1500,,,,,17835,5,2151,15,,,,,,,,,,,,
megamillions,2015-09-22,$25 Million,$15.4 Million,,,,,0,1,0,5,,,,,239,500,49,2500,,,,,19093,5,2236,25,,,,,,,,,,,,
megamillions,2015-09-25,$31 Million,$19.1 Million,,,,,1,1,0,5,,,,,260,500,39,2500,,,,,20267,5,2565,25,,,,,,,,,,,,
megamillions,2015-09-29,$39 Million,$24.5 Million,,,,,1,1,0,3,,,,,278,500,38,1500,,,,,19221,5,2347,15,,,,,,,,,,,,
megamillions,2015-10-02,$47 Million,$30.0 Million,,,,,3,1,1,2,,,,,406,500,53,1000,,,,,27130,5,3332,10,,,,,,,,,,,,
megamillions,2015-10-06,$55 Million,$34.3 Million,,,,,0,1,0,3,,,,,248,500,28,1500,,,,,17463,5,1962,15,,,,,,,,,,,,
megamillions,2015-10-09,$65 Million,$40.4 Million,,,,,3,1,0,4,,,,,315,500,28,2000,,,,,23051,5,2766,20,,,,,,,,,,,,
megamillions,2015-10-13,$75 Million,$47.1 Million,,,,,0,1,0,5,,,,,445,500,54,2500,,,,,28778,5,3625,25,,,,,,,,,,,,
megamillions,2015-10-16,$84 Million,$53.1 Million,,,,,1,1,0,3,,,,,321,500,27,1500,,,,,21127,5,2275,15,,,,,,,,,,,,
megamillions,2015-10-20,$93 Million,$58.1 Million,,,,,0,1,0,4,,,,,404,500,41,2000,,,,,25604,5,2955,20,,,,,,,,,,,,
megamillions,2015-10-23,$105 Million,$65.7 Million,,,,,0,1,0,5,,,,,375,500,42,2500,,,,,27526,5,2868,25,,,,,,,,,,,,
megamillions,2015-10-27,$117 Million,$73.9 Million,,,,,0,1,0,3,,,,,447,500,49,1500,,,,,33638,5,3829,15,,,,,,,,,,,,
megamillions,2015-10-30,$129 Million,$80.3 Million,,,,,1,1,1,5,,,,,403,500,45,2500,,,,,31076,5,3183,25,,,,,,,,,,,,
megamillions,2015-11-03,$144 Million,$89.3 Million,,,,,0,1,0,5,,,,,444,500,39,2500,,,,,30901,5,3006,25,,,,,,,,,,,,
megamillions,2015-11-06,$164 Million,$98.9 Million,,,,,1,1,0,3,,,,,505,500,53,1500,,,,,35509,5,3670,15,,,,,,,,,,,,
megamillions,2015-11-10,$180 Million,$108.0 Million,,,,,3,1,0,4,,,,,578,500,66,2000,,,,,41691,5,4482,20,,,,,,,,,,,,
megamillions,2015-11-13,$200 Million,$121.0 Million,,,,,2,1,0,5,,,,,705,500,55,2500,,,,,53481,5,5296,25,,,,,,,,,,,,
megamillions,2015-11-17,$15 Million,$9.0 Million,,,,,1,1,0,3,,,,,379,500,46,1500,,,,,24335,5,3166,15,,,,,,,,,,,,
megamillions,2015-11-20,$20 Million,$12.2 Million,,,,,2,1,0,2,,,,,301,500,48,1000,,,,,22191,5,2801,10,,,,,,,,,,,,
megamillions,2015-11-24,$25 Million,$15.2 Million,,,,,1,1,0,4,,,,,249,500,39,2000,,,,,20250,5,2517,20,,,,,,,,,,,,
megamillions,2015-11-27,$31 Million,$18.9 Million,,,,,1,1,0,3,,,,,220,500,35,1500,,,,,16727,5,2084,15,,,,,,,,,,,,
megamillions,2015-12-01,$39 Million,$23.9 Million,,,,,1,1,0,2,,,,,333,500,44,1000,,,,,23581,5,3038,10,,,,,,,,,,,,
megamillions,2015-12-04,$47 Million,$28.5 Million,,,,,2,1,0,5,,,,,248,500,27,2500,,,,,18915,5,2197,25,,,,,,,,,,,,
megamillions,2015-12-08,$57 Million,$35.1 Million,,,,,1,1,0,3,,,,,318,500,37,1500,,,,,24000,5,2991,15,,,,,,,,,,,,
megamillions,2015-12-11,$66 Million,$41.1 Million,,,,,2,1,0,4,,,,,294,500,36,2000,,,,,20413,5,2360,20,,,,,,,,,,,,
megamillions,2015-12-15,$74 Million,$45.4 Million,,,,,1,1,1,5,,,,,281,500,32,2500,,,,,20945,5,2491,25,,,,,,,,,,,,
megamillions,2015-12-18,$85 Million,$52.7 Million,,,,,2,1,0,5,,,,,398,500,47,2500,,,,,27462,5,3284,25,,,,,,,,,,,,
megamillions,2015-12-22,$94 Million,$58.2 Million,,,,,2,1,1,3,,,,,336,500,41,1500,,,,,25428,5,2963,15,,,,,,,,,,,,
megamillions,2015-12-25,$104 Million,$63.6 Million,,,,,0,1,0,4,,,,,399,500,47,2000,,,,,28034,5,3032,20,,,,,,,,,,,,
megamillions,2015-12-29,$117 Million,$72.0 Million,,,,,1,1,0,3,,,,,370,500,44,1500,,,,,26460,5,2725,15,,,,,,,,,,,,
megamillions,2016-01-01,$130 Million,$78.9 Million,,,,,0,1,0,5,,,,,591,500,64,2500,,,,,35978,5,4147,25,,,,,,,,,,,,
megamillions,2016-01-05,$145 Million,$88.1 Million,,,,,2,1,0,5,,,,,564,500,57,2500,,,,,39881,5,4120,25,,,,,,,,,,,,
megamillions,2016-01-08,$165 Million,$101.5 Million,,,,,2,1,0,5,,,,,724,500,66,2500,,,,,48970,5,4917,25,,,,,,,,,,,,
megamillions,2016-01-12,$15 Million,$9.2 Million,,,,,0,1,0,4,,,,,510,500,66,2000,,,,,35632,5,4341,20,,,,,,,,,,,,
megamillions,2016-01-15,$22 Million,$13.8 Million,,,,,1,1,0,2,,,,,306,500,36,1000,,,,,23741,5,2580,10,,,,,,,,,,,,
megamillions,2016-01-19,$30 Million,$18.8 Million,,,,,2,1,0,2,,,,,365,500,43,1000,,,,,23763,5,3161,10,,,,,,,,,,,,
megamillions,2016-01-22,$39 Million,$24.4 Million,,,,,0,1,0,5,,,,,324,500,43,2500,,,,,20319,5,2444,25,,,,,,,,,,,,
megamillions,2016-01-26,$48 Million,$30.4 Million,,,,,2,1,1,2,,,,,268,500,39,1000,,,,,18301,5,2220,10,,,,,,,,,,,,
megamillions,2016-01-29,$56 Million,$35.6 Million,,,,,1,1,0,2,,,,,421,500,56,1000,,,,,20805,5,2542,10,,,,,,,,,,,,
megamillions,2016-02-02,$63 Million,$40.5 Million,,,,,0,1,0,4,,,,,329,500,42,2000,,,,,23926,5,3137,20,,,,,,,,,,,,
megamillions,2016-02-05,$71 Million,$45.7 Million,,,,,0,1,0,3,,,,,312,500,33,1500,,,,,23147,5,2928,15,,,,,,,,,,,,
megamillions,2016-02-09,$80 Million,$52.5 Million,,,,,2,1,1,4,,,,,269,500,35,2000,,,,,19098,5,2125,20,,,,,,,,,,,,
megamillions,2016-02-12,$87 Million,$57.7 Million,,,,,0,1,0,3,,,,,285,500,35,1500,,,,,20433,5,2520,15,,,,,,,,,,,,
megamillions,2016-02-16,$94 Million,$61.5 Million,,,,,1,1,0,3,,,,,258,500,20,1500,,,,,20312,5,2430,15,,,,,,,,,,,,
megamillions,2016-02-19,$104 Million,$68.5 Million,,,,,0,1,0,4,,,,,352,500,35,2000,,,,,23244,5,2750,20,,,,,,,,,,,,
megamillions,2016-02-23,$114 Million,$74.4 Million,,,,,1,1,0,5,,,,,372,500,46,2500,,,,,24097,5,2737,25,,,,,,,,,,,,
megamillions,2016-02-26,$125 Million,$81.8 Million,,,,,0,1,0,4,,,,,320,500,39,2000,,,,,25359,5,3082,20,,,,,,,,,,,,
megamillions,2016-03-01,$135 Million,$88.5 Million,,,,,4,1,1,5,,,,,332,500,31,2500,,,,,26540,5,3090,25,,,,,,,,,,,,
megamillions,2016-03-04,$144 Million,$93.5 Million,,,,,1,1,0,4,,,,,356,500,37,2000,,,,,27062,5,3047,20,,,,,,,,,,,,
megamillions,2016-03-08,$157 Million,$102.8 Million,,,,,2,1,1,5,,,,,381,500,48,2500,,,,,26688,5,2937,25,,,,,,,,,,,,
megamillions,2016-03-11,$15 Million,$9.6 Million,,,,,1,1,0,4,,,,,237,500,37,2000,,,,,16741,5,2025,20,,,,,,,,,,,,
megamillions,2016-03-15,$20 Million,$12.9 Million,,,,,1,1,0,4,,,,,225,500,26,2000,,,,,17927,5,2355,20,,,,,,,,,,,,
megamillions,2016-03-18,$25 Million,$16.2 Million,,,,,0,1,0,5,,,,,217,500,25,2500,,,,,16247,5,2029,25,,,,,,,,,,,,
megamillions,2016-03-22,$30 Million,$19.4 Million,,,,,1,1,1,5,,,,,257,500,30,2500,,,,,18422,5,2356,25,,,,,,,,,,,,
megamillions,2016-03-25,$35 Million,$22.7 Million,,,,,0,1,0,2,,,,,373,500,47,1000,,,,,24835,5,3375,10,,,,,,,,,,,,
megamillions,2016-03-29,$43 Million,$28.1 Million,,,,,0,1,0,5,,,,,249,500,24,2500,,,,,16964,5,2007,25,,,,,,,,,,,,
megamillions,2016-04-01,$50 Million,$32.6 Million,,,,,1,1,1,2,,,,,261,500,43,1000,,,,,19430,5,2458,10,,,,,,,,,,,,
megamillions,2016-04-05,$57 Million,$37.5 Million,,,,,0,1,0,5,,,,,238,500,32,2500,,,,,17150,5,2080,25,,,,,,,,,,,,
megamillions,2016-04-08,$65 Million,$42.9 Million,,,,,0,1,0,3,,,,,258,500,29,1500,,,,,17286,5,2085,15,,,,,,,,,,,,
megamillions,2016-04-12,$72 Million,$47.2 Million,,,,,0,1,0,5,,,,,255,500,24,2500,,,,,18337,5,2322,25,,,,,,,,,,,,
megamillions,2016-04-15,$80 Million,$52.6 Million,,,,,1,1,0,5,,,,,263,500,29,2500,,,,,20589,5,2462,25,,,,,,,,,,,,
megamillions,2016-04-19,$89 Million,$58.3 Million,,,,,1,1,0,5,,,,,278,500,29,2500,,,,,18808,5,2228,25,,,,,,,,,,,,
megamillions,2016-04-22,$97 Million,$62.5 Million,,,,,2,1,0,5,,,,,337,500,53,2500,,,,,24461,5,3066,25,,,,,,,,,,,,
megamillions,2016-04-26,$108 Million,$69.1 Million,,,,,1,1,0,2,,,,,449,500,67,1000,,,,,27906,5,3583,10,,,,,,,,,,,,
megamillions,2016-04-29,$118 Million,$76.0 Million,,,,,0,1,0,5,,,,,318,500,43,2500,,,,,23418,5,2769,25,,,,,,,,,,,,
megamillions,2016-05-03,$128 Million,$83.2 Million,,,,,2,1,0,5,,,,,459,500,63,2500,,,,,28110,5,3328,25,,,,,,,,,,,,
megamillions,2016-05-06,$138 Million,$90.4 Million,,,,,1,1,0,4,,,,,500,500,66,2000,,,,,33241,5,3808,20,,,,,,,,,,,,
megamillions,2016-05-10,$150 Million,$98.5 Million,,,,,2,1,0,3,,,,,379,500,39,1500,,,,,28283,5,3012,15,,,,,,,,,,,,
megamillions,2016-05-13,$161 Million,$106.1 Million,,,,,3,1,1,4,,,,,434,500,51,2000,,,,,29910,5,3406,20,,,,,,,,,,,,
megamillions,2016-05-17,$174 Million,$114.7 Million,,,,,3,1,1,3,,,,,456,500,40,1500,,,,,33806,5,3820,15,,,,,,,,,,,,
megamillions,2016-05-20,$187 Million,$121.7 Million,,,,,2,1,0,2,,,,,486,500,59,1000,,,,,35602,5,4018,10,,,,,,,,,,,,
megamillions,2016-05-24,$203 Million,$132.2 Million,,,,,2,1,0,4,,,,,501,500,49,2000,,,,,34950,5,3638,20,,,,,,,,,,,,
megamillions,2016-05-27,$218 Million,$142.2 Million,,,,,2,1,0,3,,,,,535,500,58,1500,,,,,35300,5,3797,15,,,,,,,,,,,,
megamillions,2016-05-31,$235 Million,$152.4 Million,,,,,2,1,0,5,,,,,588,500,58,2500,,,,,38332,5,4136,25,,,,,,,,,,,,
megamillions,2016-06-03,$251 Million,$167.3 Million,,,,,1,1,0,3,,,,,570,500,73,1500,,,,,39188,5,4048,15,,,,,,,,,,,,
megamillions,2016-06-07,$260 Million,$173.2 Million,,,,,2,1,0,4,,,,,538,500,55,2000,,,,,40989,5,4141,20,,,,,,,,,,,,
megamillions,2016-06-10,$280 Million,$189.4 Million,,,,,3,1,1,5,,,,,586,500,49,2500,,,,,41169,5,4120,25,,,,,,,,,,,,
megamillions,2016-06-14,$293 Million,$199.5 Million,,,,,1,1,0,5,,,,,662,500,67,2500,,,,,45869,5,4658,25,,,,,,,,,,,,
megamillions,2016-06-17,$310 Million,$210.5 Million,,,,,3,1,1,5,,,,,773,500,77,2500,,,,,57375,5,5711,25,,,,,,,,,,,,
megamillions,2016-06-21,$333 Million,$224.3 Million,,,,,2,1,0,5,,,,,1019,500,96,2500,,,,,68737,5,7036,25,,,,,,,,,,,,
megamillions,2016-06-24,$363 Million,$247.1 Million,,,,,4,1,1,5,,,,,974,500,109,2500,,,,,66047,5,6313,25,,,,,,,,,,,,
megamillions,2016-06-28,$390 Million,$270.8 Million,,,,,2,1,0,2,,,,,1191,500,109,1000,,,,,81369,5,8278,10,,,,,,,,,,,,
megamillions,2016-07-01,$415 Million,$289.6 Million,,,,,4,1,2,2,,,,,1552,500,156,1000,,,,,110212,5,10496,10,,,,,,,,,,,,
megamillions,2016-07-05,$454 Million,$319.7 Million,,,,,7,1,0,5,,,,,1886,500,183,2500,,,,,129791,5,11878,25,,,,,,,,,,,,
megamillions,2016-07-08,$540 Million,$381.0 Million,,,,,10,1,3,2,,,,,2854,500,282,1000,,,,,207340,5,19665,10,,,,,,,,,,,,
megamillions,2016-07-12,$15 Million,$10.4 Million,,,,,1,1,0,4,,,,,318,500,36,2000,,,,,25293,5,3292,20,,,,,,,,,,,,
megamillions,2016-07-15,$20 Million,$13.7 Million,,,,,0,1,0,2,,,,,291,500,36,1000,,,,,19699,5,2416,10,,,,,,,,,,,,
megamillions,2016-07-19,$25 Million,$17.2 Million,,,,,1,1,1,5,,,,,263,500,36,2500,,,,,18636,5,2375,25,,,,,,,,,,,,
megamillions,2016-07-22,$15 Million,$10.2 Million,,,,,0,1,0,4,,,,,639,500,104,2000,,,,,32207,5,4675,20,,,,,,,,,,,,
megamillions,2016-07-26,$15 Million,$10.3 Million,,,,,1,1,1,3,,,,,290,500,28,1500,,,,,21245,5,2886,15,,,,,,,,,,,,
megamillions,2016-07-29,$20 Million,$13.9 Million,,,,,1,1,1,5,,,,,435,500,70,2500,,,,,29779,5,4162,25,,,,,,,,,,,,
megamillions,2016-08-02,$25 Million,$17.1 Million,,,,,1,1,0,5,,,,,277,500,41,2500,,,,,19787,5,2533,25,,,,,,,,,,,,
megamillions,2016-08-05,$30 Million,$20.6 Million,,,,,3,1,0,4,,,,,286,500,35,2000,,,,,21519,5,2955,20,,,,,,,,,,,,
megamillions,2016-08-09,$38 Million,$26.1 Million,,,,,2,1,0,5,,,,,281,500,42,2500,,,,,22994,5,3096,25,,,,,,,,,,,,
megamillions,2016-08-12,$45 Million,$31.3 Million,,,,,1,1,0,4,,,,,266,500,45,2000,,,,,19353,5,2453,20,,,,,,,,,,,,
megamillions,2016-08-16,$52 Million,$35.7 Million,,,,,2,1,1,5,,,,,217,500,24,2500,,,,,18266,5,2292,25,,,,,,,,,,,,
megamillions,2016-08-19,$61 Million,$42.0 Million,,,,,0,1,0,5,,,,,243,500,29,2500,,,,,18800,5,2295,25,,,,,,,,,,,,
megamillions,2016-08-23,$69 Million,$47.9 Million,,,,,2,1,0,2,,,,,222,500,22,1000,,,,,19208,5,2362,10,,,,,,,,,,,,
megamillions,2016-08-26,$76 Million,$52.6 Million,,,,,3,1,1,2,,,,,390,500,57,1000,,,,,26955,5,3627,10,,,,,,,,,,,,
megamillions,2016-08-30,$84 Million,$58.2 Million,,,,,0,1,0,4,,,,,245,500,24,2000,,,,,19648,5,2375,20,,,,,,,,,,,,
megamillions,2016-09-02,$92 Million,$63.3 Million,,,,,1,1,0,3,,,,,300,500,34,1500,,,,,22115,5,2733,15,,,,,,,,,,,,
megamillions,2016-09-06,$101 Million,$69.4 Million,,,,,0,1,0,3,,,,,284,500,26,1500,,,,,20037,5,2453,15,,,,,,,,,,,,
megamillions,2016-09-09,$111 Million,$75.1 Million,,,,,3,1,1,4,,,,,328,500,36,2000,,,,,24167,5,2792,20,,,,,,,,,,,,
megamillions,2016-09-13,$122 Million,$82.4 Million,,,,,0,1,0,3,,,,,452,500,37,1500,,,,,28100,5,3282,15,,,,,,,,,,,,
megamillions,2016-09-16,$133 Million,$89.3 Million,,,,,2,1,0,3,,,,,461,500,56,1500,,,,,30390,5,3654,15,,,,,,,,,,,,
megamillions,2016-09-20,$15 Million,$10.1 Million,,,,,0,1,0,5,,,,,204,500,26,2500,,,,,15398,5,1969,25,,,,,,,,,,,,
megamillions,2016-09-23,$20 Million,$13.4 Million,,,,,2,1,0,3,,,,,498,500,82,1500,,,,,29360,5,4388,15,,,,,,,,,,,,
megamillions,2016-09-27,$25 Million,$17.0 Million,,,,,0,1,0,4,,,,,220,500,22,2000,,,,,16961,5,2172,20,,,,,,,,,,,,
megamillions,2016-09-30,$30 Million,$20.6 Million,,,,,0,1,0,5,,,,,269,500,37,2500,,,,,17964,5,2310,25,,,,,,,,,,,,
megamillions,2016-10-04,$35 Million,$23.7 Million,,,,,0,1,0,5,,,,,354,500,30,2500,,,,,18517,5,2553,25,,,,,,,,,,,,
megamillions,2016-10-07,$41 Million,$27.7 Million,,,,,2,1,1,2,,,,,264,500,28,1000,,,,,17655,5,2235,10,,,,,,,,,,,,
megamillions,2016-10-11,$49 Million,$32.3 Million,,,,,3,1,0,2,,,,,286,500,40,1000,,,,,18113,5,2376,10,,,,,,,,,,,,
megamillions,2016-10-14,$15 Million,$9.8 Million,,,,,0,1,0,3,,,,,192,500,35,1500,,,,,14514,5,1801,15,,,,,,,,,,,,
megamillions,2016-10-18,$20 Million,$13.1 Million,,,,,1,1,0,2,,,,,223,500,21,1000,,,,,15975,5,2113,10,,,,,,,,,,,,
megamillions,2016-10-21,$25 Million,$16.6 Million,,,,,1,1,0,4,,,,,230,500,24,2000,,,,,16256,5,2072,20,,,,,,,,,,,,
megamillions,2016-10-25,$30 Million,$19.8 Million,,,,,0,1,0,3,,,,,254,500,42,1500,,,,,18910,5,2577,15,,,,,,,,,,,,
megamillions,2016-10-28,$35 Million,$22.7 Million,,,,,1,1,1,5,,,,,246,500,31,2500,,,,,16257,5,2074,25,,,,,,,,,,,,
megamillions,2016-11-01,$40 Million,$25.9 Million,,,,,0,1,0,2,,,,,309,500,47,1000,,,,,20522,5,2824,10,,,,,,,,,,,,
megamillions,2016-11-04,$47 Million,$30.8 Million,,,,,0,1,0,3,,,,,335,500,50,1500,,,,,20510,5,2602,15,,,,,,,,,,,,
megamillions,2016-11-08,$54 Million,$35.2 Million,,,,,1,1,1,4,,,,,223,500,23,2000,,,,,16140,5,2052,20,,,,,,,,,,,,
megamillions,2016-11-11,$65 Million,$40.4 Million,,,,,1,1,1,5,,,,,214,500,24,2500,,,,,17722,5,2181,25,,,,,,,,,,,,
megamillions,2016-11-15,$73 Million,$45.0 Million,,,,,1,1,0,3,,,,,281,500,47,1500,,,,,20756,5,2699,15,,,,,,,,,,,,
megamillions,2016-11-18,$82 Million,$50.2 Million,,,,,2,1,0,5,,,,,244,500,24,2500,,,,,19023,5,2368,25,,,,,,,,,,,,
megamillions,2016-11-22,$15 Million,$9.1 Million,,,,,1,1,0,5,,,,,204,500,30,2500,,,,,14158,5,1783,25,,,,,,,,,,,,
megamillions,2016-11-25,$20 Million,$12.0 Million,,,,,1,1,0,3,,,,,215,500,30,1500,,,,,14334,5,1918,15,,,,,,,,,,,,
megamillions,2016-11-29,$25 Million,$15.2 Million,,,,,0,1,0,4,,,,,197,500,23,2000,,,,,15057,5,2036,20,,,,,,,,,,,,
megamillions,2016-12-02,$30 Million,$18.0 Million,,,,,1,1,0,2,,,,,275,500,46,1000,,,,,19717,5,2733,10,,,,,,,,,,,,
megamillions,2016-12-06,$35 Million,$21.1 Million,,,,,1,1,0,4,,,,,236,500,30,2000,,,,,16101,5,2049,20,,,,,,,,,,,,
megamillions,2016-12-09,$43 Million,$25.7 Million,,,,,0,1,0,5,,,,,287,500,31,2500,,,,,18000,5,2421,25,,,,,,,,,,,,
megamillions,2016-12-13,$51 Million,$30.4 Million,,,,,2,1,1,5,,,,,298,500,33,2500,,,,,20239,5,2606,25,,,,,,,,,,,,
megamillions,2016-12-16,$59 Million,$34.9 Million,,,,,1,1,0,5,,,,,325,500,48,2500,,,,,22601,5,3163,25,,,,,,,,,,,,
megamillions,2016-12-20,$67 Million,$39.7 Million,,,,,1,1,0,5,,,,,307,500,34,2500,,,,,19992,5,2641,25,,,,,,,,,,,,
megamillions,2016-12-23,$76 Million,$45.3 Million,,,,,0,1,0,5,,,,,258,500,26,2500,,,,,20804,5,2509,25,,,,,,,,,,,,
megamillions,2016-12-27,$85 Million,$50.5 Million,,,,,2,1,0,4,,,,,304,500,37,2000,,,,,22128,5,2805,20,,,,,,,,,,,,
megamillions,2016-12-30,$96 Million,$57.6 Million,,,,,2,1,2,2,,,,,394,500,52,1000,,,,,26683,5,3253,10,,,,,,,,,,,,
megamillions,2017-01-03,$105 Million,$62.6 Million,,,,,0,1,0,2,,,,,335,500,44,1000,,,,,25738,5,3089,10,,,,,,,,,,,,
megamillions,2017-01-06,$117 Million,$71.1 Million,,,,,0,1,0,5,,,,,370,500,41,2500,,,,,26711,5,3175,25,,,,,,,,,,,,
megamillions,2017-01-10,$126 Million,$76.7 Million,,,,,0,1,0,5,,,,,391,500,44,2500,,,,,25613,5,3054,25,,,,,,,,,,,,
megamillions,2017-01-13,$137 Million,$82.8 Million,,,,,0,1,0,3,,,,,375,500,45,1500,,,,,25348,5,2826,15,,,,,,,,,,,,
megamillions,2017-01-17,$150 Million,$91.1 Million,,,,,0,1,0,5,,,,,370,500,37,2500,,,,,26258,5,2944,25,,,,,,,,,,,,
megamillions,2017-01-20,$162 Million,$97.0 Million,,,,,3,1,0,3,,,,,550,500,71,1500,,,,,35954,5,4574,15,,,,,,,,,,,,
megamillions,2017-01-24,$177 Million,$107.0 Million,,,,,2,1,0,4,,,,,412,500,58,2000,,,,,27852,5,3046,20,,,,,,,,,,,,
megamillions,2017-01-27,$188 Million,$112.3 Million,,,,,0,1,0,3,,,,,465,500,47,1500,,,,,32566,5,3398,15,,,,,,,,,,,,
megamillions,2017-01-31,$15 Million,$8.9 Million,,,,,0,1,0,3,,,,,243,500,23,1500,,,,,17173,5,2217,15,,,,,,,,,,,,
megamillions,2017-02-03,$20 Million,$12.0 Million,,,,,0,1,0,5,,,,,322,500,55,2500,,,,,23058,5,3242,25,,,,,,,,,,,,
megamillions,2017-02-07,$25 Million,$15.0 Million,,,,,2,1,0,5,,,,,233,500,25,2500,,,,,16085,5,2034,25,,,,,,,,,,,,
megamillions,2017-02-10,$30 Million,$18.1 Million,,,,,1,1,0,5,,,,,210,500,26,2500,,,,,16300,5,2135,25,,,,,,,,,,,,
megamillions,2017-02-14,$38 Million,$22.9 Million,,,,,1,1,0,5,,,,,257,500,40,2500,,,,,20295,5,2735,25,,,,,,,,,,,,
megamillions,2017-02-17,$46 Million,$27.8 Million,,,,,0,1,0,5,,,,,245,500,43,2500,,,,,17093,5,2191,25,,,,,,,,,,,,
megamillions,2017-02-21,$55 Million,$33.0 Million,,,,,1,1,0,5,,,,,277,500,39,2500,,,,,21383,5,2847,25,,,,,,,,,,,,
megamillions,2017-02-24,$64 Million,$38.9 Million,,,,,0,1,0,3,,,,,467,500,67,1500,,,,,23289,5,2924,15,,,,,,,,,,,,
megamillions,2017-02-28,$73 Million,$44.5 Million,,,,,2,1,0,2,,,,,299,500,38,1000,,,,,20579,5,2610,10,,,,,,,,,,,,
megamillions,2017-03-03,$83 Million,$49.7 Million,,,,,0,1,0,5,,,,,367,500,65,2500,,,,,23881,5,3060,25,,,,,,,,,,,,
megamillions,2017-03-07,$94 Million,$56.1 Million,,,,,2,1,0,3,,,,,331,500,38,1500,,,,,22904,5,2797,15,,,,,,,,,,,,
megamillions,2017-03-10,$106 Million,$62.5 Million,,,,,1,1,0,5,,,,,308,500,40,2500,,,,,24348,5,2762,25,,,,,,,,,,,,
megamillions,2017-03-14,$119 Million,$70.0 Million,,,,,1,1,0,3,,,,,369,500,43,1500,,,,,26552,5,3388,15,,,,,,,,,,,,
megamillions,2017-03-17,$131 Million,$78.0 Million,,,,,0,1,0,4,,,,,362,500,41,2000,,,,,27366,5,3345,20,,,,,,,,,,,,
megamillions,2017-03-21,$140 Million,$84.0 Million,,,,,0,1,0,3,,,,,324,500,34,1500,,,,,23781,5,2754,15,,,,,,,,,,,,
megamillions,2017-03-24,$151 Million,$91.5 Million,,,,,1,1,0,5,,,,,360,500,31,2500,,,,,28018,5,3194,25,,,,,,,,,,,,
megamillions,2017-03-28,$162 Million,$99.0 Million,,,,,2,1,0,5,,,,,493,500,69,2500,,,,,31816,5,3654,25,,,,,,,,,,,,
megamillions,2017-03-31,$174 Million,$105.3 Million,,,,,1,1,0,3,,,,,522,500,63,1500,,,,,36955,5,4318,15,,,,,,,,,,,,
megamillions,2017-04-04,$15 Million,$9.1 Million,,,,,0,1,0,5,,,,,269,500,28,2500,,,,,18383,5,2492,25,,,,,,,,,,,,
megamillions,2017-04-07,$20 Million,$12.2 Million,,,,,0,1,0,5,,,,,224,500,33,2500,,,,,17011,5,2241,25,,,,,,,,,,,,
megamillions,2017-04-11,$25 Million,$15.2 Million,,,,,0,1,0,5,,,,,248,500,26,2500,,,,,17730,5,2327,25,,,,,,,,,,,,
megamillions,2017-04-14,$30 Million,$18.4 Million,,,,,1,1,1,5,,,,,247,500,35,2500,,,,,16991,5,2316,25,,,,,,,,,,,,
megamillions,2017-04-18,$37 Million,$22.8 Million,,,,,1,1,0,3,,,,,220,500,20,1500,,,,,18140,5,2468,15,,,,,,,,,,,,
megamillions,2017-04-21,$45 Million,$27.8 Million,,,,,0,1,0,2,,,,,320,500,43,1000,,,,,22673,5,3080,10,,,,,,,,,,,,
megamillions,2017-04-25,$52 Million,$31.8 Million,,,,,2,1,0,4,,,,,372,500,52,2000,,,,,23970,5,3266,20,,,,,,,,,,,,
megamillions,2017-04-28,$61 Million,$37.2 Million,,,,,1,1,0,4,,,,,581,500,88,2000,,,,,30340,5,4358,20,,,,,,,,,,,,
megamillions,2017-05-02,$15 Million,$9.1 Million,,,,,2,1,0,4,,,,,189,500,29,2000,,,,,15506,5,2031,20,,,,,,,,,,,,
megamillions,2017-05-05,$20 Million,$12.1 Million,,,,,2,1,0,4,,,,,250,500,40,2000,,,,,19343,5,2663,20,,,,,,,,,,,,
megamillions,2017-05-09,$25 Million,$15.1 Million,,,,,2,1,0,5,,,,,192,500,24,2500,,,,,14895,5,1968,25,,,,,,,,,,,,
megamillions,2017-05-12,$30 Million,$18.2 Million,,,,,0,1,0,4,,,,,269,500,26,2000,,,,,17549,5,2294,20,,,,,,,,,,,,
megamillions,2017-05-16,$36 Million,$21.9 Million,,,,,1,1,0,5,,,,,200,500,21,2500,,,,,15414,5,1941,25,,,,,,,,,,,,
megamillions,2017-05-19,$43 Million,$26.5 Million,,,,,5,1,0,3,,,,,797,500,136,1500,,,,,37791,5,5895,15,,,,,,,,,,,,
megamillions,2017-05-23,$50 Million,$30.9 Million,,,,,2,1,0,2,,,,,310,500,41,1000,,,,,22204,5,3129,10,,,,,,,,,,,,
megamillions,2017-05-26,$58 Million,$35.9 Million,,,,,2,1,1,3,,,,,248,500,35,1500,,,,,19923,5,2645,15,,,,,,,,,,,,
megamillions,2017-05-30,$65 Million,$40.3 Million,,,,,0,1,0,5,,,,,282,500,35,2500,,,,,17924,5,2288,25,,,,,,,,,,,,
megamillions,2017-06-02,$74 Million,$46.4 Million,,,,,0,1,0,3,,,,,315,500,38,1500,,,,,18820,5,2378,15,,,,,,,,,,,,
megamillions,2017-06-06,$80 Million,$50.4 Million,,,,,1,1,0,3,,,,,286,500,36,1500,,,,,22684,5,2990,15,,,,,,,,,,,,
megamillions,2017-06-09,$90 Million,$56.1 Million,,,,,0,1,0,5,,,,,453,500,61,2500,,,,,29016,5,3979,25,,,,,,,,,,,,
megamillions,2017-06-13,$101 Million,$62.9 Million,,,,,2,1,1,3,,,,,348,500,45,1500,,,,,23317,5,2730,15,,,,,,,,,,,,
megamillions,2017-06-16,$113 Million,$71.4 Million,,,,,3,1,0,5,,,,,659,500,76,2500,,,,,33931,5,4351,25,,,,,,,,,,,,
megamillions,2017-06-20,$123 Million,$78.0 Million,,,,,2,1,0,3,,,,,377,500,47,1500,,,,,26738,5,3088,15,,,,,,,,,,,,
megamillions,2017-06-23,$134 Million,$85.4 Million,,,,,1,1,0,2,,,,,352,500,39,1000,,,,,26219,5,2988,10,,,,,,,,,,,,
megamillions,2017-06-27,$145 Million,$92.2 Million,,,,,4,1,0,4,,,,,412,500,55,2000,,,,,28516,5,3145,20,,,,,,,,,,,,
megamillions,2017-06-30,$158 Million,$98.9 Million,,,,,0,1,0,5,,,,,417,500,41,2500,,,,,28894,5,3301,25,,,,,,,,,,,,
megamillions,2017-07-04,$172 Million,$106.8 Million,,,,,2,1,0,4,,,,,352,500,38,2000,,,,,25520,5,2977,20,,,,,,,,,,,,
megamillions,2017-07-07,$186 Million,$114.0 Million,,,,,0,1,0,5,,,,,707,500,93,2500,,,,,44085,5,5823,25,,,,,,,,,,,,
megamillions,2017-07-11,$202 Million,$123.9 Million,,,,,1,1,1,2,,,,,529,500,62,1000,,,,,37115,5,4127,10,,,,,,,,,,,,
megamillions,2017-07-14,$217 Million,$134.1 Million,,,,,1,1,0,4,,,,,525,500,68,2000,,,,,40207,5,4606,20,,,,,,,,,,,,
megamillions,2017-07-18,$232 Million,$143.8 Million,,,,,1,1,0,4,,,,,554,500,59,2000,,,,,41131,5,4603,20,,,,,,,,,,,,
megamillions,2017-07-21,$248 Million,$155.3 Million,,,,,5,1,0,4,,,,,563,500,61,2000,,,,,37546,5,3856,20,,,,,,,,,,,,
megamillions,2017-07-25,$262 Million,$162.3 Million,,,,,1,1,0,3,,,,,581,500,64,1500,,,,,42173,5,4587,15,,,,,,,,,,,,
megamillions,2017-07-28,$282 Million,$173.9 Million,,,,,2,1,0,3,,,,,592,500,69,1500,,,,,43979,5,4638,15,,,,,,,,,,,,
megamillions,2017-08-01,$303 Million,$187.5 Million,,,,,4,1,0,5,,,,,710,500,80,2500,,,,,47073,5,4564,25,,,,,,,,,,,,
megamillions,2017-08-04,$323 Million,$201.7 Million,,,,,1,1,0,5,,,,,814,500,98,2500,,,,,61492,5,6444,25,,,,,,,,,,,,
megamillions,2017-08-08,$350 Million,$218.3 Million,,,,,4,1,0,2,,,,,1007,500,99,1000,,,,,74501,5,7332,10,,,,,,,,,,,,
megamillions,2017-08-11,$393 Million,$247.3 Million,,,,,3,1,1,5,,,,,1414,500,121,2500,,,,,103574,5,10162,25,,,,,,,,,,,,
megamillions,2017-08-15,$15 Million,$9.3 Million,,,,,0,1,0,2,,,,,298,500,43,1000,,,,,21804,5,2877,10,,,,,,,,,,,,
megamillions,2017-08-18,$20 Million,$12.6 Million,,,,,2,1,0,3,,,,,315,500,42,1500,,,,,21142,5,2761,15,,,,,,,,,,,,
megamillions,2017-08-22,$25 Million,$15.8 Million,,,,,0,1,0,4,,,,,343,500,42,2000,,,,,22549,5,2990,20,,,,,,,,,,,,
megamillions,2017-08-25,$37 Million,$23.4 Million,,,,,1,1,0,5,,,,,330,500,33,2500,,,,,22690,5,2890,25,,,,,,,,,,,,
megamillions,2017-08-29,$45 Million,$28.7 Million,,,,,0,1,0,3,,,,,282,500,48,1500,,,,,20916,5,2934,15,,,,,,,,,,,,
megamillions,2017-09-01,$53 Million,$33.6 Million,,,,,2,1,0,5,,,,,312,500,41,2500,,,,,21454,5,2896,25,,,,,,,,,,,,
megamillions,2017-09-05,$61 Million,$38.6 Million,,,,,2,1,1,3,,,,,236,500,28,1500,,,,,17041,5,2200,15,,,,,,,,,,,,
megamillions,2017-09-08,$70 Million,$45.0 Million,,,,,0,1,0,3,,,,,401,500,56,1500,,,,,26207,5,3590,15,,,,,,,,,,,,
megamillions,2017-09-12,$76 Million,$48.2 Million,,,,,0,1,0,4,,,,,281,500,40,2000,,,,,18368,5,2342,20,,,,,,,,,,,,
megamillions,2017-09-15,$86 Million,$54.5 Million,,,,,1,1,0,4,,,,,290,500,35,2000,,,,,21789,5,2736,20,,,,,,,,,,,,
megamillions,2017-09-19,$94 Million,$59.3 Million,,,,,1,1,0,2,,,,,318,500,38,1000,,,,,21546,5,2763,10,,,,,,,,,,,,
megamillions,2017-09-22,$104 Million,$65.8 Million,,,,,2,1,1,5,,,,,298,500,37,2500,,,,,22881,5,2852,25,,,,,,,,,,,,
megamillions,2017-09-26,$15 Million,$9.4 Million,,,,,2,1,0,4,,,,,233,500,26,2000,,,,,14932,5,2025,20,,,,,,,,,,,,
megamillions,2017-09-29,$20 Million,$12.4 Million,,,,,0,1,0,5,,,,,226,500,30,2500,,,,,14767,5,1952,25,,,,,,,,,,,,
megamillions,2017-10-03,$25 Million,$15.4 Million,,,,,0,1,0,5,,,,,329,500,41,2500,,,,,23105,5,3457,25,,,,,,,,,,,,
megamillions,2017-10-06,$30 Million,$18.4 Million,,,,,1,1,0,5,,,,,258,500,37,2500,,,,,18773,5,2496,25,,,,,,,,,,,,
megamillions,2017-10-10,$36 Million,$22.2 Million,,,,,1,1,0,5,,,,,254,500,36,2500,,,,,17872,5,2537,25,,,,,,,,,,,,
megamillions,2017-10-13,$43 Million,$26.8 Million,,,,,1,1,0,2,,,,,693,500,117,1000,,,,,32312,5,4921,10,,,,,,,,,,,,
megamillions,2017-10-17,$15 Million,$9.3 Million,,,,,0,1,0,5,,,,,189,500,26,2500,,,,,13612,5,1877,25,,,,,,,,,,,,
megamillions,2017-10-20,$20 Million,$12.3 Million,,,,,0,1,0,2,,,,,218,500,36,1000,,,,,14481,5,2062,10,,,,,,,,,,,,
megamillions,2017-10-24,$25 Million,$15.3 Million,,,,,1,1,0,4,,,,,246,500,34,2000,,,,,15057,5,1965,20,,,,,,,,,,,,
megamillions,2017-10-27,$30 Million,$18.3 Million,,,,,1,1,1,5,,,,,269,500,40,2500,,,,,17929,5,2491,25,,,,,,,,,,,,
megamillions,2017-10-31,$40 Million,$24.7 Million,,,,,0,1,0,4,,,,,215,500,41,2000,,,,,14427,10,2087,40,,,,,,,,,,,,
megamillions,2017-11-03,$48 Million,$30.0 Million,,,,,2,1,1,2,,,,,209,500,33,1000,,,,,13886,10,2097,20,,,,,,,,,,,,
megamillions,2017-11-07,$59 Million,$37.0 Million,,,,,0,1,0,4,,,,,203,500,25,2000,,,,,12368,10,1891,40,,,,,,,,,,,,
megamillions,2017-11-10,$71 Million,$44.5 Million,,,,,0,1,0,2,,,,,232,500,27,1000,,,,,14742,10,2227,20,,,,,,,,,,,,
megamillions,2017-11-14,$82 Million,$51.1 Million,,,,,2,1,0,3,,,,,488,500,87,1500,,,,,23085,10,3781,30,,,,,,,,,,,,
megamillions,2017-11-17,$95 Million,$59.5 Million,,,,,1,1,1,4,,,,,220,500,23,2000,,,,,14988,10,2255,40,,,,,,,,,,,,
megamillions,2017-11-21,$106 Million,$66.9 Million,,,,,3,1,0,3,,,,,430,500,67,1500,,,,,25206,10,4156,30,,,,,,,,,,,,
megamillions,2017-11-24,$119 Million,$75.0 Million,,,,,0,1,0,3,,,,,211,500,35,1500,,,,,14177,10,2195,30,,,,,,,,,,,,
megamillions,2017-11-28,$132 Million,$83.1 Million,,,,,0,1,0,2,,,,,290,500,41,1000,,,,,17529,10,2693,20,,,,,,,,,,,,
megamillions,2017-12-01,$145 Million,$91.0 Million,,,,,3,1,1,4,,,,,285,500,48,2000,,,,,18117,10,2823,40,,,,,,,,,,,,
megamillions,2017-12-05,$160 Million,$100.8 Million,,,,,0,1,0,4,,,,,274,500,37,2000,,,,,18019,10,2549,40,,,,,,,,,,,,
megamillions,2017-12-08,$176 Million,$110.9 Million,,,,,1,1,1,2,,,,,280,500,45,1000,,,,,18199,10,2429,20,,,,,,,,,,,,
megamillions,2017-12-12,$191 Million,$119.9 Million,,,,,1,1,0,2,,,,,577,500,113,1000,,,,,29860,10,4865,20,,,,,,,,,,,,
megamillions,2017-12-15,$208 Million,$132.2 Million,,,,,0,1,0,4,,,,,341,500,46,2000,,,,,23943,10,3438,40,,,,,,,,,,,,
megamillions,2017-12-19,$223 Million,$140.1 Million,,,,,0,1,0,3,,,,,359,500,34,1500,,,,,24480,10,3194,30,,,,,,,,,,,,
megamillions,2017-12-22,$253 Million,$157.5 Million,,,,,1,1,0,4,,,,,514,500,77,2000,,,,,34354,10,4711,40,,,,,,,,,,,,
megamillions,2017-12-26,$277 Million,$173.0 Million,,,,,1,1,1,4,,,,,563,500,73,2000,,,,,34807,10,4813,40,,,,,,,,,,,,
megamillions,2017-12-29,$306 Million,$193.1 Million,,,,,1,1,0,2,,,,,1087,500,156,1000,,,,,68098,10,8733,20,,,,,,,,,,,,
megamillions,2018-01-02,$361 Million,$225.9 Million,,,,,2,1,1,4,,,,,1010,500,119,2000,,,,,66577,10,7889,40,,,,,,,,,,,,
megamillions,2018-01-05,$450 Million,$281.2 Million,,,,,8,1,2,3,,,,,1583,500,198,1500,,,,,103260,10,11779,30,,,,,,,,,,,,
megamillions,2018-01-09,$40 Million,$24.7 Million,,,,,0,1,0,3,,,,,220,500,36,1500,,,,,16584,10,2551,30,,,,,,,,,,,,
megamillions,2018-01-12,$45 Million,$27.7 Million,,,,,1,1,0,4,,,,,238,500,43,2000,,,,,15969,10,2587,40,,,,,,,,,,,,
megamillions,2018-01-16,$50 Million,$31.0 Million,,,,,0,1,0,3,,,,,395,500,65,1500,,,,,21663,10,3648,30,,,,,,,,,,,,
megamillions,2018-01-19,$55 Million,$33.6 Million,,,,,1,1,0,3,,,,,284,500,38,1500,,,,,17848,10,2956,30,,,,,,,,,,,,
megamillions,2018-01-23,$63 Million,$38.6 Million,,,,,1,1,0,4,,,,,262,500,48,2000,,,,,18098,10,2907,40,,,,,,,,,,,,
megamillions,2018-01-26,$76 Million,$46.6 Million,,,,,0,1,0,4,,,,,276,500,47,2000,,,,,19078,10,3145,40,,,,,,,,,,,,
megamillions,2018-01-30,$89 Million,$53.9 Million,,,,,1,1,0,3,,,,,220,500,29,1500,,,,,14782,10,2363,30,,,,,,,,,,,,
megamillions,2018-02-02,$104 Million,$62.2 Million,,,,,1,1,0,3,,,,,542,500,104,1500,,,,,25922,10,4406,30,,,,,,,,,,,,
megamillions,2018-02-06,$120 Million,$71.8 Million,,,,,2,1,0,3,,,,,310,500,55,1500,,,,,18892,10,3082,30,,,,,,,,,,,,
megamillions,2018-02-09,$136 Million,$80.2 Million,,,,,3,1,0,3,,,,,288,500,45,1500,,,,,18004,10,2783,30,,,,,,,,,,,,
megamillions,2018-02-13,$153 Million,$90.6 Million,,,,,3,1,0,4,,,,,326,500,50,2000,,,,,22193,10,3432,40,,,,,,,,,,,,
megamillions,2018-02-16,$168 Million,$99.8 Million,,,,,3,1,0,3,,,,,324,500,51,1500,,,,,19924,10,2949,30,,,,,,,,,,,,
megamillions,2018-02-20,$185 Million,$109.2 Million,,,,,0,1,0,3,,,,,459,500,68,1500,,,,,25797,10,4082,30,,,,,,,,,,,,
megamillions,2018-02-23,$204 Million,$120.1 Million,,,,,3,1,1,4,,,,,665,500,136,2000,,,,,34880,10,6037,40,,,,,,,,,,,,
megamillions,2018-02-27,$222 Million,$131.4 Million,,,,,0,1,0,3,,,,,440,500,72,1500,,,,,28587,10,4307,30,,,,,,,,,,,,
megamillions,2018-03-02,$243 Million,$144.5 Million,,,,,2,1,0,4,,,,,380,500,62,2000,,,,,24561,10,3586,40,,,,,,,,,,,,
megamillions,2018-03-06,$265 Million,$157.2 Million,,,,,2,1,0,5,,,,,497,500,70,2500,,,,,31500,10,4545,50,,,,,,,,,,,,
megamillions,2018-03-09,$290 Million,$171.0 Million,,,,,0,1,0,4,,,,,443,500,57,2000,,,,,31539,10,4728,40,,,,,,,,,,,,
megamillions,2018-03-13,$318 Million,$189.2 Million,,,,,4,1,1,5,,,,,470,500,68,2500,,,,,31908,10,4287,50,,,,,,,,,,,,
megamillions,2018-03-16,$345 Million,$206.5 Million,,,,,4,1,1,3,,,,,677,500,101,1500,,,,,43136,10,5936,30,,,,,,,,,,,,
megamillions,2018-03-20,$377 Million,$224.5 Million,,,,,0,1,0,3,,,,,611,500,82,1500,,,,,39337,10,5120,30,,,,,,,,,,,,
megamillions,2018-03-23,$421 Million,$252.3 Million,,,,,2,1,0,3,,,,,767,500,121,1500,,,,,50293,10,7234,30,,,,,,,,,,,,
megamillions,2018-03-27,$458 Million,$275.0 Million,,,,,2,1,0,3,,,,,798,500,119,1500,,,,,54409,10,7030,30,,,,,,,,,,,,
megamillions,2018-03-30,$521 Million,$317.2 Million,,,,,2,1,0,3,,,,,1793,500,226,1500,,,,,113890,10,13977,30,,,,,,,,,,,,
megamillions,2018-04-03,$40 Million,$24.0 Million,,,,,0,1,0,2,,,,,263,500,34,1000,,,,,17316,10,2915,20,,,,,,,,,,,,
megamillions,2018-04-06,$45 Million,$26.8 Million,,,,,0,1,0,4,,,,,246,500,62,2000,,,,,15607,10,2680,40,,,,,,,,,,,,
megamillions,2018-04-10,$50 Million,$30.0 Million,,,,,1,1,0,2,,,,,276,500,51,1000,,,,,17631,10,3062,20,,,,,,,,,,,,
megamillions,2018-04-13,$55 Million,$32.9 Million,,,,,1,1,0,4,,,,,268,500,49,2000,,,,,17495,10,2921,40,,,,,,,,,,,,
megamillions,2018-04-17,$67 Million,$40.1 Million,,,,,0,1,0,4,,,,,226,500,33,2000,,,,,15805,10,2624,40,,,,,,,,,,,,
megamillions,2018-04-20,$80 Million,$47.1 Million,,,,,1,1,0,2,,,,,277,500,47,1000,,,,,19072,10,3212,20,,,,,,,,,,,,
megamillions,2018-04-24,$96 Million,$56.3 Million,,,,,1,1,0,3,,,,,282,500,57,1500,,,,,19128,10,3269,30,,,,,,,,,,,,
megamillions,2018-04-27,$111 Million,$65.4 Million,,,,,1,1,1,2,,,,,280,500,49,1000,,,,,17527,10,2765,20,,,,,,,,,,,,
megamillions,2018-05-01,$126 Million,$74.3 Million,,,,,1,1,1,4,,,,,322,500,54,2000,,,,,21542,10,3523,40,,,,,,,,,,,,
megamillions,2018-05-04,$143 Million,$84.6 Million,,,,,12,1,6,4,,,,,1447,500,278,2000,,,,,45620,10,8387,40,,,,,,,,,,,,
megamillions,2018-05-08,$40 Million,$23.5 Million,,,,,5,1,0,2,,,,,211,500,32,1000,,,,,13190,10,2163,20,,,,,,,,,,,,
megamillions,2018-05-11,$45 Million,$26.6 Million,,,,,3,1,1,3,,,,,191,500,34,1500,,,,,13990,10,2262,30,,,,,,,,,,,,
megamillions,2018-05-15,$50 Million,$29.1 Million,,,,,0,1,0,2,,,,,186,500,30,1000,,,,,12957,10,2180,20,,,,,,,,,,,,
megamillions,2018-05-18,$55 Million,$31.9 Million,,,,,0,1,0,2,,,,,220,500,44,1000,,,,,13619,10,2382,20,,,,,,,,,,,,
megamillions,2018-05-22,$60 Million,$34.9 Million,,,,,0,1,0,3,,,,,247,500,34,1500,,,,,16403,10,2819,30,,,,,,,,,,,,
megamillions,2018-05-25,$73 Million,$43.4 Million,,,,,0,1,0,4,,,,,220,500,43,2000,,,,,14572,10,2293,40,,,,,,,,,,,,
megamillions,2018-05-29,$84 Million,$49.8 Million,,,,,0,1,0,3,,,,,245,500,27,1500,,,,,13774,10,2268,30,,,,,,,,,,,,
megamillions,2018-06-01,$97 Million,$57.9 Million,,,,,1,1,0,3,,,,,261,500,37,1500,,,,,16644,10,2776,30,,,,,,,,,,,,
megamillions,2018-06-05,$110 Million,$65.6 Million,,,,,0,1,0,2,,,,,291,500,46,1000,,,,,18122,10,2861,20,,,,,,,,,,,,
megamillions,2018-06-08,$127 Million,$75.6 Million,,,,,1,1,0,2,,,,,297,500,41,1000,,,,,19287,10,2908,20,,,,,,,,,,,,
megamillions,2018-06-12,$144 Million,$85.4 Million,,,,,1,1,0,2,,,,,1049,500,182,1000,,,,,38140,10,6651,20,,,,,,,,,,,,
megamillions,2018-06-15,$161 Million,$96.6 Million,,,,,2,1,1,2,,,,,314,500,48,1000,,,,,21632,10,3299,20,,,,,,,,,,,,
megamillions,2018-06-19,$175 Million,$105.3 Million,,,,,0,1,0,3,,,,,300,500,36,1500,,,,,20916,10,3176,30,,,,,,,,,,,,
megamillions,2018-06-22,$192 Million,$114.9 Million,,,,,1,1,0,2,,,,,651,500,120,1000,,,,,34832,10,5677,20,,,,,,,,,,,,
megamillions,2018-06-26,$212 Million,$127.4 Million,,,,,2,1,0,2,,,,,368,500,44,1000,,,,,26514,10,3869,20,,,,,,,,,,,,
megamillions,2018-06-29,$232 Million,$140.6 Million,,,,,1,1,1,4,,,,,411,500,53,2000,,,,,26612,10,3763,40,,,,,,,,,,,,
megamillions,2018-07-03,$256 Million,$153.8 Million,,,,,0,1,0,2,,,,,451,500,41,1000,,,,,28742,10,4048,20,,,,,,,,,,,,
megamillions,2018-07-06,$283 Million,$171.6 Million,,,,,1,1,0,3,,,,,430,500,69,1500,,,,,29828,10,4343,30,,,,,,,,,,,,
megamillions,2018-07-10,$306 Million,$184.3 Million,,,,,2,1,0,3,,,,,862,500,146,1500,,,,,40644,10,6131,30,,,,,,,,,,,,
megamillions,2018-07-13,$340 Million,$205.5 Million,,,,,1,1,0,2,,,,,611,500,69,1000,,,,,40952,10,5375,20,,,,,,,,,,,,
megamillions,2018-07-17,$375 Million,$226.4 Million,,,,,3,1,0,5,,,,,657,500,97,2500,,,,,41828,10,5211,50,,,,,,,,,,,,
megamillions,2018-07-20,$433 Million,$260.0 Million,,,,,2,1,0,2,,,,,1093,500,145,1000,,,,,72615,10,9113,20,,,,,,,,,,,,
megamillions,2018-07-24,$522 Million,$308.1 Million,,,,,8,1,2,3,,,,,3426,500,510,1500,,,,,185709,10,25052,30,,,,,,,,,,,,
megamillions,2018-07-27,$40 Million,$23.6 Million,,,,,1,1,0,3,,,,,224,500,37,1500,,,,,14125,10,2328,30,,,,,,,,,,,,
megamillions,2018-07-31,$45 Million,$26.6 Million,,,,,0,1,0,2,,,,,220,500,30,1000,,,,,13292,10,2226,20,,,,,,,,,,,,
megamillions,2018-08-03,$50 Million,$29.5 Million,,,,,1,1,0,2,,,,,222,500,37,1000,,,,,16663,10,2976,20,,,,,,,,,,,,
megamillions,2018-08-07,$55 Million,$32.5 Million,,,,,1,1,0,5,,,,,263,500,42,2500,,,,,17982,10,3036,50,,,,,,,,,,,,
megamillions,2018-08-10,$63 Million,$37.6 Million,,,,,1,1,0,5,,,,,470,500,103,2500,,,,,26353,10,4878,50,,,,,,,,,,,,
megamillions,2018-08-14,$75 Million,$44.8 Million,,,,,0,1,0,2,,,,,277,500,48,1000,,,,,16674,10,2816,20,,,,,,,,,,,,
megamillions,2018-08-17,$88 Million,$52.8 Million,,,,,1,1,0,2,,,,,232,500,40,1000,,,,,16219,10,2691,20,,,,,,,,,,,,
megamillions,2018-08-21,$102 Million,$61.3 Million,,,,,0,1,0,3,,,,,274,500,40,1500,,,,,19560,10,3090,30,,,,,,,,,,,,
megamillions,2018-08-24,$118 Million,$71.1 Million,,,,,4,1,1,2,,,,,446,500,70,1000,,,,,26545,10,4446,20,,,,,,,,,,,,
megamillions,2018-08-28,$134 Million,$80.4 Million,,,,,1,1,1,3,,,,,311,500,50,1500,,,,,20912,10,3321,30,,,,,,,,,,,,
megamillions,2018-08-31,$152 Million,$91.7 Million,,,,,1,1,0,3,,,,,438,500,71,1500,,,,,25562,10,4268,30,,,,,,,,,,,,
megamillions,2018-09-04,$167 Million,$99.7 Million,,,,,0,1,0,3,,,,,328,500,58,1500,,,,,24824,10,4008,30,,,,,,,,,,,,
megamillions,2018-09-07,$187 Million,$110.9 Million,,,,,2,1,0,2,,,,,337,500,52,1000,,,,,21284,10,3345,20,,,,,,,,,,,,
megamillions,2018-09-11,$207 Million,$122.7 Million,,,,,0,1,0,2,,,,,357,500,51,1000,,,,,22667,10,3237,20,,,,,,,,,,,,
megamillions,2018-09-14,$227 Million,$133.9 Million,,,,,1,1,0,4,,,,,402,500,52,2000,,,,,24420,10,3400,40,,,,,,,,,,,,
megamillions,2018-09-18,$252 Million,$148.0 Million,,,,,1,1,0,2,,,,,379,500,51,1000,,,,,24516,10,3343,20,,,,,,,,,,,,
megamillions,2018-09-21,$275 Million,$160.5 Million,,,,,1,1,0,4,,,,,492,500,74,2000,,,,,32764,10,4995,40,,,,,,,,,,,,
megamillions,2018-09-25,$303 Million,$176.1 Million,,,,,1,1,0,2,,,,,615,500,93,1000,,,,,34495,10,4780,20,,,,,,,,,,,,
megamillions,2018-09-28,$336 Million,$197.4 Million,,,,,1,1,0,3,,,,,527,500,65,1500,,,,,32958,10,4450,30,,,,,,,,,,,,
megamillions,2018-10-02,$367 Million,$213.0 Million,,,,,0,1,0,3,,,,,691,500,98,1500,,,,,44545,10,6300,30,,,,,,,,,,,,
megamillions,2018-10-05,$420 Million,$237.1 Million,,,,,2,1,0,2,,,,,727,500,103,1000,,,,,48680,10,6348,20,,,,,,,,,,,,
megamillions,2018-10-09,$470 Million,$265.2 Million,,,,,4,1,0,3,,,,,920,500,121,1500,,,,,58257,10,7193,30,,,,,,,,,,,,
megamillions,2018-10-12,$548 Million,$312.2 Million,,,,,1,1,1,3,,,,,1370,500,159,1500,,,,,89664,10,10769,30,,,,,,,,,,,,
megamillions,2018-10-16,$667 Million,$380.0 Million,,,,,9,1,1,5,,,,,2440,500,252,2500,,,,,163877,10,19223,50,,,,,,,,,,,,
megamillions,2018-10-19,$1 Billion,$565.6 Million,,,,,15,1,1,2,,,,,6661,500,728,1000,,,,,437325,10,49211,20,,,,,,,,,,,,
megamillions,2018-10-23,$1.6 Billion,$913.7 Million,,,,,36,1,2,3,,,,,8756,500,987,1500,,,,,579616,10,65813,30,,,,,,,,,,,,
megamillions,2018-10-26,$40 Million,$22.8 Million,,,,,1,1,0,4,,,,,377,500,76,2000,,,,,23540,10,4162,40,,,,,,,,,,,,
megamillions,2018-10-30,$45 Million,$25.6 Million,,,,,3,1,1,2,,,,,327,500,52,1000,,,,,21084,10,3612,20,,,,,,,,,,,,
megamillions,2018-11-02,$52 Million,$29.3 Million,,,,,0,1,0,2,,,,,345,500,59,1000,,,,,21264,10,3845,20,,,,,,,,,,,,
megamillions,2018-11-06,$70 Million,$39.4 Million,,,,,1,1,0,2,,,,,279,500,52,1000,,,,,17767,10,3103,20,,,,,,,,,,,,
megamillions,2018-11-09,$90 Million,$50.8 Million,,,,,0,1,0,4,,,,,300,500,48,2000,,,,,19705,10,3409,40,,,,,,,,,,,,
megamillions,2018-11-13,$106 Million,$60.1 Million,,,,,1,1,1,3,,,,,295,500,44,1500,,,,,17649,10,3029,30,,,,,,,,,,,,
megamillions,2018-11-16,$122 Million,$69.5 Million,,,,,3,1,2,3,,,,,307,500,46,1500,,,,,18227,10,3033,30,,,,,,,,,,,,
megamillions,2018-11-20,$139 Million,$80.0 Million,,,,,0,1,0,3,,,,,309,500,49,1500,,,,,21896,10,3530,30,,,,,,,,,,,,
megamillions,2018-11-23,$155 Million,$89.5 Million,,,,,0,1,0,4,,,,,313,500,46,2000,,,,,23367,10,4178,40,,,,,,,,,,,,
megamillions,2018-11-27,$172 Million,$98.8 Million,,,,,0,1,0,4,,,,,371,500,64,2000,,,,,21898,10,3573,40,,,,,,,,,,,,
megamillions,2018-11-30,$190 Million,$109.5 Million,,,,,1,1,1,3,,,,,295,500,47,1500,,,,,20534,10,3389,30,,,,,,,,,,,,
megamillions,2018-12-04,$208 Million,$121.6 Million,,,,,2,1,1,3,,,,,337,500,65,1500,,,,,23119,10,3636,30,,,,,,,,,,,,
megamillions,2018-12-07,$226 Million,$132.9 Million,,,,,1,1,0,3,,,,,418,500,67,1500,,,,,27927,10,4741,30,,,,,,,,,,,,
megamillions,2018-12-11,$245 Million,$145.6 Million,,,,,1,1,0,2,,,,,337,500,57,1000,,,,,22896,10,3553,20,,,,,,,,,,,,
megamillions,2018-12-14,$262 Million,$154.9 Million,,,,,3,1,2,4,,,,,433,500,66,2000,,,,,26979,10,4227,40,,,,,,,,,,,,
megamillions,2018-12-18,$284 Million,$168.9 Million,,,,,1,1,0,3,,,,,381,500,53,1500,,,,,24620,10,3798,30,,,,,,,,,,,,
megamillions,2018-12-21,$305 Million,$184.0 Million,,,,,1,1,0,3,,,,,424,500,62,1500,,,,,27563,10,4108,30,,,,,,,,,,,,
megamillions,2018-12-25,$321 Million,$193.9 Million,,,,,2,1,1,3,,,,,663,500,95,1500,,,,,43109,10,5821,30,,,,,,,,,,,,
megamillions,2018-12-28,$370 Million,$223.2 Million,,,,,6,1,1,2,,,,,861,500,129,1000,,,,,55299,10,8261,20,,,,,,,,,,,,
megamillions,2019-01-01,$425 Million,$254.6 Million,,,,,7,1,1,4,,,,,1086,500,145,2000,,,,,72721,10,10029,40,,,,,,,,,,,,
megamillions,2019-01-04,$40 Million,$24.2 Million,,,,,1,1,0,4,,,,,272,500,44,2000,,,,,16274,10,2844,40,,,,,,,,,,,,
megamillions,2019-01-08,$45 Million,$27.1 Million,,,,,0,1,0,5,,,,,230,500,56,2500,,,,,16523,10,2903,50,,,,,,,,,,,,
megamillions,2019-01-11,$50 Million,$30.0 Million,,,,,2,1,0,3,,,,,242,500,34,1500,,,,,17072,10,3103,30,,,,,,,,,,,,
megamillions,2019-01-15,$55 Million,$32.9 Million,,,,,2,1,0,2,,,,,215,500,28,1000,,,,,14744,10,2667,20,,,,,,,,,,,,
megamillions,2019-01-18,$68 Million,$40.5 Million,,,,,0,1,0,3,,,,,221,500,32,1500,,,,,15259,10,2637,30,,,,,,,,,,,,
megamillions,2019-01-22,$82 Million,$49.0 Million,,,,,1,1,0,5,,,,,236,500,42,2500,,,,,15012,10,2632,50,,,,,,,,,,,,
megamillions,2019-01-25,$96 Million,$57.5 Million,,,,,1,1,1,2,,,,,275,500,49,1000,,,,,18290,10,3223,20,,,,,,,,,,,,
megamillions,2019-01-29,$109 Million,$65.2 Million,,,,,2,1,1,2,,,,,259,500,46,1000,,,,,17635,10,2974,20,,,,,,,,,,,,
megamillions,2019-02-01,$125 Million,$75.5 Million,,,,,0,1,0,5,,,,,250,500,42,2500,,,,,17570,10,2922,50,,,,,,,,,,,,
megamillions,2019-02-05,$139 Million,$83.5 Million,,,,,0,1,0,2,,,,,293,500,45,1000,,,,,18616,10,2964,20,,,,,,,,,,,,
megamillions,2019-02-08,$157 Million,$95.4 Million,,,,,2,1,0,3,,,,,376,500,61,1500,,,,,22052,10,3812,30,,,,,,,,,,,,
megamillions,2019-02-12,$173 Million,$104.5 Million,,,,,1,1,0,3,,,,,278,500,51,1500,,,,,18694,10,3068,30,,,,,,,,,,,,
megamillions,2019-02-15,$190 Million,$115.0 Million,,,,,1,1,0,2,,,,,301,500,53,1000,,,,,20610,10,3424,20,,,,,,,,,,,,
megamillions,2019-02-19,$206 Million,$125.2 Million,,,,,1,1,0,2,,,,,326,500,46,1000,,,,,21896,10,3533,20,,,,,,,,,,,,
megamillions,2019-02-22,$224 Million,$135.5 Million,,,,,4,1,0,4,,,,,378,500,63,2000,,,,,25531,10,4190,40,,,,,,,,,,,,
megamillions,2019-02-26,$245 Million,$148.3 Million,,,,,3,1,0,3,,,,,549,500,85,1500,,,,,33611,10,5665,30,,,,,,,,,,,,
megamillions,2019-03-01,$267 Million,$159.0 Million,,,,,0,1,0,2,,,,,420,500,58,1000,,,,,26367,10,4163,20,,,,,,,,,,,,
megamillions,2019-03-05,$40 Million,$23.8 Million,,,,,0,1,0,3,,,,,256,500,38,1500,,,,,16123,10,2882,30,,,,,,,,,,,,
megamillions,2019-03-08,$45 Million,$27.1 Million,,,,,0,1,0,4,,,,,262,500,40,2000,,,,,15829,10,2865,40,,,,,,,,,,,,
megamillions,2019-03-12,$50 Million,$30.2 Million,,,,,0,1,0,4,,,,,263,500,46,2000,,,,,18808,10,3484,40,,,,,,,,,,,,
megamillions,2019-03-15,$40 Million,$24.3 Million,,,,,0,1,0,3,,,,,246,500,33,1500,,,,,16326,10,2934,30,,,,,,,,,,,,
megamillions,2019-03-19,$45 Million,$27.1 Million,,,,,1,1,0,3,,,,,227,500,43,1500,,,,,16251,10,2796,30,,,,,,,,,,,,
megamillions,2019-03-22,$50 Million,$30.9 Million,,,,,2,1,0,3,,,,,284,500,43,1500,,,,,18489,10,3174,30,,,,,,,,,,,,
megamillions,2019-03-26,$57 Million,$35.4 Million,,,,,2,1,0,3,,,,,310,500,55,1500,,,,,21226,10,3625,30,,,,,,,,,,,,
megamillions,2019-03-29,$75 Million,$46.9 Million,,,,,0,1,0,3,,,,,271,500,51,1500,,,,,19753,10,3387,30,,,,,,,,,,,,
megamillions,2019-04-02,$88 Million,$54.0 Million,,,,,0,1,0,3,,,,,265,500,49,1500,,,,,16622,10,2916,30,,,,,,,,,,,,
megamillions,2019-04-05,$104 Million,$63.6 Million,,,,,2,1,1,2,,,,,323,500,54,1000,,,,,22100,10,3754,20,,,,,,,,,,,,
megamillions,2019-04-09,$120 Million,$73.6 Million,,,,,1,1,0,2,,,,,377,500,70,1000,,,,,22443,10,3842,20,,,,,,,,,,,,
megamillions,2019-04-12,$140 Million,$85.1 Million,,,,,0,1,0,2,,,,,326,500,49,1000,,,,,22779,10,3780,20,,,,,,,,,,,,
megamillions,2019-04-16,$157 Million,$95.2 Million,,,,,2,1,0,2,,,,,362,500,60,1000,,,,,21809,10,3584,20,,,,,,,,,,,,
megamillions,2019-04-19,$175 Million,$106.4 Million,,,,,1,1,0,4,,,,,327,500,39,2000,,,,,21485,10,3540,40,,,,,,,,,,,,
megamillions,2019-04-23,$192 Million,$116.4 Million,,,,,0,1,0,4,,,,,380,500,44,2000,,,,,23866,10,3922,40,,,,,,,,,,,,
megamillions,2019-04-26,$212 Million,$129.9 Million,,,,,0,1,0,4,,,,,561,500,91,2000,,,,,31668,10,5492,40,,,,,,,,,,,,
megamillions,2019-04-30,$229 Million,$139.8 Million,,,,,1,1,0,3,,,,,366,500,59,1500,,,,,24382,10,3822,30,,,,,,,,,,,,
megamillions,2019-05-03,$252 Million,$154.3 Million,,,,,1,1,0,2,,,,,417,500,65,1000,,,,,27850,10,4428,20,,,,,,,,,,,,
megamillions,2019-05-07,$273 Million,$168.3 Million,,,,,0,1,0,3,,,,,437,500,53,1500,,,,,27865,10,4391,30,,,,,,,,,,,,
megamillions,2019-05-10,$295 Million,$182.5 Million,,,,,1,1,0,2,,,,,394,500,52,1000,,,,,28894,10,4519,20,,,,,,,,,,,,
megamillions,2019-05-14,$316 Million,$196.2 Million,,,,,1,1,0,4,,,,,426,500,65,2000,,,,,28722,10,4440,40,,,,,,,,,,,,
megamillions,2019-05-17,$339 Million,$210.6 Million,,,,,3,1,0,3,,,,,573,500,80,1500,,,,,36159,10,5831,30,,,,,,,,,,,,
megamillions,2019-05-21,$367 Million,$228.0 Million,,,,,5,1,2,5,,,,,487,500,76,2500,,,,,31989,10,4818,50,,,,,,,,,,,,
megamillions,2019-05-24,$393 Million,$247.6 Million,,,,,1,1,1,2,,,,,535,500,78,1000,,,,,34350,10,5119,20,,,,,,,,,,,,
megamillions,2019-05-28,$418 Million,$264.7 Million,,,,,5,1,2,2,,,,,616,500,90,1000,,,,,38550,10,5670,20,,,,,,,,,,,,
megamillions,2019-05-31,$444 Million,$287.0 Million,,,,,2,1,0,3,,,,,734,500,97,1500,,,,,48937,10,7204,30,,,,,,,,,,,,
megamillions,2019-06-04,$475 Million,$308.2 Million,,,,,5,1,1,2,,,,,761,500,113,1000,,,,,50912,10,7334,20,,,,,,,,,,,,
megamillions,2019-06-07,$530 Million,$345.2 Million,,,,,3,1,0,3,,,,,1050,500,144,1500,,,,,69646,10,10029,30,,,,,,,,,,,,
megamillions,2019-06-11,$40 Million,$25.8 Million,,,,,1,1,1,3,,,,,212,500,43,1500,,,,,15000,10,2720,30,,,,,,,,,,,,
megamillions,2019-06-14,$45 Million,$29.2 Million,,,,,1,1,1,2,,,,,226,500,43,1000,,,,,14605,10,2666,20,,,,,,,,,,,,
megamillions,2019-06-18,$50 Million,$32.7 Million,,,,,0,1,0,2,,,,,370,500,66,1000,,,,,21381,10,4261,20,,,,,,,,,,,,
megamillions,2019-06-21,$55 Million,$36.0 Million,,,,,2,1,0,3,,,,,208,500,48,1500,,,,,15500,10,2778,30,,,,,,,,,,,,
megamillions,2019-06-25,$60 Million,$39.4 Million,,,,,1,1,0,3,,,,,243,500,57,1500,,,,,15265,10,2789,30,,,,,,,,,,,,
megamillions,2019-06-28,$71 Million,$46.5 Million,,,,,0,1,0,2,,,,,237,500,45,1000,,,,,15700,10,2882,20,,,,,,,,,,,,
megamillions,2019-07-02,$83 Million,$54.1 Million,,,,,0,1,0,2,,,,,258,500,47,1000,,,,,17018,10,3073,20,,,,,,,,,,,,
megamillions,2019-07-05,$95 Million,$62.5 Million,,,,,0,1,0,2,,,,,229,500,48,1000,,,,,14623,10,2565,20,,,,,,,,,,,,
megamillions,2019-07-09,$107 Million,$69.5 Million,,,,,1,1,1,2,,,,,281,500,39,1000,,,,,17237,10,3006,20,,,,,,,,,,,,
megamillions,2019-07-12,$121 Million,$77.5 Million,,,,,0,1,0,2,,,,,294,500,37,1000,,,,,18099,10,3120,20,,,,,,,,,,,,
megamillions,2019-07-16,$137 Million,$87.9 Million,,,,,1,1,0,3,,,,,340,500,55,1500,,,,,21428,10,3772,30,,,,,,,,,,,,
megamillions,2019-07-19,$154 Million,$99.8 Million,,,,,0,1,0,3,,,,,320,500,50,1500,,,,,21733,10,3738,30,,,,,,,,,,,,
megamillions,2019-07-23,$168 Million,$108.5 Million,,,,,1,1,0,2,,,,,395,500,70,1000,,,,,23623,10,3946,20,,,,,,,,,,,,
megamillions,2019-07-26,$40 Million,$25.9 Million,,,,,0,1,0,3,,,,,278,500,55,1500,,,,,19024,10,3663,30,,,,,,,,,,,,
megamillions,2019-07-30,$45 Million,$29.2 Million,,,,,1,1,1,3,,,,,286,500,57,1500,,,,,17269,10,3257,30,,,,,,,,,,,,
megamillions,2019-08-02,$50 Million,$33.3 Million,,,,,1,1,0,2,,,,,271,500,42,1000,,,,,15789,10,3014,20,,,,,,,,,,,,
megamillions,2019-08-06,$55 Million,$37.3 Million,,,,,0,1,0,2,,,,,264,500,49,1000,,,,,16484,10,3124,20,,,,,,,,,,,,
megamillions,2019-08-09,$60 Million,$41.3 Million,,,,,0,1,0,2,,,,,180,500,38,1000,,,,,13036,10,2373,20,,,,,,,,,,,,
megamillions,2019-08-13,$65 Million,$45.5 Million,,,,,0,1,0,3,,,,,274,500,49,1500,,,,,16944,10,3193,30,,,,,,,,,,,,
megamillions,2019-08-16,$70 Million,$49.7 Million,,,,,0,1,0,2,,,,,331,500,60,1000,,,,,19808,10,3799,20,,,,,,,,,,,,
megamillions,2019-08-20,$79 Million,$56.1 Million,,,,,1,1,0,3,,,,,227,500,36,1500,,,,,15599,10,2854,30,,,,,,,,,,,,
megamillions,2019-08-23,$90 Million,$63.2 Million,,,,,1,1,0,2,,,,,246,500,38,1000,,,,,15893,10,2778,20,,,,,,,,,,,,
megamillions,2019-08-27,$103 Million,$73.7 Million,,,,,1,1,0,2,,,,,374,500,64,1000,,,,,22176,10,3864,20,,,,,,,,,,,,
megamillions,2019-08-30,$113 Million,$80.7 Million,,,,,0,1,0,4,,,,,470,500,78,2000,,,,,27262,10,4928,40,,,,,,,,,,,,
megamillions,2019-09-03,$127 Million,$90.9 Million,,,,,1,1,0,2,,,,,251,500,40,1000,,,,,17646,10,3002,20,,,,,,,,,,,,
megamillions,2019-09-06,$139 Million,$98.7 Million,,,,,2,1,0,4,,,,,715,500,146,2000,,,,,34498,10,6668,40,,,,,,,,,,,,
megamillions,2019-09-10,$154 Million,$107.7 Million,,,,,0,1,0,2,,,,,281,500,39,1000,,,,,19525,10,3219,20,,,,,,,,,,,,
megamillions,2019-09-13,$172 Million,$117.1 Million,,,,,1,1,0,2,,,,,363,500,52,1000,,,,,21922,10,3548,20,,,,,,,,,,,,
megamillions,2019-09-17,$192 Million,$130.4 Million,,,,,1,1,0,4,,,,,370,500,47,2000,,,,,23882,10,3798,40,,,,,,,,,,,,
megamillions,2019-09-20,$211 Million,$145.5 Million,,,,,1,1,0,2,,,,,390,500,54,1000,,,,,25670,10,4112,20,,,,,,,,,,,,
megamillions,2019-09-24,$227 Million,$158.4 Million,,,,,1,1,1,4,,,,,488,500,83,2000,,,,,30410,10,4720,40,,,,,,,,,,,,
megamillions,2019-09-27,$40 Million,$27.8 Million,,,,,0,1,0,3,,,,,278,500,53,1500,,,,,16193,10,2951,30,,,,,,,,,,,,
megamillions,2019-10-01,$45 Million,$31.7 Million,,,,,0,1,0,2,,,,,243,500,42,1000,,,,,14473,10,2720,20,,,,,,,,,,,,
megamillions,2019-10-04,$50 Million,$36.1 Million,,,,,0,1,0,2,,,,,212,500,30,1000,,,,,14490,10,2643,20,,,,,,,,,,,,
megamillions,2019-10-08,$55 Million,$39.0 Million,,,,,1,1,1,3,,,,,522,500,106,1500,,,,,25462,10,5035,30,,,,,,,,,,,,
megamillions,2019-10-11,$60 Million,$41.2 Million,,,,,2,1,0,3,,,,,216,500,35,1500,,,,,14422,10,2589,30,,,,,,,,,,,,
megamillions,2019-10-15,$65 Million,$44.7 Million,,,,,0,1,0,2,,,,,214,500,41,1000,,,,,16217,10,3080,20,,,,,,,,,,,,
megamillions,2019-10-18,$71 Million,$48.4 Million,,,,,2,1,1,3,,,,,173,500,36,1500,,,,,13325,10,2371,30,,,,,,,,,,,,
megamillions,2019-10-22,$82 Million,$55.8 Million,,,,,2,1,1,4,,,,,645,500,116,2000,,,,,26948,10,5341,40,,,,,,,,,,,,
megamillions,2019-10-25,$93 Million,$63.2 Million,,,,,1,1,0,3,,,,,255,500,54,1500,,,,,15973,10,2978,30,,,,,,,,,,,,
megamillions,2019-10-29,$105 Million,$70.6 Million,,,,,2,1,0,2,,,,,521,500,109,1000,,,,,26335,10,5077,20,,,,,,,,,,,,
megamillions,2019-11-01,$118 Million,$81.3 Million,,,,,1,1,1,2,,,,,247,500,55,1000,,,,,17810,10,3128,20,,,,,,,,,,,,
megamillions,2019-11-05,$127 Million,$85.5 Million,,,,,0,1,0,3,,,,,348,500,53,1500,,,,,21908,10,3871,30,,,,,,,,,,,,
megamillions,2019-11-08,$145 Million,$96.2 Million,,,,,0,1,0,3,,,,,312,500,47,1500,,,,,23339,10,4127,30,,,,,,,,,,,,
megamillions,2019-11-12,$163 Million,$108.0 Million,,,,,0,1,0,2,,,,,302,500,55,1000,,,,,19358,10,3129,20,,,,,,,,,,,,
megamillions,2019-11-15,$178 Million,$119.9 Million,,,,,1,1,0,2,,,,,336,500,62,1000,,,,,22456,10,3723,20,,,,,,,,,,,,
megamillions,2019-11-19,$192 Million,$130.2 Million,,,,,0,1,0,3,,,,,316,500,43,1500,,,,,22756,10,3622,30,,,,,,,,,,,,
megamillions,2019-11-22,$208 Million,$142.0 Million,,,,,0,1,0,4,,,,,485,500,93,2000,,,,,31887,10,5180,40,,,,,,,,,,,,
megamillions,2019-11-26,$226 Million,$155.7 Million,,,,,1,1,0,2,,,,,450,500,70,1000,,,,,30633,10,4925,20,,,,,,,,,,,,
megamillions,2019-11-29,$243 Million,$166.5 Million,,,,,1,1,0,2,,,,,400,500,60,1000,,,,,26431,10,4278,20,,,,,,,,,,,,
megamillions,2019-12-03,$266 Million,$182.6 Million,,,,,1,1,1,2,,,,,386,500,69,1000,,,,,26727,10,4080,20,,,,,,,,,,,,
megamillions,2019-12-06,$285 Million,$192.6 Million,,,,,0,1,0,5,,,,,464,500,82,2500,,,,,29413,10,4419,50,,,,,,,,,,,,
megamillions,2019-12-10,$314 Million,$213.1 Million,,,,,2,1,0,2,,,,,546,500,92,1000,,,,,36515,10,5530,20,,,,,,,,,,,,
megamillions,2019-12-13,$340 Million,$230.0 Million,,,,,0,1,0,3,,,,,740,500,107,1500,,,,,43927,10,6719,30,,,,,,,,,,,,
megamillions,2019-12-17,$372 Million,$251.5 Million,,,,,4,1,1,2,,,,,628,500,91,1000,,,,,42063,10,6127,20,,,,,,,,,,,,
megamillions,2019-12-20,$40 Million,$26.7 Million,,,,,1,1,0,3,,,,,233,500,36,1500,,,,,16419,10,2899,30,,,,,,,,,,,,
megamillions,2019-12-24,$45 Million,$30.0 Million,,,,,0,1,0,2,,,,,266,500,41,1000,,,,,15919,10,2704,20,,,,,,,,,,,,
megamillions,2019-12-27,$50 Million,$33.7 Million,,,,,0,1,0,4,,,,,177,500,30,2000,,,,,12759,10,2335,40,,,,,,,,,,,,
megamillions,2019-12-31,$55 Million,$36.6 Million,,,,,1,1,0,3,,,,,262,500,39,1500,,,,,17282,10,3011,30,,,,,,,,,,,,
megamillions,2020-01-03,$60 Million,$40.3 Million,,,,,0,1,0,2,,,,,210,500,33,1000,,,,,13840,10,2589,20,,,,,,,,,,,,
megamillions,2020-01-07,$69 Million,$46.5 Million,,,,,0,1,0,4,,,,,211,500,37,2000,,,,,14471,10,2552,40,,,,,,,,,,,,
megamillions,2020-01-10,$80 Million,$53.7 Million,,,,,1,1,0,2,,,,,240,500,51,1000,,,,,15784,10,2845,20,,,,,,,,,,,,
megamillions,2020-01-14,$91 Million,$61.4 Million,,,,,1,1,0,2,,,,,418,500,94,1000,,,,,23116,10,4538,20,,,,,,,,,,,,
megamillions,2020-01-17,$103 Million,$69.2 Million,,,,,1,1,0,3,,,,,276,500,54,1500,,,,,18823,10,3289,30,,,,,,,,,,,,
megamillions,2020-01-21,$116 Million,$78.6 Million,,,,,1,1,0,3,,,,,360,500,57,1500,,,,,20662,10,3638,30,,,,,,,,,,,,
megamillions,2020-01-24,$130 Million,$89.5 Million,,,,,0,1,0,4,,,,,443,500,93,2000,,,,,27047,10,4921,40,,,,,,,,,,,,
megamillions,2020-01-28,$141 Million,$98.6 Million,,,,,0,1,0,3,,,,,305,500,50,1500,,,,,19835,10,3243,30,,,,,,,,,,,,
megamillions,2020-01-31,$155 Million,$109.6 Million,,,,,4,1,1,2,,,,,379,500,71,1000,,,,,22099,10,3935,20,,,,,,,,,,,,
megamillions,2020-02-04,$168 Million,$117.6 Million,,,,,3,1,0,2,,,,,293,500,48,1000,,,,,21026,10,3524,20,,,,,,,,,,,,
megamillions,2020-02-07,$187 Million,$131.5 Million,,,,,3,1,2,3,,,,,469,500,94,1500,,,,,26697,10,4530,30,,,,,,,,,,,,
megamillions,2020-02-11,$202 Million,$142.2 Million,,,,,1,1,0,2,,,,,366,500,55,1000,,,,,25379,10,4078,20,,,,,,,,,,,,
megamillions,2020-02-14,$40 Million,$28.2 Million,,,,,0,1,0,5,,,,,223,500,36,2500,,,,,14561,10,2809,50,,,,,,,,,,,,
megamillions,2020-02-18,$45 Million,$31.7 Million,,,,,2,1,0,3,,,,,202,500,38,1500,,,,,13424,10,2498,30,,,,,,,,,,,,
megamillions,2020-02-21,$50 Million,$35.9 Million,,,,,1,1,0,4,,,,,323,500,70,2000,,,,,20503,10,4025,40,,,,,,,,,,,,
megamillions,2020-02-25,$55 Million,$39.3 Million,,,,,0,1,0,2,,,,,203,500,32,1000,,,,,14150,10,2655,20,,,,,,,,,,,,
megamillions,2020-02-28,$60 Million,$44.9 Million,,,,,0,1,0,2,,,,,244,500,39,1000,,,,,16283,10,3177,20,,,,,,,,,,,,
megamillions,2020-03-03,$65 Million,$48.6 Million,,,,,0,1,0,2,,,,,225,500,50,1000,,,,,15765,10,2948,20,,,,,,,,,,,,
megamillions,2020-03-06,$70 Million,$56.6 Million,,,,,0,1,0,4,,,,,219,500,40,2000,,,,,13673,10,2560,40,,,,,,,,,,,,
megamillions,2020-03-10,$75 Million,$61.3 Million,,,,,1,1,1,5,,,,,229,500,44,2500,,,,,14873,10,2848,50,,,,,,,,,,,,
megamillions,2020-03-13,$80 Million,$61.7 Million,,,,,1,1,0,4,,,,,258,500,43,2000,,,,,17100,10,3280,40,,,,,,,,,,,,
megamillions,2020-03-17,$90 Million,$71.3 Million,,,,,1,1,0,3,,,,,195,500,32,1500,,,,,13333,10,2563,30,,,,,,,,,,,,
megamillions,2020-03-20,$96 Million,$72.7 Million,,,,,0,1,0,4,,,,,203,500,29,2000,,,,,12445,10,2470,40,,,,,,,,,,,,
megamillions,2020-03-24,$101 Million,$79.2 Million,,,,,3,1,0,2,,,,,459,500,117,1000,,,,,21423,10,4481,20,,,,,,,,,,,,
megamillions,2020-03-27,$107 Million,$85.5 Million,,,,,1,1,0,4,,,,,214,500,35,2000,,,,,13655,10,2854,40,,,,,,,,,,,,
megamillions,2020-03-31,$113 Million,$90.4 Million,,,,,0,1,0,4,,,,,157,500,35,2000,,,,,11966,10,2391,40,,,,,,,,,,,,
megamillions,2020-04-03,$121 Million,$98.2 Million,,,,,0,1,0,4,,,,,175,500,39,2000,,,,,11928,10,2409,40,,,,,,,,,,,,
megamillions,2020-04-07,$127 Million,$101.1 Million,,,,,1,1,0,2,,,,,176,500,35,1000,,,,,11388,10,2318,20,,,,,,,,,,,,
megamillions,2020-04-10,$136 Million,$108.1 Million,,,,,0,1,0,2,,,,,227,500,50,1000,,,,,15220,10,3107,20,,,,,,,,,,,,
megamillions,2020-04-14,$145 Million,$114.7 Million,,,,,0,1,0,4,,,,,199,500,38,2000,,,,,13656,10,2676,40,,,,,,,,,,,,
megamillions,2020-04-17,$159 Million,$129.7 Million,,,,,1,1,1,4,,,,,251,500,54,2000,,,,,16484,10,3243,40,,,,,,,,,,,,
megamillions,2020-04-21,$164 Million,$134.7 Million,,,,,2,1,2,2,,,,,210,500,36,1000,,,,,15904,10,3144,20,,,,,,,,,,,,
megamillions,2020-04-24,$174 Million,$141.4 Million,,,,,1,1,1,2,,,,,246,500,57,1000,,,,,16600,10,3238,20,,,,,,,,,,,,
megamillions,2020-04-28,$186 Million,$150.4 Million,,,,,0,1,0,3,,,,,277,500,60,1500,,,,,18345,10,3535,30,,,,,,,,,,,,
megamillions,2020-05-01,$200 Million,$161.0 Million,,,,,0,1,0,2,,,,,323,500,57,1000,,,,,21190,10,3973,20,,,,,,,,,,,,
megamillions,2020-05-05,$215 Million,$172.1 Million,,,,,4,1,0,2,,,,,688,500,172,1000,,,,,33734,10,7027,20,,,,,,,,,,,,
megamillions,2020-05-08,$231 Million,$183.9 Million,,,,,0,1,0,2,,,,,357,500,64,1000,,,,,23714,10,4599,20,,,,,,,,,,,,
megamillions,2020-05-12,$248 Million,$195.8 Million,,,,,2,1,0,5,,,,,484,500,96,2500,,,,,27476,10,5312,50,,,,,,,,,,,,
megamillions,2020-05-15,$266 Million,$215.3 Million,,,,,0,1,0,3,,,,,462,500,90,1500,,,,,29826,10,5894,30,,,,,,,,,,,,
megamillions,2020-05-19,$274 Million,$216.0 Million,,,,,2,1,0,2,,,,,423,500,80,1000,,,,,28475,10,5515,20,,,,,,,,,,,,
megamillions,2020-05-22,$298 Million,$237.8 Million,,,,,0,1,0,4,,,,,504,500,109,2000,,,,,33196,10,6277,40,,,,,,,,,,,,
megamillions,2020-05-26,$313 Million,$247.4 Million,,,,,0,1,0,3,,,,,387,500,73,1500,,,,,26773,10,4779,30,,,,,,,,,,,,
megamillions,2020-05-29,$336 Million,$264.7 Million,,,,,4,1,2,2,,,,,543,500,87,1000,,,,,32650,10,6111,20,,,,,,,,,,,,
megamillions,2020-06-02,$356 Million,$280.3 Million,,,,,3,1,0,3,,,,,837,500,161,1500,,,,,44791,10,8766,30,,,,,,,,,,,,
megamillions,2020-06-05,$378 Million,$284.2 Million,,,,,3,1,0,3,,,,,501,500,89,1500,,,,,34442,10,6364,30,,,,,,,,,,,,
megamillions,2020-06-09,$410 Million,$316.8 Million,,,,,13,1,4,2,,,,,2387,500,570,1000,,,,,80070,10,16393,20,,,,,,,,,,,,
megamillions,2020-06-12,$20 Million,$15.7 Million,,,,,1,1,0,3,,,,,218,500,36,1500,,,,,13302,10,2767,30,,,,,,,,,,,,
megamillions,2020-06-16,$22 Million,$17.0 Million,,,,,1,1,0,3,,,,,245,500,51,1500,,,,,15622,10,3288,30,,,,,,,,,,,,
megamillions,2020-06-19,$26 Million,$20.3 Million,,,,,1,1,0,2,,,,,215,500,52,1000,,,,,13362,10,2813,20,,,,,,,,,,,,
megamillions,2020-06-23,$35 Million,$27.4 Million,,,,,1,1,0,3,,,,,222,500,42,1500,,,,,15397,10,3116,30,,,,,,,,,,,,
megamillions,2020-06-26,$44 Million,$35.0 Million,,,,,1,1,1,2,,,,,213,500,41,1000,,,,,14364,10,2951,20,,,,,,,,,,,,
megamillions,2020-06-30,$53 Million,$42.3 Million,,,,,1,1,0,2,,,,,271,500,59,1000,,,,,17089,10,3567,20,,,,,,,,,,,,
megamillions,2020-07-03,$62 Million,$48.6 Million,,,,,1,1,1,2,,,,,239,500,50,1000,,,,,17106,10,3541,20,,,,,,,,,,,,
megamillions,2020-07-07,$73 Million,$57.6 Million,,,,,0,1,0,3,,,,,296,500,63,1500,,,,,19319,10,3944,30,,,,,,,,,,,,
megamillions,2020-07-10,$83 Million,$67.0 Million,,,,,0,1,0,5,,,,,266,500,50,2500,,,,,18891,10,3991,50,,,,,,,,,,,,
megamillions,2020-07-14,$91 Million,$73.5 Million,,,,,2,1,1,4,,,,,253,500,61,2000,,,,,16195,10,3281,40,,,,,,,,,,,,
megamillions,2020-07-17,$101 Million,$81.2 Million,,,,,2,1,0,3,,,,,281,500,51,1500,,,,,19141,10,3914,30,,,,,,,,,,,,
megamillions,2020-07-21,$113 Million,$91.0 Million,,,,,0,1,0,3,,,,,291,500,62,1500,,,,,18942,10,3694,30,,,,,,,,,,,,
megamillions,2020-07-24,$124 Million,$100.8 Million,,,,,2,1,0,3,,,,,281,500,61,1500,,,,,18764,10,3704,30,,,,,,,,,,,,
megamillions,2020-07-28,$20 Million,$16.2 Million,,,,,2,1,0,4,,,,,317,500,77,2000,,,,,17387,10,3807,40,,,,,,,,,,,,
megamillions,2020-07-31,$22 Million,$17.9 Million,,,,,0,1,0,2,,,,,175,500,41,1000,,,,,12589,10,2717,20,,,,,,,,,,,,
megamillions,2020-08-04,$20 Million,$16.4 Million,,,,,1,1,0,3,,,,,218,500,52,1500,,,,,13439,10,2779,30,,,,,,,,,,,,
megamillions,2020-08-07,$22 Million,$18.0 Million,,,,,0,1,0,2,,,,,162,500,30,1000,,,,,12371,10,2657,20,,,,,,,,,,,,
megamillions,2020-08-11,$24 Million,$19.3 Million,,,,,2,1,1,4,,,,,232,500,52,2000,,,,,14357,10,3048,40,,,,,,,,,,,,
megamillions,2020-08-14,$31 Million,$24.5 Million,,,,,0,1,0,2,,,,,241,500,47,1000,,,,,15329,10,3269,20,,,,,,,,,,,,
megamillions,2020-08-18,$40 Million,$31.8 Million,,,,,0,1,0,4,,,,,271,500,40,2000,,,,,17189,10,3640,40,,,,,,,,,,,,
megamillions,2020-08-21,$49 Million,$39.1 Million,,,,,2,1,1,2,,,,,243,500,45,1000,,,,,15526,10,3202,20,,,,,,,,,,,,
megamillions,2020-08-25,$57 Million,$45.2 Million,,,,,0,1,0,3,,,,,335,500,73,1500,,,,,20875,10,4558,30,,,,,,,,,,,,
megamillions,2020-08-28,$68 Million,$53.2 Million,,,,,1,1,1,3,,,,,234,500,45,1500,,,,,15344,10,3087,30,,,,,,,,,,,,
megamillions,2020-09-01,$78 Million,$61.1 Million,,,,,2,1,0,4,,,,,267,500,58,2000,,,,,17279,10,3520,40,,,,,,,,,,,,
megamillions,2020-09-04,$88 Million,$69.9 Million,,,,,1,1,0,3,,,,,347,500,75,1500,,,,,20762,10,4399,30,,,,,,,,,,,,
megamillions,2020-09-08,$97 Million,$77.2 Million,,,,,0,1,0,2,,,,,360,500,76,1000,,,,,22220,10,4730,20,,,,,,,,,,,,
megamillions,2020-09-11,$108 Million,$85.9 Million,,,,,0,1,0,2,,,,,269,500,49,1000,,,,,18915,10,3633,20,,,,,,,,,,,,
megamillions,2020-09-15,$119 Million,$94.6 Million,,,,,1,1,0,4,,,,,261,500,49,2000,,,,,17940,10,3375,40,,,,,,,,,,,,
megamillions,2020-09-18,$20 Million,$15.8 Million,,,,,0,1,0,3,,,,,184,500,34,1500,,,,,12183,10,2524,30,,,,,,,,,,,,
megamillions,2020-09-22,$22 Million,$17.5 Million,,,,,0,1,0,4,,,,,173,500,35,2000,,,,,11513,10,2368,40,,,,,,,,,,,,
megamillions,2020-09-25,$24 Million,$19.1 Million,,,,,0,1,0,2,,,,,183,500,34,1000,,,,,12462,10,2530,20,,,,,,,,,,,,
megamillions,2020-09-29,$32 Million,$25.5 Million,,,,,0,1,0,3,,,,,211,500,44,1500,,,,,12478,10,2571,30,,,,,,,,,,,,
megamillions,2020-10-02,$41 Million,$32.2 Million,,,,,1,1,0,2,,,,,239,500,53,1000,,,,,13545,10,2833,20,,,,,,,,,,,,
megamillions,2020-10-06,$50 Million,$38.6 Million,,,,,1,1,0,3,,,,,216,500,44,1500,,,,,14044,10,2900,30,,,,,,,,,,,,
megamillions,2020-10-09,$60 Million,$46.4 Million,,,,,1,1,1,2,,,,,342,500,73,1000,,,,,20636,10,4500,20,,,,,,,,,,,,
megamillions,2020-10-13,$69 Million,$53.9 Million,,,,,0,1,0,2,,,,,227,500,48,1000,,,,,13851,10,2740,20,,,,,,,,,,,,
megamillions,2020-10-16,$77 Million,$60.3 Million,,,,,2,1,0,5,,,,,219,500,48,2500,,,,,13921,10,2827,50,,,,,,,,,,,,
megamillions,2020-10-20,$86 Million,$66.6 Million,,,,,0,1,0,3,,,,,190,500,36,1500,,,,,13233,10,2578,30,,,,,,,,,,,,
megamillions,2020-10-23,$97 Million,$74.0 Million,,,,,0,1,0,2,,,,,225,500,38,1000,,,,,14686,10,2962,20,,,,,,,,,,,,
megamillions,2020-10-27,$109 Million,$84.4 Million,,,,,0,1,0,3,,,,,259,500,50,1500,,,,,16255,10,3077,30,,,,,,,,,,,,
megamillions,2020-10-30,$118 Million,$91.0 Million,,,,,1,1,1,2,,,,,238,500,52,1000,,,,,17270,10,3322,20,,,,,,,,,,,,
megamillions,2020-11-03,$129 Million,$98.7 Million,,,,,0,1,0,3,,,,,271,500,48,1500,,,,,18567,10,3714,30,,,,,,,,,,,,
megamillions,2020-11-06,$142 Million,$109.8 Million,,,,,0,1,0,2,,,,,281,500,51,1000,,,,,19141,10,3791,20,,,,,,,,,,,,
megamillions,2020-11-10,$152 Million,$114.8 Million,,,,,2,1,0,5,,,,,224,500,46,2500,,,,,16452,10,3069,50,,,,,,,,,,,,
megamillions,2020-11-13,$165 Million,$126.7 Million,,,,,0,1,0,2,,,,,393,500,68,1000,,,,,25540,10,5200,20,,,,,,,,,,,,
megamillions,2020-11-17,$176 Million,$135.8 Million,,,,,1,1,0,3,,,,,314,500,55,1500,,,,,18862,10,3456,30,,,,,,,,,,,,
megamillions,2020-11-20,$188 Million,$146.1 Million,,,,,0,1,0,3,,,,,302,500,59,1500,,,,,18308,10,3396,30,,,,,,,,,,,,
megamillions,2020-11-24,$200 Million,$154.9 Million,,,,,0,1,0,2,,,,,324,500,54,1000,,,,,21376,10,3841,20,,,,,,,,,,,,
megamillions,2020-11-27,$214 Million,$165.8 Million,,,,,2,1,1,2,,,,,458,500,102,1000,,,,,23395,10,4531,20,,,,,,,,,,,,
megamillions,2020-12-01,$229 Million,$176.1 Million,,,,,1,1,0,2,,,,,330,500,55,1000,,,,,21876,10,4017,20,,,,,,,,,,,,
megamillions,2020-12-04,$244 Million,$184.7 Million,,,,,1,1,0,3,,,,,441,500,82,1500,,,,,27876,10,5134,30,,,,,,,,,,,,
megamillions,2020-12-08,$264 Million,$202.6 Million,,,,,2,1,0,3,,,,,382,500,70,1500,,,,,24892,10,4441,30,,,,,,,,,,,,
megamillions,2020-12-11,$276 Million,$213.1 Million,,,,,1,1,0,4,,,,,440,500,92,2000,,,,,25084,10,4545,40,,,,,,,,,,,,
megamillions,2020-12-15,$291 Million,$223.5 Million,,,,,3,1,0,2,,,,,571,500,101,1000,,,,,36224,10,6967,20,,,,,,,,,,,,
megamillions,2020-12-18,$310 Million,$237.5 Million,,,,,0,1,0,3,,,,,475,500,102,1500,,,,,30583,10,5613,30,,,,,,,,,,,,
megamillions,2020-12-22,$330 Million,$252.8 Million,,,,,0,1,0,2,,,,,486,500,88,1000,,,,,31215,10,5370,20,,,,,,,,,,,,
megamillions,2020-12-25,$352 Million,$269.1 Million,,,,,3,1,0,2,,,,,442,500,73,1000,,,,,31294,10,5474,20,,,,,,,,,,,,
megamillions,2020-12-29,$376 Million,$287.0 Million,,,,,0,1,0,3,,,,,597,500,106,1500,,,,,39461,10,6937,30,,,,,,,,,,,,
megamillions,2021-01-01,$401 Million,$306.1 Million,,,,,1,1,0,5,,,,,741,500,120,2500,,,,,47102,10,8230,50,,,,,,,,,,,,
megamillions,2021-01-05,$447 Million,$339.6 Million,,,,,4,1,1,2,,,,,1051,500,198,1000,,,,,68270,10,11162,20,,,,,,,,,,,,
megamillions,2021-01-08,$520 Million,$383.4 Million,,,,,5,1,1,2,,,,,1738,500,295,1000,,,,,108107,10,18463,20,,,,,,,,,,,,
megamillions,2021-01-12,$625 Million,$458.8 Million,,,,,9,1,1,2,,,,,2614,500,433,1000,,,,,159023,10,25309,20,,,,,,,,,,,,
megamillions,2021-01-15,$750 Million,$554.3 Million,,,,,8,1,0,4,,,,,3179,500,499,2000,,,,,207380,10,32298,40,,,,,,,,,,,,
megamillions,2021-01-19,$865 Million,$638.8 Million,,,,,11,1,2,2,,,,,3955,500,658,1000,,,,,246648,10,39492,20,,,,,,,,,,,,
megamillions,2021-01-22,$1 Billion,$739.6 Million,,,,,10,1,2,2,,,,,4575,500,654,1000,,,,,293395,10,44841,20,,,,,,,,,,,,
megamillions,2021-01-26,$20 Million,$14.9 Million,,,,,0,1,0,3,,,,,331,500,55,1500,,,,,21208,10,4323,30,,,,,,,,,,,,
megamillions,2021-01-29,$25 Million,$18.4 Million,,,,,1,1,0,3,,,,,275,500,61,1500,,,,,18093,10,3934,30,,,,,,,,,,,,
megamillions,2021-02-02,$42 Million,$30.9 Million,,,,,1,1,0,2,,,,,266,500,46,1000,,,,,18432,10,3837,20,,,,,,,,,,,,
megamillions,2021-02-05,$54 Million,$39.4 Million,,,,,0,1,0,4,,,,,436,500,110,2000,,,,,26426,10,5907,40,,,,,,,,,,,,
megamillions,2021-02-09,$68 Million,$49.7 Million,,,,,1,1,1,4,,,,,443,500,93,2000,,,,,26958,10,5884,40,,,,,,,,,,,,
megamillions,2021-02-12,$82 Million,$59.2 Million,,,,,5,1,0,3,,,,,608,500,127,1500,,,,,31535,10,6973,30,,,,,,,,,,,,
megamillions,2021-02-16,$96 Million,$68.5 Million,,,,,1,1,0,3,,,,,236,500,50,1500,,,,,16847,10,3238,30,,,,,,,,,,,,
megamillions,2021-02-19,$20 Million,$14.1 Million,,,,,0,1,0,4,,,,,220,500,33,2000,,,,,14496,10,3014,40,,,,,,,,,,,,
megamillions,2021-02-23,$22 Million,$15.4 Million,,,,,2,1,1,3,,,,,554,500,145,1500,,,,,28215,10,6577,30,,,,,,,,,,,,
megamillions,2021-02-26,$30 Million,$20.7 Million,,,,,0,1,0,2,,,,,232,500,53,1000,,,,,15033,10,3361,20,,,,,,,,,,,,
megamillions,2021-03-02,$43 Million,$29.8 Million,,,,,0,1,0,2,,,,,255,500,51,1000,,,,,19351,10,4261,20,,,,,,,,,,,,
megamillions,2021-03-05,$55 Million,$37.4 Million,,,,,2,1,0,2,,,,,471,500,106,1000,,,,,26464,10,6202,20,,,,,,,,,,,,
megamillions,2021-03-09,$68 Million,$46.8 Million,,,,,0,1,0,2,,,,,214,500,51,1000,,,,,15044,10,3263,20,,,,,,,,,,,,
megamillions,2021-03-12,$79 Million,$53.3 Million,,,,,1,1,0,4,,,,,265,500,43,2000,,,,,18932,10,4210,40,,,,,,,,,,,,
megamillions,2021-03-16,$93 Million,$63.0 Million,,,,,0,1,0,2,,,,,231,500,52,1000,,,,,16244,10,3490,20,,,,,,,,,,,,
megamillions,2021-03-19,$105 Million,$69.8 Million,,,,,0,1,0,3,,,,,280,500,67,1500,,,,,18433,10,3858,30,,,,,,,,,,,,
megamillions,2021-03-23,$122 Million,$82.3 Million,,,,,0,1,0,2,,,,,343,500,70,1000,,,,,20987,10,4329,20,,,,,,,,,,,,
megamillions,2021-03-26,$137 Million,$92.6 Million,,,,,2,1,0,3,,,,,353,500,75,1500,,,,,20047,10,4156,30,,,,,,,,,,,,
megamillions,2021-03-30,$152 Million,$101.9 Million,,,,,2,1,1,3,,,,,314,500,65,1500,,,,,21307,10,4318,30,,,,,,,,,,,,
megamillions,2021-04-02,$168 Million,$113.1 Million,,,,,1,1,0,2,,,,,408,500,91,1000,,,,,22657,10,4703,20,,,,,,,,,,,,
megamillions,2021-04-06,$184 Million,$124.4 Million,,,,,1,1,0,3,,,,,401,500,95,1500,,,,,26136,10,5302,30,,,,,,,,,,,,
megamillions,2021-04-09,$201 Million,$136.0 Million,,,,,0,1,0,2,,,,,345,500,79,1000,,,,,24688,10,4959,20,,,,,,,,,,,,
megamillions,2021-04-13,$220 Million,$149.0 Million,,,,,1,1,0,4,,,,,400,500,99,2000,,,,,29246,10,5875,40,,,,,,,,,,,,
megamillions,2021-04-16,$240 Million,$164.2 Million,,,,,1,1,1,4,,,,,444,500,76,2000,,,,,29402,10,5718,40,,,,,,,,,,,,
megamillions,2021-04-20,$257 Million,$175.5 Million,,,,,2,1,0,3,,,,,449,500,78,1500,,,,,28172,10,5277,30,,,,,,,,,,,,
megamillions,2021-04-23,$277 Million,$190.3 Million,,,,,0,1,0,3,,,,,504,500,92,1500,,,,,33068,10,6487,30,,,,,,,,,,,,
megamillions,2021-04-27,$297 Million,$203.7 Million,,,,,0,1,0,4,,,,,490,500,95,2000,,,,,31117,10,5825,40,,,,,,,,,,,,
megamillions,2021-04-30,$319 Million,$217.0 Million,,,,,2,1,0,3,,,,,618,500,118,1500,,,,,36871,10,7049,30,,,,,,,,,,,,
megamillions,2021-05-04,$345 Million,$236.9 Million,,,,,4,1,1,3,,,,,539,500,89,1500,,,,,35728,10,6518,30,,,,,,,,,,,,
megamillions,2021-05-07,$370 Million,$254.4 Million,,,,,2,1,0,4,,,,,972,500,186,2000,,,,,51343,10,10136,40,,,,,,,,,,,,
megamillions,2021-05-11,$402 Million,$272.1 Million,,,,,2,1,0,3,,,,,707,500,146,1500,,,,,46753,10,8755,30,,,,,,,,,,,,
megamillions,2021-05-14,$430 Million,$290.5 Million,,,,,1,1,0,2,,,,,659,500,112,1000,,,,,45617,10,8109,20,,,,,,,,,,,,
megamillions,2021-05-18,$475 Million,$319.4 Million,,,,,5,1,1,2,,,,,761,500,121,1000,,,,,48852,10,8366,20,,,,,,,,,,,,
megamillions,2021-05-21,$515 Million,$348.6 Million,,,,,0,1,0,3,,,,,1254,500,211,1500,,,,,78031,10,14121,30,,,,,,,,,,,,
megamillions,2021-05-25,$20 Million,$13.6 Million,,,,,1,1,0,3,,,,,244,500,49,1500,,,,,17812,10,3892,30,,,,,,,,,,,,
megamillions,2021-05-28,$22 Million,$15.0 Million,,,,,1,1,0,2,,,,,243,500,60,1000,,,,,17503,10,3816,20,,,,,,,,,,,,
megamillions,2021-06-01,$34 Million,$23.0 Million,,,,,2,1,0,2,,,,,263,500,51,1000,,,,,17440,10,4024,20,,,,,,,,,,,,
megamillions,2021-06-04,$45 Million,$30.8 Million,,,,,0,1,0,3,,,,,218,500,38,1500,,,,,15401,10,3363,30,,,,,,,,,,,,
megamillions,2021-06-08,$56 Million,$38.7 Million,,,,,2,1,0,3,,,,,255,500,56,1500,,,,,16563,10,3615,30,,,,,,,,,,,,
megamillions,2021-06-11,$20 Million,$13.9 Million,,,,,1,1,1,4,,,,,178,500,41,2000,,,,,12852,10,2884,40,,,,,,,,,,,,
megamillions,2021-06-15,$22 Million,$15.2 Million,,,,,0,1,0,4,,,,,231,500,45,2000,,,,,15741,10,3579,40,,,,,,,,,,,,
megamillions,2021-06-18,$30 Million,$21.2 Million,,,,,0,1,0,2,,,,,213,500,49,1000,,,,,14278,10,3057,20,,,,,,,,,,,,
megamillions,2021-06-22,$40 Million,$27.9 Million,,,,,2,1,0,4,,,,,200,500,41,2000,,,,,13602,10,2932,40,,,,,,,,,,,,
megamillions,2021-06-25,$50 Million,$35.0 Million,,,,,2,1,1,4,,,,,230,500,51,2000,,,,,14587,10,3183,40,,,,,,,,,,,,
megamillions,2021-06-29,$61 Million,$42.8 Million,,,,,1,1,0,3,,,,,210,500,49,1500,,,,,14490,10,3211,30,,,,,,,,,,,,
megamillions,2021-07-02,$72 Million,$50.6 Million,,,,,2,1,0,2,,,,,249,500,68,1000,,,,,17422,10,3863,20,,,,,,,,,,,,
megamillions,2021-07-06,$82 Million,$58.1 Million,,,,,0,1,0,3,,,,,218,500,59,1500,,,,,14050,10,3014,30,,,,,,,,,,,,
megamillions,2021-07-09,$94 Million,$67.0 Million,,,,,0,1,0,2,,,,,255,500,61,1000,,,,,16828,10,3609,20,,,,,,,,,,,,
megamillions,2021-07-13,$104 Million,$74.3 Million,,,,,0,1,0,2,,,,,487,500,115,1000,,,,,25839,10,5806,20,,,,,,,,,,,,
megamillions,2021-07-16,$117 Million,$83.9 Million,,,,,1,1,0,4,,,,,302,500,65,2000,,,,,17510,10,3530,40,,,,,,,,,,,,
megamillions,2021-07-20,$128 Million,$94.1 Million,,,,,0,1,0,2,,,,,294,500,53,1000,,,,,19286,10,4049,20,,,,,,,,,,,,
megamillions,2021-07-23,$140 Million,$100.7 Million,,,,,0,1,0,3,,,,,302,500,59,1500,,,,,20908,10,4416,30,,,,,,,,,,,,
megamillions,2021-07-27,$153 Million,$111.0 Million,,,,,3,1,1,3,,,,,266,500,57,1500,,,,,17702,10,3465,30,,,,,,,,,,,,
megamillions,2021-07-30,$166 Million,$120.1 Million,,,,,0,1,0,3,,,,,347,500,77,1500,,,,,21223,10,4519,30,,,,,,,,,,,,
megamillions,2021-08-03,$179 Million,$131.0 Million,,,,,1,1,0,2,,,,,581,500,114,1000,,,,,30636,10,6529,20,,,,,,,,,,,,
megamillions,2021-08-06,$191 Million,$138.0 Million,,,,,0,1,0,2,,,,,342,500,66,1000,,,,,20816,10,4135,20,,,,,,,,,,,,
megamillions,2021-08-10,$208 Million,$149.1 Million,,,,,0,1,0,2,,,,,306,500,60,1000,,,,,20704,10,3866,20,,,,,,,,,,,,
megamillions,2021-08-13,$225 Million,$161.0 Million,,,,,0,1,0,2,,,,,407,500,85,1000,,,,,25038,10,4968,20,,,,,,,,,,,,
megamillions,2021-08-17,$242 Million,$175.4 Million,,,,,1,1,0,3,,,,,422,500,84,1500,,,,,27058,10,5238,30,,,,,,,,,,,,
megamillions,2021-08-20,$256 Million,$186.5 Million,,,,,2,1,1,2,,,,,368,500,63,1000,,,,,22072,10,4119,20,,,,,,,,,,,,
megamillions,2021-08-24,$270 Million,$195.9 Million,,,,,1,1,0,2,,,,,416,500,102,1000,,,,,25570,10,4936,20,,,,,,,,,,,,
megamillions,2021-08-27,$288 Million,$208.0 Million,,,,,3,1,1,3,,,,,393,500,77,1500,,,,,25847,10,4860,30,,,,,,,,,,,,
megamillions,2021-08-31,$306 Million,$222.5 Million,,,,,2,1,1,3,,,,,414,500,68,1500,,,,,27709,10,5241,30,,,,,,,,,,,,
megamillions,2021-09-03,$323 Million,$232.8 Million,,,,,1,1,1,2,,,,,455,500,85,1000,,,,,33573,10,6553,20,,,,,,,,,,,,
megamillions,2021-09-07,$345 Million,$247.3 Million,,,,,1,1,0,3,,,,,454,500,77,1500,,,,,29183,10,5390,30,,,,,,,,,,,,
megamillions,2021-09-10,$368 Million,$266.4 Million,,,,,2,1,0,2,,,,,444,500,80,1000,,,,,29395,10,5277,20,,,,,,,,,,,,
megamillions,2021-09-14,$383 Million,$278.7 Million,,,,,2,1,2,2,,,,,512,500,98,1000,,,,,33623,10,6156,20,,,,,,,,,,,,
megamillions,2021-09-17,$405 Million,$293.2 Million,,,,,1,1,0,3,,,,,570,500,84,1500,,,,,35223,10,6303,30,,,,,,,,,,,,
megamillions,2021-09-21,$432 Million,$315.0 Million,,,,,1,1,0,3,,,,,565,500,94,1500,,,,,36565,10,6199,30,,,,,,,,,,,,
megamillions,2021-09-24,$20 Million,$14.3 Million,,,,,3,1,0,3,,,,,268,500,62,1500,,,,,19220,10,4065,30,,,,,,,,,,,,
megamillions,2021-09-28,$22 Million,$15.4 Million,,,,,1,1,0,4,,,,,224,500,48,2000,,,,,14467,10,2902,40,,,,,,,,,,,,
megamillions,2021-10-01,$34 Million,$23.9 Million,,,,,1,1,0,2,,,,,246,500,53,1000,,,,,17230,10,3602,20,,,,,,,,,,,,
megamillions,2021-10-05,$45 Million,$31.6 Million,,,,,2,1,0,3,,,,,580,500,112,1500,,,,,30127,10,6459,30,,,,,,,,,,,,
megamillions,2021-10-08,$60 Million,$41.4 Million,,,,,0,1,0,5,,,,,223,500,45,2500,,,,,16313,10,3363,50,,,,,,,,,,,,
megamillions,2021-10-12,$73 Million,$50.7 Million,,,,,0,1,0,3,,,,,242,500,36,1500,,,,,14900,10,2989,30,,,,,,,,,,,,
megamillions,2021-10-15,$84 Million,$58.9 Million,,,,,1,1,0,3,,,,,271,500,54,1500,,,,,17720,10,3693,30,,,,,,,,,,,,
megamillions,2021-10-19,$94 Million,$65.9 Million,,,,,0,1,0,3,,,,,404,500,71,1500,,,,,24961,10,5457,30,,,,,,,,,,,,
megamillions,2021-10-22,$108 Million,$75.2 Million,,,,,1,1,0,3,,,,,371,500,81,1500,,,,,22471,10,4655,30,,,,,,,,,,,,
megamillions,2021-10-26,$20 Million,$14.0 Million,,,,,1,1,0,4,,,,,194,500,47,2000,,,,,13700,10,3050,40,,,,,,,,,,,,
megamillions,2021-10-29,$22 Million,$15.5 Million,,,,,1,1,0,3,,,,,238,500,50,1500,,,,,15533,10,3345,30,,,,,,,,,,,,
megamillions,2021-11-02,$26 Million,$18.4 Million,,,,,1,1,0,2,,,,,211,500,45,1000,,,,,14543,10,3362,20,,,,,,,,,,,,
megamillions,2021-11-05,$36 Million,$25.8 Million,,,,,1,1,0,2,,,,,193,500,48,1000,,,,,14892,10,3370,20,,,,,,,,,,,,
megamillions,2021-11-09,$45 Million,$32.7 Million,,,,,0,1,0,3,,,,,278,500,63,1500,,,,,17103,10,3776,30,,,,,,,,,,,,
megamillions,2021-11-12,$53 Million,$37.9 Million,,,,,1,1,0,2,,,,,209,500,45,1000,,,,,13895,10,3060,20,,,,,,,,,,,,
megamillions,2021-11-16,$63 Million,$44.5 Million,,,,,0,1,0,3,,,,,201,500,46,1500,,,,,13059,10,2756,30,,,,,,,,,,,,
megamillions,2021-11-19,$74 Million,$52.9 Million,,,,,0,1,0,5,,,,,208,500,46,2500,,,,,13932,10,3022,50,,,,,,,,,,,,
megamillions,2021-11-23,$83 Million,$58.6 Million,,,,,0,1,0,3,,,,,200,500,43,1500,,,,,14210,10,3000,30,,,,,,,,,,,,
megamillions,2021-11-26,$94 Million,$67.5 Million,,,,,1,1,1,2,,,,,222,500,47,1000,,,,,15793,10,3266,20,,,,,,,,,,,,
megamillions,2021-11-30,$102 Million,$74.2 Million,,,,,1,1,0,2,,,,,341,500,63,1000,,,,,21870,10,4765,20,,,,,,,,,,,,
megamillions,2021-12-03,$112 Million,$81.9 Million,,,,,2,1,0,5,,,,,228,500,49,2500,,,,,15599,10,3134,50,,,,,,,,,,,,
megamillions,2021-12-07,$122 Million,$89.0 Million,,,,,1,1,0,2,,,,,229,500,45,1000,,,,,16836,10,3264,20,,,,,,,,,,,,
megamillions,2021-12-10,$135 Million,$97.7 Million,,,,,0,1,0,2,,,,,244,500,49,1000,,,,,17011,10,3321,20,,,,,,,,,,,,
megamillions,2021-12-14,$148 Million,$107.0 Million,,,,,0,1,0,3,,,,,236,500,53,1500,,,,,17443,10,3478,30,,,,,,,,,,,,
megamillions,2021-12-17,$160 Million,$116.6 Million,,,,,1,1,1,3,,,,,275,500,58,1500,,,,,18032,10,3687,30,,,,,,,,,,,,
megamillions,2021-12-21,$171 Million,$122.8 Million,,,,,1,1,0,3,,,,,240,500,46,1500,,,,,16939,10,3159,30,,,,,,,,,,,,
megamillions,2021-12-24,$187 Million,$134.1 Million,,,,,3,1,1,2,,,,,390,500,83,1000,,,,,26106,10,4980,20,,,,,,,,,,,,
megamillions,2021-12-28,$201 Million,$145.2 Million,,,,,0,1,0,3,,,,,675,500,141,1500,,,,,33997,10,7062,30,,,,,,,,,,,,
megamillions,2021-12-31,$221 Million,$157.1 Million,,,,,2,1,1,3,,,,,572,500,102,1500,,,,,35678,10,6553,30,,,,,,,,,,,,
megamillions,2022-01-04,$253 Million,$175.6 Million,,,,,4,1,0,3,,,,,863,500,166,1500,,,,,47418,10,9221,30,,,,,,,,,,,,
megamillions,2022-01-07,$278 Million,$191.5 Million,,,,,2,1,1,3,,,,,482,500,74,1500,,,,,32348,10,5995,30,,,,,,,,,,,,
megamillions,2022-01-11,$300 Million,$206.8 Million,,,,,2,1,2,2,,,,,511,500,93,1000,,,,,33805,10,6322,20,,,,,,,,,,,,
megamillions,2022-01-14,$325 Million,$224.2 Million,,,,,3,1,0,2,,,,,809,500,181,1000,,,,,44334,10,8685,20,,,,,,,,,,,,
megamillions,2022-01-18,$347 Million,$236.6 Million,,,,,4,1,3,4,,,,,526,500,88,2000,,,,,33574,10,6156,40,,,,,,,,,,,,
megamillions,2022-01-21,$376 Million,$259.8 Million,,,,,1,1,0,2,,,,,458,500,87,1000,,,,,31418,10,5609,20,,,,,,,,,,,,
megamillions,2022-01-25,$396 Million,$273.6 Million,,,,,2,1,1,3,,,,,570,500,113,1500,,,,,36425,10,6462,30,,,,,,,,,,,,
megamillions,2022-01-28,$421 Million,$289.5 Million,,,,,4,1,1,3,,,,,715,500,120,1500,,,,,45622,10,8271,30,,,,,,,,,,,,
megamillions,2022-02-01,$20 Million,$13.6 Million,,,,,1,1,1,4,,,,,225,500,51,2000,,,,,14386,10,3117,40,,,,,,,,,,,,
megamillions,2022-02-04,$22 Million,$14.9 Million,,,,,0,1,0,4,,,,,265,500,61,2000,,,,,15417,10,3388,40,,,,,,,,,,,,
megamillions,2022-02-08,$31 Million,$20.7 Million,,,,,2,1,0,3,,,,,242,500,43,1500,,,,,15090,10,3258,30,,,,,,,,,,,,
megamillions,2022-02-11,$42 Million,$27.8 Million,,,,,1,1,0,3,,,,,536,500,124,1500,,,,,23594,10,5356,30,,,,,,,,,,,,
megamillions,2022-02-15,$53 Million,$34.9 Million,,,,,0,1,0,3,,,,,311,500,69,1500,,,,,19224,10,4196,30,,,,,,,,,,,,
megamillions,2022-02-18,$64 Million,$42.7 Million,,,,,1,1,0,4,,,,,238,500,48,2000,,,,,14983,10,3151,40,,,,,,,,,,,,
megamillions,2022-02-22,$75 Million,$50.2 Million,,,,,0,1,0,3,,,,,260,500,59,1500,,,,,18414,10,3861,30,,,,,,,,,,,,
megamillions,2022-02-25,$87 Million,$57.7 Million,,,,,0,1,0,3,,,,,256,500,46,1500,,,,,15014,10,3182,30,,,,,,,,,,,,
megamillions,2022-03-01,$102 Million,$69.5 Million,,,,,0,1,0,2,,,,,292,500,51,1000,,,,,18451,10,3759,20,,,,,,,,,,,,
megamillions,2022-03-04,$113 Million,$77.2 Million,,,,,0,1,0,4,,,,,376,500,93,2000,,,,,22968,10,4886,40,,,,,,,,,,,,
megamillions,2022-03-08,$126 Million,$84.5 Million,,,,,0,1,0,3,,,,,276,500,50,1500,,,,,18976,10,3807,30,,,,,,,,,,,,
megamillions,2022-03-11,$20 Million,$13.1 Million,,,,,0,1,0,3,,,,,167,500,38,1500,,,,,13071,10,2867,30,,,,,,,,,,,,
megamillions,2022-03-15,$22 Million,$14.3 Million,,,,,1,1,0,5,,,,,187,500,47,2500,,,,,13159,10,2960,50,,,,,,,,,,,,
megamillions,2022-03-18,$29 Million,$18.8 Million,,,,,0,1,0,4,,,,,221,500,56,2000,,,,,15625,10,3448,40,,,,,,,,,,,,
megamillions,2022-03-22,$39 Million,$24.7 Million,,,,,1,1,0,3,,,,,272,500,64,1500,,,,,16265,10,3601,30,,,,,,,,,,,,
megamillions,2022-03-25,$50 Million,$31.6 Million,,,,,0,1,0,2,,,,,244,500,57,1000,,,,,13647,10,2972,20,,,,,,,,,,,,
megamillions,2022-03-29,$60 Million,$38.4 Million,,,,,1,1,0,2,,,,,243,500,59,1000,,,,,14329,10,3081,20,,,,,,,,,,,,
megamillions,2022-04-01,$70 Million,$44.5 Million,,,,,0,1,0,5,,,,,206,500,42,2500,,,,,13608,10,2856,50,,,,,,,,,,,,
megamillions,2022-04-05,$81 Million,$51.4 Million,,,,,0,1,0,2,,,,,178,500,30,1000,,,,,12582,10,2673,20,,,,,,,,,,,,
megamillions,2022-04-08,$94 Million,$57.9 Million,,,,,3,1,0,3,,,,,305,500,60,1500,,,,,18983,10,4144,30,,,,,,,,,,,,
megamillions,2022-04-12,$106 Million,$64.5 Million,,,,,4,1,1,2,,,,,478,500,112,1000,,,,,25299,10,5524,20,,,,,,,,,,,,
megamillions,2022-04-15,$20 Million,$11.9 Million,,,,,1,1,0,4,,,,,225,500,43,2000,,,,,15281,10,3271,40,,,,,,,,,,,,
megamillions,2022-04-19,$20 Million,$11.7 Million,,,,,0,1,0,3,,,,,200,500,49,1500,,,,,13461,10,2913,30,,,,,,,,,,,,
megamillions,2022-04-22,$22 Million,$13.0 Million,,,,,2,1,0,3,,,,,198,500,40,1500,,,,,14072,10,3078,30,,,,,,,,,,,,
megamillions,2022-04-26,$31 Million,$18.6 Million,,,,,0,1,0,4,,,,,308,500,79,2000,,,,,18422,10,4060,40,,,,,,,,,,,,
megamillions,2022-04-29,$43 Million,$25.5 Million,,,,,0,1,0,2,,,,,236,500,50,1000,,,,,15915,10,3477,20,,,,,,,,,,,,
megamillions,2022-05-03,$57 Million,$33.6 Million,,,,,0,1,0,2,,,,,237,500,48,1000,,,,,16192,10,3481,20,,,,,,,,,,,,
megamillions,2022-05-06,$70 Million,$40.0 Million,,,,,0,1,0,2,,,,,244,500,49,1000,,,,,15239,10,3222,20,,,,,,,,,,,,
megamillions,2022-05-10,$86 Million,$49.5 Million,,,,,2,1,0,3,,,,,219,500,52,1500,,,,,15258,10,3105,30,,,,,,,,,,,,
megamillions,2022-05-13,$99 Million,$57.4 Million,,,,,1,1,0,3,,,,,256,500,49,1500,,,,,17421,10,3590,30,,,,,,,,,,,,
megamillions,2022-05-17,$112 Million,$64.1 Million,,,,,1,1,1,4,,,,,285,500,66,2000,,,,,19122,10,3904,40,,,,,,,,,,,,
megamillions,2022-05-20,$131 Million,$76.6 Million,,,,,1,1,0,3,,,,,258,500,59,1500,,,,,16760,10,3394,30,,,,,,,,,,,,
megamillions,2022-05-24,$143 Million,$84.3 Million,,,,,2,1,0,3,,,,,286,500,65,1500,,,,,20645,10,4174,30,,,,,,,,,,,,
megamillions,2022-05-27,$157 Million,$93.1 Million,,,,,1,1,0,3,,,,,295,500,69,1500,,,,,18309,10,3584,30,,,,,,,,,,,,
megamillions,2022-05-31,$170 Million,$98.8 Million,,,,,1,1,0,4,,,,,256,500,51,2000,,,,,16316,10,2994,40,,,,,,,,,,,,
megamillions,2022-06-03,$189 Million,$108.9 Million,,,,,1,1,0,4,,,,,302,500,58,2000,,,,,21609,10,4409,40,,,,,,,,,,,,
megamillions,2022-06-07,$207 Million,$118.8 Million,,,,,0,1,0,4,,,,,281,500,49,2000,,,,,20206,10,3858,40,,,,,,,,,,,,
megamillions,2022-06-10,$226 Million,$128.7 Million,,,,,0,1,0,5,,,,,526,500,120,2500,,,,,30143,10,6359,50,,,,,,,,,,,,
megamillions,2022-06-14,$247 Million,$137.2 Million,,,,,0,1,0,2,,,,,313,500,61,1000,,,,,21565,10,4179,20,,,,,,,,,,,,
megamillions,2022-06-17,$273 Million,$152.8 Million,,,,,3,1,2,2,,,,,339,500,56,1000,,,,,21191,10,3995,20,,,,,,,,,,,,
megamillions,2022-06-21,$290 Million,$161.3 Million,,,,,0,1,0,3,,,,,419,500,74,1500,,,,,26768,10,5051,30,,,,,,,,,,,,
megamillions,2022-06-24,$312 Million,$177.2 Million,,,,,1,1,0,2,,,,,708,500,164,1000,,,,,39872,10,8447,20,,,,,,,,,,,,
megamillions,2022-06-28,$333 Million,$185.6 Million,,,,,0,1,0,2,,,,,508,500,98,1000,,,,,32243,10,6226,20,,,,,,,,,,,,
megamillions,2022-07-01,$360 Million,$207.6 Million,,,,,3,1,0,3,,,,,423,500,87,1500,,,,,31026,10,5984,30,,,,,,,,,,,,
megamillions,2022-07-05,$370 Million,$214.3 Million,,,,,2,1,0,4,,,,,407,500,77,2000,,,,,28597,10,5350,40,,,,,,,,,,,,
megamillions,2022-07-08,$410 Million,$230.9 Million,,,,,2,1,0,3,,,,,587,500,103,1500,,,,,36882,10,6971,30,,,,,,,,,,,,
megamillions,2022-07-12,$440 Million,$253.0 Million,,,,,1,1,0,2,,,,,693,500,138,1000,,,,,51722,10,10029,20,,,,,,,,,,,,
megamillions,2022-07-15,$480 Million,$276.0 Million,,,,,1,1,0,5,,,,,854,500,159,2500,,,,,56006,10,10142,50,,,,,,,,,,,,
megamillions,2022-07-19,$555 Million,$316.9 Million,,,,,4,1,0,3,,,,,1379,500,253,1500,,,,,90249,10,15460,30,,,,,,,,,,,,
megamillions,2022-07-22,$660 Million,$388.0 Million,,,,,4,1,3,3,,,,,1976,500,311,1500,,,,,132488,10,22228,30,,,,,,,,,,,,
megamillions,2022-07-26,$830 Million,$487.9 Million,,,,,9,1,1,3,,,,,4057,500,683,1500,,,,,263598,10,43630,30,,,,,,,,,,,,
megamillions,2022-07-29,$1.28 Billion,$747.2 Million,,,,,26,1,6,2,,,,,8517,500,1466,1000,,,,,551159,10,91945,20,,,,,,,,,,,,
megamillions,2022-08-02,$20 Million,$11.8 Million,,,,,1,1,1,3,,,,,367,500,70,1500,,,,,25128,10,5752,30,,,,,,,,,,,,
megamillions,2022-08-05,$36 Million,$20.9 Million,,,,,1,1,0,3,,,,,271,500,51,1500,,,,,19845,10,4752,30,,,,,,,,,,,,
megamillions,2022-08-09,$52 Million,$30.3 Million,,,,,3,1,0,3,,,,,554,500,145,1500,,,,,28650,10,6711,30,,,,,,,,,,,,
megamillions,2022-08-12,$65 Million,$37.3 Million,,,,,0,1,0,3,,,,,262,500,53,1500,,,,,18200,10,4054,30,,,,,,,,,,,,
megamillions,2022-08-16,$82 Million,$46.8 Million,,,,,1,1,0,2,,,,,317,500,84,1000,,,,,17711,10,3952,20,,,,,,,,,,,,
megamillions,2022-08-19,$99 Million,$56.0 Million,,,,,1,1,0,4,,,,,316,500,88,2000,,,,,21925,10,4848,40,,,,,,,,,,,,
megamillions,2022-08-23,$116 Million,$65.2 Million,,,,,1,1,0,2,,,,,299,500,60,1000,,,,,19183,10,3934,20,,,,,,,,,,,,
megamillions,2022-08-26,$135 Million,$75.8 Million,,,,,0,1,0,2,,,,,299,500,76,1000,,,,,21161,10,4415,20,,,,,,,,,,,,
megamillions,2022-08-30,$153 Million,$86.4 Million,,,,,2,1,1,3,,,,,281,500,75,1500,,,,,18557,10,3810,30,,,,,,,,,,,,
megamillions,2022-09-02,$169 Million,$93.2 Million,,,,,1,1,1,2,,,,,305,500,50,1000,,,,,19712,10,4115,20,,,,,,,,,,,,
megamillions,2022-09-06,$191 Million,$103.7 Million,,,,,1,1,0,4,,,,,287,500,64,2000,,,,,18821,10,3883,40,,,,,,,,,,,,
megamillions,2022-09-09,$210 Million,$114.3 Million,,,,,1,1,0,2,,,,,303,500,63,1000,,,,,20757,10,4312,20,,,,,,,,,,,,
megamillions,2022-09-13,$231 Million,$123.9 Million,,,,,1,1,0,4,,,,,334,500,67,2000,,,,,21282,10,4173,40,,,,,,,,,,,,
megamillions,2022-09-16,$256 Million,$137.7 Million,,,,,1,1,0,4,,,,,376,500,75,2000,,,,,22915,10,4530,40,,,,,,,,,,,,
megamillions,2022-09-20,$277 Million,$147.5 Million,,,,,2,1,0,5,,,,,454,500,85,2500,,,,,27878,10,5604,50,,,,,,,,,,,,
megamillions,2022-09-23,$301 Million,$159.6 Million,,,,,1,1,1,4,,,,,328,500,64,2000,,,,,24329,10,4631,40,,,,,,,,,,,,
megamillions,2022-09-27,$325 Million,$168.1 Million,,,,,0,1,0,3,,,,,404,500,80,1500,,,,,27820,10,5391,30,,,,,,,,,,,,
megamillions,2022-09-30,$355 Million,$187.0 Million,,,,,0,1,0,4,,,,,459,500,83,2000,,,,,28187,10,5540,40,,,,,,,,,,,,
megamillions,2022-10-04,$380 Million,$198.2 Million,,,,,2,1,0,2,,,,,486,500,105,1000,,,,,31439,10,6075,20,,,,,,,,,,,,
megamillions,2022-10-07,$410 Million,$208.2 Million,,,,,2,1,1,2,,,,,538,500,111,1000,,,,,36531,10,7192,20,,,,,,,,,,,,
megamillions,2022-10-11,$445 Million,$224.0 Million,,,,,0,1,0,3,,,,,1756,500,420,1500,,,,,63105,10,13457,30,,,,,,,,,,,,
megamillions,2022-10-14,$494 Million,$247.9 Million,,,,,3,1,1,2,,,,,716,500,139,1000,,,,,46133,10,8818,20,,,,,,,,,,,,
megamillions,2022-10-18,$20 Million,$9.9 Million,,,,,2,1,1,3,,,,,239,500,51,1500,,,,,15660,10,3355,30,,,,,,,,,,,,
megamillions,2022-10-21,$30 Million,$14.3 Million,,,,,0,1,0,2,,,,,213,500,53,1000,,,,,14143,10,3077,20,,,,,,,,,,,,
megamillions,2022-10-25,$45 Million,$21.8 Million,,,,,0,1,0,3,,,,,248,500,50,1500,,,,,16946,10,3571,30,,,,,,,,,,,,
megamillions,2022-10-28,$64 Million,$31.5 Million,,,,,3,1,2,2,,,,,354,500,75,1000,,,,,22091,10,4619,20,,,,,,,,,,,,
megamillions,2022-11-01,$87 Million,$43.2 Million,,,,,7,1,1,3,,,,,911,500,209,1500,,,,,43241,10,9483,30,,,,,,,,,,,,
megamillions,2022-11-04,$119 Million,$57.7 Million,,,,,2,1,0,2,,,,,491,500,104,1000,,,,,32240,10,6622,20,,,,,,,,,,,,
megamillions,2022-11-08,$154 Million,$74.2 Million,,,,,4,1,1,4,,,,,685,500,130,2000,,,,,41766,10,8292,40,,,,,,,,,,,,
megamillions,2022-11-11,$189 Million,$93.9 Million,,,,,0,1,0,3,,,,,413,500,91,1500,,,,,30204,10,6507,30,,,,,,,,,,,,
megamillions,2022-11-15,$207 Million,$103.6 Million,,,,,2,1,0,2,,,,,415,500,79,1000,,,,,28650,10,5942,20,,,,,,,,,,,,
megamillions,2022-11-18,$238 Million,$120.8 Million,,,,,3,1,2,4,,,,,414,500,93,2000,,,,,27569,10,5388,40,,,,,,,,,,,,
megamillions,2022-11-22,$259 Million,$132.1 Million,,,,,1,1,0,3,,,,,559,500,98,1500,,,,,31784,10,6608,30,,,,,,,,,,,,
megamillions,2022-11-25,$284 Million,$147.3 Million,,,,,1,1,0,2,,,,,369,500,64,1000,,,,,24024,10,4847,20,,,,,,,,,,,,
megamillions,2022-11-29,$305 Million,$157.8 Million,,,,,0,1,0,4,,,,,454,500,83,2000,,,,,28769,10,5615,40,,,,,,,,,,,,
megamillions,2022-12-02,$333 Million,$175.8 Million,,,,,0,1,0,3,,,,,427,500,107,1500,,,,,29976,10,6008,30,,,,,,,,,,,,
megamillions,2022-12-06,$354 Million,$189.3 Million,,,,,1,1,0,3,,,,,543,500,121,1500,,,,,34882,10,7090,30,,,,,,,,,,,,
megamillions,2022-12-09,$379 Million,$204.8 Million,,,,,2,1,0,4,,,,,655,500,142,2000,,,,,31983,10,6646,40,,,,,,,,,,,,
megamillions,2022-12-13,$400 Million,$217.8 Million,,,,,0,1,0,2,,,,,501,500,93,1000,,,,,32530,10,6253,20,,,,,,,,,,,,
megamillions,2022-12-16,$429 Million,$231.0 Million,,,,,1,1,0,3,,,,,502,500,92,1500,,,,,33415,10,6635,30,,,,,,,,,,,,
megamillions,2022-12-20,$465 Million,$243.3 Million,,,,,4,1,0,4,,,,,583,500,121,2000,,,,,39318,10,7370,40,,,,,,,,,,,,
megamillions,2022-12-23,$510 Million,$265.0 Million,,,,,2,1,0,4,,,,,796,500,141,2000,,,,,48402,10,8856,40,,,,,,,,,,,,
megamillions,2022-12-27,$565 Million,$289.8 Million,,,,,5,1,0,2,,,,,1036,500,182,1000,,,,,70760,10,12482,20,,,,,,,,,,,,
megamillions,2022-12-30,$685 Million,$347.8 Million,,,,,1,1,0,3,,,,,1546,500,283,1500,,,,,110214,10,20235,30,,,,,,,,,,,,
megamillions,2023-01-03,$785 Million,$403.8 Million,,,,,6,1,3,4,,,,,1830,500,338,2000,,,,,116974,10,20671,40,,,,,,,,,,,,
megamillions,2023-01-06,$940 Million,$486.0 Million,,,,,5,1,0,3,,,,,2569,500,463,1500,,,,,162674,10,28707,30,,,,,,,,,,,,
megamillions,2023-01-10,$1.1 Billion,$576.8 Million,,,,,16,1,3,3,,,,,5110,500,996,1500,,,,,285385,10,52109,30,,,,,,,,,,,,
megamillions,2023-01-13,$1.35 Billion,$724.6 Million,,,,,14,1,0,2,,,,,3970,500,693,1000,,,,,267753,10,46927,20,,,,,,,,,,,,
megamillions,2023-01-17,$20 Million,$10.6 Million,,,,,1,1,1,3,,,,,503,500,137,1500,,,,,29893,10,7126,30,,,,,,,,,,,,
megamillions,2023-01-20,$20 Million,$10.7 Million,,,,,1,1,1,4,,,,,244,500,60,2000,,,,,16878,10,3848,40,,,,,,,,,,,,
megamillions,2023-01-24,$31 Million,$16.3 Million,,,,,2,1,0,4,,,,,241,500,58,2000,,,,,16671,10,3739,40,,,,,,,,,,,,
megamillions,2023-01-27,$20 Million,$10.6 Million,,,,,0,1,0,4,,,,,232,500,49,2000,,,,,16807,10,3964,40,,,,,,,,,,,,
megamillions,2023-01-31,$31 Million,$16.5 Million,,,,,1,1,1,4,,,,,474,500,118,2000,,,,,26514,10,6430,40,,,,,,,,,,,,
megamillions,2023-02-03,$20 Million,$10.7 Million,,,,,0,1,0,2,,,,,257,500,63,1000,,,,,17240,10,3833,20,,,,,,,,,,,,
megamillions,2023-02-07,$31 Million,$16.4 Million,,,,,2,1,0,2,,,,,254,500,48,1000,,,,,17801,10,3936,20,,,,,,,,,,,,
megamillions,2023-02-10,$50 Million,$26.2 Million,,,,,1,1,0,3,,,,,255,500,67,1500,,,,,18391,10,4134,30,,,,,,,,,,,,
megamillions,2023-02-14,$67 Million,$35.1 Million,,,,,0,1,0,3,,,,,271,500,66,1500,,,,,18108,10,3872,30,,,,,,,,,,,,
megamillions,2023-02-17,$84 Million,$42.9 Million,,,,,0,1,0,3,,,,,292,500,65,1500,,,,,17526,10,3945,30,,,,,,,,,,,,
megamillions,2023-02-21,$104 Million,$52.8 Million,,,,,1,1,1,2,,,,,301,500,58,1000,,,,,20860,10,4427,20,,,,,,,,,,,,
megamillions,2023-02-24,$126 Million,$64.5 Million,,,,,0,1,0,4,,,,,279,500,61,2000,,,,,19695,10,4216,40,,,,,,,,,,,,
megamillions,2023-02-28,$145 Million,$73.4 Million,,,,,1,1,0,2,,,,,289,500,47,1000,,,,,19707,10,4134,20,,,,,,,,,,,,
megamillions,2023-03-03,$167 Million,$85.0 Million,,,,,1,1,1,4,,,,,340,500,68,2000,,,,,22785,10,5009,40,,,,,,,,,,,,
megamillions,2023-03-07,$188 Million,$99.2 Million,,,,,1,1,0,4,,,,,394,500,88,2000,,,,,25261,10,5424,40,,,,,,,,,,,,
megamillions,2023-03-10,$203 Million,$106.9 Million,,,,,0,1,0,2,,,,,442,500,88,1000,,,,,25435,10,5389,20,,,,,,,,,,,,
megamillions,2023-03-14,$229 Million,$120.5 Million,,,,,3,1,0,3,,,,,430,500,86,1500,,,,,29310,10,6074,30,,,,,,,,,,,,
megamillions,2023-03-17,$254 Million,$136.8 Million,,,,,2,1,1,3,,,,,421,500,79,1500,,,,,28767,10,6066,30,,,,,,,,,,,,
megamillions,2023-03-21,$272 Million,$143.9 Million,,,,,0,1,0,2,,,,,488,500,99,1000,,,,,30920,10,6354,20,,,,,,,,,,,,
megamillions,2023-03-24,$302 Million,$163.5 Million,,,,,2,1,0,3,,,,,476,500,109,1500,,,,,30119,10,6044,30,,,,,,,,,,,,
megamillions,2023-03-28,$322 Million,$170.1 Million,,,,,1,1,0,4,,,,,467,500,106,2000,,,,,32107,10,6361,40,,,,,,,,,,,,
megamillions,2023-03-31,$355 Million,$188.8 Million,,,,,1,1,0,4,,,,,435,500,103,2000,,,,,32188,10,6460,40,,,,,,,,,,,,
megamillions,2023-04-04,$385 Million,$205.5 Million,,,,,0,1,0,3,,,,,440,500,86,1500,,,,,29637,10,5572,30,,,,,,,,,,,,
megamillions,2023-04-07,$414 Million,$224.2 Million,,,,,1,1,0,2,,,,,560,500,119,1000,,,,,33546,10,6565,20,,,,,,,,,,,,
megamillions,2023-04-11,$441 Million,$237.2 Million,,,,,3,1,1,3,,,,,582,500,99,1500,,,,,34846,10,6731,30,,,,,,,,,,,,
megamillions,2023-04-14,$476 Million,$253.1 Million,,,,,2,1,0,2,,,,,618,500,122,1000,,,,,38586,10,7566,20,,,,,,,,,,,,
megamillions,2023-04-18,$20 Million,$10.5 Million,,,,,4,1,0,2,,,,,696,500,174,1000,,,,,29895,10,7276,20,,,,,,,,,,,,
megamillions,2023-04-21,$20 Million,$10.5 Million,,,,,0,1,0,3,,,,,240,500,71,1500,,,,,15631,10,3606,30,,,,,,,,,,,,
megamillions,2023-04-25,$26 Million,$13.9 Million,,,,,1,1,0,2,,,,,248,500,55,1000,,,,,14316,10,3280,20,,,,,,,,,,,,
megamillions,2023-04-28,$38 Million,$20.2 Million,,,,,1,1,1,3,,,,,208,500,59,1500,,,,,14386,10,3243,30,,,,,,,,,,,,
megamillions,2023-05-02,$52 Million,$27.4 Million,,,,,0,1,0,2,,,,,254,500,63,1000,,,,,17508,10,3955,20,,,,,,,,,,,,
megamillions,2023-05-05,$68 Million,$35.9 Million,,,,,1,1,0,3,,,,,251,500,56,1500,,,,,17325,10,3983,30,,,,,,,,,,,,
megamillions,2023-05-09,$83 Million,$43.7 Million,,,,,1,1,0,3,,,,,212,500,40,1500,,,,,15474,10,3439,30,,,,,,,,,,,,
megamillions,2023-05-12,$99 Million,$52.9 Million,,,,,1,1,0,3,,,,,291,500,52,1500,,,,,18701,10,4228,30,,,,,,,,,,,,
megamillions,2023-05-16,$113 Million,$58.9 Million,,,,,0,1,0,3,,,,,256,500,46,1500,,,,,15297,10,3237,30,,,,,,,,,,,,
megamillions,2023-05-19,$132 Million,$67.9 Million,,,,,0,1,0,2,,,,,419,500,97,1000,,,,,20624,10,4638,20,,,,,,,,,,,,
megamillions,2023-05-23,$150 Million,$76.7 Million,,,,,0,1,0,2,,,,,290,500,63,1000,,,,,18979,10,4241,20,,,,,,,,,,,,
megamillions,2023-05-26,$169 Million,$86.1 Million,,,,,0,1,0,3,,,,,275,500,53,1500,,,,,18508,10,3953,30,,,,,,,,,,,,
megamillions,2023-05-30,$187 Million,$96.3 Million,,,,,0,1,0,2,,,,,249,500,60,1000,,,,,16117,10,3358,20,,,,,,,,,,,,
megamillions,2023-06-02,$203 Million,$106.0 Million,,,,,0,1,0,2,,,,,326,500,76,1000,,,,,23046,10,5064,20,,,,,,,,,,,,
megamillions,2023-06-06,$218 Million,$113.0 Million,,,,,3,1,0,2,,,,,443,500,86,1000,,,,,25541,10,5443,20,,,,,,,,,,,,
megamillions,2023-06-09,$240 Million,$124.0 Million,,,,,2,1,1,3,,,,,323,500,70,1500,,,,,21287,10,4568,30,,,,,,,,,,,,
megamillions,2023-06-13,$260 Million,$134.4 Million,,,,,0,1,0,4,,,,,352,500,83,2000,,,,,26146,10,5453,40,,,,,,,,,,,,
megamillions,2023-06-16,$281 Million,$146.1 Million,,,,,1,1,1,3,,,,,333,500,63,1500,,,,,22798,10,4754,30,,,,,,,,,,,,
megamillions,2023-06-20,$300 Million,$157.2 Million,,,,,0,1,0,4,,,,,356,500,71,2000,,,,,22975,10,4576,40,,,,,,,,,,,,
megamillions,2023-06-23,$320 Million,$168.0 Million,,,,,1,1,0,5,,,,,353,500,79,2500,,,,,23192,10,4708,50,,,,,,,,,,,,
megamillions,2023-06-27,$343 Million,$180.3 Million,,,,,0,1,0,4,,,,,385,500,83,2000,,,,,24648,10,4843,40,,,,,,,,,,,,
megamillions,2023-06-30,$368 Million,$190.7 Million,,,,,1,1,0,3,,,,,447,500,102,1500,,,,,27810,10,5598,30,,,,,,,,,,,,
megamillions,2023-07-04,$400 Million,$206.7 Million,,,,,2,1,1,3,,,,,430,500,84,1500,,,,,28785,10,5651,30,,,,,,,,,,,,
megamillions,2023-07-07,$450 Million,$225.6 Million,,,,,1,1,0,3,,,,,681,500,146,1500,,,,,47398,10,9350,30,,,,,,,,,,,,
megamillions,2023-07-11,$500 Million,$251.0 Million,,,,,3,1,0,2,,,,,916,500,163,1000,,,,,59291,10,11024,20,,,,,,,,,,,,
megamillions,2023-07-14,$560 Million,$287.0 Million,,,,,4,1,1,2,,,,,1049,500,194,1000,,,,,66402,10,12340,20,,,,,,,,,,,,
megamillions,2023-07-18,$640 Million,$328.5 Million,,,,,8,1,1,4,,,,,1443,500,231,2000,,,,,94718,10,16807,40,,,,,,,,,,,,
megamillions,2023-07-21,$720 Million,$370.5 Million,,,,,8,1,0,2,,,,,1381,500,244,1000,,,,,92051,10,16673,20,,,,,,,,,,,,
megamillions,2023-07-25,$820 Million,$418.3 Million,,,,,2,1,1,4,,,,,1539,500,294,2000,,,,,107536,10,20270,40,,,,,,,,,,,,
megamillions,2023-07-28,$940 Million,$472.5 Million,,,,,5,1,1,5,,,,,1968,500,366,2500,,,,,131365,10,24303,50,,,,,,,,,,,,
megamillions,2023-08-01,$1.1 Billion,$550.2 Million,,,,,7,1,1,4,,,,,2946,500,524,2000,,,,,191584,10,35455,40,,,,,,,,,,,,
megamillions,2023-08-04,$1.35 Billion,$659.5 Million,,,,,9,1,2,2,,,,,3272,500,581,1000,,,,,213589,10,39955,20,,,,,,,,,,,,
megamillions,2023-08-08,$1.58 Billion,$783.3 Million,,,,,7,1,2,2,,,,,4589,500,847,1000,,,,,292574,10,54095,20,,,,,,,,,,,,
megamillions,2023-08-11,$20 Million,$9.7 Million,,,,,1,1,0,3,,,,,364,500,88,1500,,,,,25806,10,6318,30,,,,,,,,,,,,
megamillions,2023-08-15,$36 Million,$17.4 Million,,,,,1,1,0,3,,,,,282,500,58,1500,,,,,16935,10,3857,30,,,,,,,,,,,,
megamillions,2023-08-18,$20 Million,$9.5 Million,,,,,1,1,1,3,,,,,267,500,63,1500,,,,,18489,10,4407,30,,,,,,,,,,,,
megamillions,2023-08-22,$33 Million,$15.6 Million,,,,,1,1,0,2,,,,,279,500,50,1000,,,,,18957,10,4412,20,,,,,,,,,,,,
megamillions,2023-08-25,$52 Million,$25.1 Million,,,,,1,1,0,2,,,,,387,500,86,1000,,,,,22103,10,5303,20,,,,,,,,,,,,
megamillions,2023-08-29,$67 Million,$32.5 Million,,,,,0,1,0,3,,,,,215,500,57,1500,,,,,15435,10,3552,30,,,,,,,,,,,,
megamillions,2023-09-01,$85 Million,$41.3 Million,,,,,0,1,0,2,,,,,287,500,65,1000,,,,,18027,10,4232,20,,,,,,,,,,,,
megamillions,2023-09-05,$101 Million,$48.6 Million,,,,,0,1,0,2,,,,,261,500,63,1000,,,,,16439,10,3604,20,,,,,,,,,,,,
megamillions,2023-09-08,$122 Million,$59.1 Million,,,,,0,1,0,3,,,,,344,500,73,1500,,,,,22255,10,5198,30,,,,,,,,,,,,
megamillions,2023-09-12,$141 Million,$67.7 Million,,,,,1,1,0,5,,,,,304,500,59,2500,,,,,20630,10,4536,50,,,,,,,,,,,,
megamillions,2023-09-15,$162 Million,$77.4 Million,,,,,0,1,0,3,,,,,377,500,73,1500,,,,,22760,10,5107,30,,,,,,,,,,,,
megamillions,2023-09-19,$183 Million,$87.6 Million,,,,,1,1,0,2,,,,,404,500,102,1000,,,,,28422,10,6661,20,,,,,,,,,,,,
megamillions,2023-09-22,$205 Million,$96.1 Million,,,,,1,1,0,2,,,,,337,500,85,1000,,,,,23967,10,5305,20,,,,,,,,,,,,
megamillions,2023-09-26,$230 Million,$106.4 Million,,,,,2,1,1,4,,,,,361,500,74,2000,,,,,24254,10,4859,40,,,,,,,,,,,,
megamillions,2023-09-29,$267 Million,$123.3 Million,,,,,2,1,0,4,,,,,386,500,76,2000,,,,,25938,10,5339,40,,,,,,,,,,,,
megamillions,2023-10-03,$315 Million,$140.3 Million,,,,,0,1,0,3,,,,,509,500,113,1500,,,,,34856,10,7351,30,,,,,,,,,,,,
megamillions,2023-10-06,$360 Million,$156.9 Million,,,,,6,1,2,3,,,,,566,500,144,1500,,,,,35257,10,7328,30,,,,,,,,,,,,
megamillions,2023-10-10,$20 Million,$8.8 Million,,,,,1,1,0,4,,,,,460,500,116,2000,,,,,30135,10,6993,40,,,,,,,,,,,,
megamillions,2023-10-13,$48 Million,$21.6 Million,,,,,0,1,0,3,,,,,315,500,74,1500,,,,,22206,10,4989,30,,,,,,,,,,,,
megamillions,2023-10-17,$69 Million,$30.1 Million,,,,,0,1,0,4,,,,,280,500,59,2000,,,,,19453,10,4424,40,,,,,,,,,,,,
megamillions,2023-10-20,$91 Million,$39.2 Million,,,,,0,1,0,4,,,,,289,500,73,2000,,,,,19212,10,4310,40,,,,,,,,,,,,
megamillions,2023-10-24,$114 Million,$49.6 Million,,,,,0,1,0,3,,,,,283,500,55,1500,,,,,19815,10,4352,30,,,,,,,,,,,,
megamillions,2023-10-27,$137 Million,$59.8 Million,,,,,4,1,2,4,,,,,287,500,53,2000,,,,,18952,10,4051,40,,,,,,,,,,,,
megamillions,2023-10-31,$159 Million,$69.6 Million,,,,,0,1,0,3,,,,,291,500,69,1500,,,,,18599,10,3912,30,,,,,,,,,,,,
megamillions,2023-11-03,$181 Million,$82.3 Million,,,,,1,1,0,4,,,,,321,500,68,2000,,,,,20307,10,4322,40,,,,,,,,,,,,
megamillions,2023-11-07,$196 Million,$87.9 Million,,,,,0,1,0,2,,,,,423,500,90,1000,,,,,25836,10,5730,20,,,,,,,,,,,,
megamillions,2023-11-10,$223 Million,$100.8 Million,,,,,1,1,1,3,,,,,282,500,69,1500,,,,,21005,10,4332,30,,,,,,,,,,,,
megamillions,2023-11-14,$245 Million,$112.0 Million,,,,,1,1,1,4,,,,,334,500,51,2000,,,,,20199,10,4168,40,,,,,,,,,,,,
megamillions,2023-11-17,$267 Million,$121.9 Million,,,,,3,1,0,3,,,,,373,500,75,1500,,,,,24626,10,5474,30,,,,,,,,,,,,
megamillions,2023-11-21,$289 Million,$133.3 Million,,,,,1,1,0,4,,,,,427,500,97,2000,,,,,26195,10,5680,40,,,,,,,,,,,,
megamillions,2023-11-24,$308 Million,$140.8 Million,,,,,0,1,0,4,,,,,314,500,67,2000,,,,,20266,10,4237,40,,,,,,,,,,,,
megamillions,2023-11-28,$335 Million,$154.8 Million,,,,,0,1,0,3,,,,,396,500,77,1500,,,,,21921,10,4426,30,,,,,,,,,,,,
megamillions,2023-12-01,$355 Million,$165.1 Million,,,,,3,1,0,4,,,,,336,500,77,2000,,,,,23417,10,4803,40,,,,,,,,,,,,
megamillions,2023-12-05,$377 Million,$179.6 Million,,,,,0,1,0,4,,,,,342,500,74,2000,,,,,22378,10,4561,40,,,,,,,,,,,,
megamillions,2023-12-08,$395 Million,$189.0 Million,,,,,0,1,0,3,,,,,350,500,68,1500,,,,,23539,10,4935,30,,,,,,,,,,,,
megamillions,2023-12-12,$20 Million,$9.5 Million,,,,,1,1,0,4,,,,,205,500,42,2000,,,,,14920,10,3380,40,,,,,,,,,,,,
megamillions,2023-12-15,$28 Million,$13.9 Million,,,,,1,1,1,2,,,,,227,500,43,1000,,,,,17425,10,4145,20,,,,,,,,,,,,
megamillions,2023-12-19,$41 Million,$20.4 Million,,,,,0,1,0,3,,,,,174,500,32,1500,,,,,13429,10,3021,30,,,,,,,,,,,,
megamillions,2023-12-22,$57 Million,$28.5 Million,,,,,0,1,0,4,,,,,286,500,61,2000,,,,,17497,10,3993,40,,,,,,,,,,,,
megamillions,2023-12-26,$73 Million,$36.4 Million,,,,,2,1,0,3,,,,,300,500,85,1500,,,,,19434,10,4412,30,,,,,,,,,,,,
megamillions,2023-12-29,$92 Million,$46.1 Million,,,,,0,1,0,3,,,,,310,500,82,1500,,,,,22087,10,4903,30,,,,,,,,,,,,
megamillions,2024-01-02,$114 Million,$56.1 Million,,,,,4,1,2,2,,,,,461,500,92,1000,,,,,28624,10,6462,20,,,,,,,,,,,,
megamillions,2024-01-05,$140 Million,$67.8 Million,,,,,1,1,0,3,,,,,395,500,99,1500,,,,,25442,10,5738,30,,,,,,,,,,,,
megamillions,2024-01-09,$165 Million,$80.3 Million,,,,,3,1,1,3,,,,,328,500,71,1500,,,,,22313,10,4823,30,,,,,,,,,,,,
megamillions,2024-01-12,$187 Million,$91.3 Million,,,,,0,1,0,3,,,,,351,500,67,1500,,,,,22350,10,4842,30,,,,,,,,,,,,
megamillions,2024-01-16,$208 Million,$100.1 Million,,,,,3,1,0,2,,,,,315,500,61,1000,,,,,22028,10,4607,20,,,,,,,,,,,,
megamillions,2024-01-19,$236 Million,$111.3 Million,,,,,1,1,0,2,,,,,714,500,160,1000,,,,,35477,10,8141,20,,,,,,,,,,,,
megamillions,2024-01-23,$262 Million,$124.2 Million,,,,,0,1,0,2,,,,,356,500,76,1000,,,,,21644,10,4305,20,,,,,,,,,,,,
megamillions,2024-01-26,$285 Million,$134.7 Million,,,,,2,1,0,3,,,,,361,500,72,1500,,,,,23606,10,4796,30,,,,,,,,,,,,
megamillions,2024-01-30,$311 Million,$149.5 Million,,,,,1,1,0,4,,,,,424,500,93,2000,,,,,27213,10,5624,40,,,,,,,,,,,,
megamillions,2024-02-02,$333 Million,$162.1 Million,,,,,2,1,1,3,,,,,434,500,95,1500,,,,,28226,10,5982,30,,,,,,,,,,,,
megamillions,2024-02-06,$365 Million,$174.6 Million,,,,,3,1,0,4,,,,,441,500,104,2000,,,,,29102,10,6090,40,,,,,,,,,,,,
megamillions,2024-02-09,$394 Million,$187.3 Million,,,,,0,1,0,3,,,,,423,500,91,1500,,,,,29751,10,6297,30,,,,,,,,,,,,
megamillions,2024-02-13,$425 Million,$201.7 Million,,,,,0,1,0,3,,,,,648,500,122,1500,,,,,37842,10,8109,30,,,,,,,,,,,,
megamillions,2024-02-16,$457 Million,$214.2 Million,,,,,1,1,1,4,,,,,540,500,123,2000,,,,,31604,10,6451,40,,,,,,,,,,,,
megamillions,2024-02-20,$493 Million,$232.1 Million,,,,,0,1,0,2,,,,,436,500,75,1000,,,,,30032,10,6053,20,,,,,,,,,,,,
megamillions,2024-02-23,$525 Million,$247.5 Million,,,,,0,1,0,5,,,,,541,500,122,2500,,,,,36528,10,7431,50,,,,,,,,,,,,
megamillions,2024-02-27,$563 Million,$266.1 Million,,,,,1,1,0,3,,,,,666,500,148,1500,,,,,43965,10,8877,30,,,,,,,,,,,,
megamillions,2024-03-01,$607 Million,$288.2 Million,,,,,0,1,0,4,,,,,652,500,140,2000,,,,,42610,10,8541,40,,,,,,,,,,,,
megamillions,2024-03-05,$650 Million,$314.4 Million,,,,,2,1,0,2,,,,,663,500,125,1000,,,,,42523,10,8164,20,,,,,,,,,,,,
megamillions,2024-03-08,$687 Million,$333.4 Million,,,,,2,1,0,3,,,,,697,500,133,1500,,,,,48597,10,9650,30,,,,,,,,,,,,
megamillions,2024-03-12,$735 Million,$354.3 Million,,,,,2,1,0,3,,,,,843,500,159,1500,,,,,53582,10,10134,30,,,,,,,,,,,,
megamillions,2024-03-15,$815 Million,$385.1 Million,,,,,1,1,0,5,,,,,897,500,174,2500,,,,,60109,10,11240,50,,,,,,,,,,,,
megamillions,2024-03-19,$893 Million,$421.4 Million,,,,,4,1,0,2,,,,,1152,500,212,1000,,,,,73266,10,13506,20,,,,,,,,,,,,
megamillions,2024-03-22,$977 Million,$467.0 Million,,,,,6,1,1,3,,,,,1775,500,323,1500,,,,,113727,10,21413,30,,,,,,,,,,,,
megamillions,2024-03-26,$1.13 Billion,$537.5 Million,,,,,13,1,1,2,,,,,3474,500,723,1000,,,,,179681,10,35141,20,,,,,,,,,,,,
megamillions,2024-03-29,$20 Million,$9.5 Million,,,,,1,1,0,4,,,,,324,500,76,2000,,,,,23605,10,5410,40,,,,,,,,,,,,
megamillions,2024-04-02,$45 Million,$20.8 Million,,,,,0,1,0,3,,,,,299,500,68,1500,,,,,21469,10,4717,30,,,,,,,,,,,,
megamillions,2024-04-05,$67 Million,$31.1 Million,,,,,4,1,1,3,,,,,347,500,87,1500,,,,,23950,10,5256,30,,,,,,,,,,,,
megamillions,2024-04-09,$97 Million,$45.1 Million,,,,,2,1,0,4,,,,,345,500,68,2000,,,,,24103,10,5202,40,,,,,,,,,,,,
megamillions,2024-04-12,$125 Million,$57.3 Million,,,,,4,1,1,2,,,,,426,500,96,1000,,,,,28734,10,6760,20,,,,,,,,,,,,
megamillions,2024-04-16,$148 Million,$66.1 Million,,,,,0,1,0,4,,,,,350,500,73,2000,,,,,22857,10,5106,40,,,,,,,,,,,,
megamillions,2024-04-19,$178 Million,$80.4 Million,,,,,1,1,0,3,,,,,395,500,87,1500,,,,,23881,10,5373,30,,,,,,,,,,,,
megamillions,2024-04-23,$202 Million,$91.6 Million,,,,,5,1,1,4,,,,,427,500,99,2000,,,,,28044,10,6203,40,,,,,,,,,,,,
megamillions,2024-04-26,$228 Million,$102.5 Million,,,,,0,1,0,3,,,,,372,500,83,1500,,,,,23923,10,5193,30,,,,,,,,,,,,
megamillions,2024-04-30,$257 Million,$115.5 Million,,,,,3,1,0,3,,,,,413,500,80,1500,,,,,27619,10,5965,30,,,,,,,,,,,,
megamillions,2024-05-03,$284 Million,$130.0 Million,,,,,1,1,0,2,,,,,384,500,77,1000,,,,,26283,10,5616,20,,,,,,,,,,,,
megamillions,2024-05-07,$306 Million,$141.6 Million,,,,,3,1,0,3,,,,,368,500,71,1500,,,,,25413,10,5094,30,,,,,,,,,,,,
megamillions,2024-05-10,$331 Million,$152.2 Million,,,,,0,1,0,4,,,,,408,500,85,2000,,,,,29178,10,6187,40,,,,,,,,,,,,
megamillions,2024-05-14,$363 Million,$167.6 Million,,,,,2,1,1,3,,,,,427,500,82,1500,,,,,27410,10,5504,30,,,,,,,,,,,,
megamillions,2024-05-17,$393 Million,$182.9 Million,,,,,1,1,0,2,,,,,432,500,88,1000,,,,,29241,10,6152,20,,,,,,,,,,,,
megamillions,2024-05-21,$421 Million,$196.4 Million,,,,,2,1,1,2,,,,,795,500,173,1000,,,,,43309,10,9508,20,,,,,,,,,,,,
megamillions,2024-05-24,$453 Million,$209.8 Million,,,,,2,1,1,3,,,,,457,500,99,1500,,,,,28604,10,5890,30,,,,,,,,,,,,
megamillions,2024-05-28,$489 Million,$226.1 Million,,,,,0,1,0,5,,,,,473,500,105,2500,,,,,30064,10,6081,50,,,,,,,,,,,,
megamillions,2024-05-31,$522 Million,$240.8 Million,,,,,1,1,0,4,,,,,750,500,167,2000,,,,,42791,10,9414,40,,,,,,,,,,,,
megamillions,2024-06-04,$560 Million,$264.0 Million,,,,,2,1,0,3,,,,,554,500,101,1500,,,,,35436,10,6993,30,,,,,,,,,,,,
megamillions,2024-06-07,$20 Million,$9.3 Million,,,,,2,1,0,4,,,,,441,500,97,2000,,,,,24324,10,6016,40,,,,,,,,,,,,
megamillions,2024-06-11,$30 Million,$13.9 Million,,,,,7,1,3,4,,,,,701,500,200,2000,,,,,30258,10,7556,40,,,,,,,,,,,,
megamillions,2024-06-14,$47 Million,$22.6 Million,,,,,1,1,0,3,,,,,262,500,66,1500,,,,,17486,10,4126,30,,,,,,,,,,,,
megamillions,2024-06-18,$61 Million,$29.1 Million,,,,,1,1,0,2,,,,,245,500,43,1000,,,,,15432,10,3433,20,,,,,,,,,,,,
megamillions,2024-06-21,$80 Million,$38.3 Million,,,,,1,1,0,4,,,,,340,500,97,2000,,,,,20986,10,4877,40,,,,,,,,,,,,
megamillions,2024-06-25,$97 Million,$46.3 Million,,,,,0,1,0,4,,,,,293,500,59,2000,,,,,19000,10,4261,40,,,,,,,,,,,,
megamillions,2024-06-28,$116 Million,$55.2 Million,,,,,0,1,0,3,,,,,298,500,73,1500,,,,,18957,10,4374,30,,,,,,,,,,,,
megamillions,2024-07-02,$137 Million,$63.0 Million,,,,,2,1,0,4,,,,,440,500,112,2000,,,,,26622,10,6296,40,,,,,,,,,,,,
megamillions,2024-07-05,$162 Million,$75.5 Million,,,,,3,1,0,3,,,,,277,500,79,1500,,,,,19406,10,4400,30,,,,,,,,,,,,
megamillions,2024-07-09,$181 Million,$84.6 Million,,,,,3,1,0,3,,,,,301,500,66,1500,,,,,19908,10,4331,30,,,,,,,,,,,,
megamillions,2024-07-12,$203 Million,$96.0 Million,,,,,0,1,0,3,,,,,333,500,79,1500,,,,,21986,10,4862,30,,,,,,,,,,,,
megamillions,2024-07-16,$226 Million,$106.9 Million,,,,,0,1,0,2,,,,,362,500,92,1000,,,,,23004,10,4790,20,,,,,,,,,,,,
megamillions,2024-07-19,$251 Million,$118.0 Million,,,,,3,1,0,3,,,,,379,500,92,1500,,,,,26972,10,5843,30,,,,,,,,,,,,
megamillions,2024-07-23,$279 Million,$131.1 Million,,,,,5,1,3,4,,,,,762,500,198,2000,,,,,34037,10,7669,40,,,,,,,,,,,,
megamillions,2024-07-26,$306 Million,$144.4 Million,,,,,3,1,0,3,,,,,405,500,66,1500,,,,,25517,10,5368,30,,,,,,,,,,,,
megamillions,2024-07-30,$331 Million,$156.9 Million,,,,,2,1,0,2,,,,,424,500,86,1000,,,,,30432,10,6482,20,,,,,,,,,,,,
megamillions,2024-08-02,$358 Million,$176.0 Million,,,,,2,1,0,4,,,,,469,500,95,2000,,,,,32796,10,7141,40,,,,,,,,,,,,
megamillions,2024-08-06,$374 Million,$185.9 Million,,,,,1,1,0,4,,,,,397,500,70,2000,,,,,27060,10,5475,40,,,,,,,,,,,,
megamillions,2024-08-09,$405 Million,$197.7 Million,,,,,2,1,0,2,,,,,453,500,93,1000,,,,,29711,10,6162,20,,,,,,,,,,,,
megamillions,2024-08-13,$435 Million,$213.9 Million,,,,,1,1,0,4,,,,,467,500,100,2000,,,,,28884,10,5690,40,,,,,,,,,,,,
megamillions,2024-08-16,$464 Million,$228.5 Million,,,,,2,1,0,3,,,,,525,500,106,1500,,,,,32669,10,6558,30,,,,,,,,,,,,
megamillions,2024-08-20,$498 Million,$247.5 Million,,,,,2,1,1,4,,,,,580,500,130,2000,,,,,39286,10,7878,40,,,,,,,,,,,,
megamillions,2024-08-23,$535 Million,$265.6 Million,,,,,2,1,1,3,,,,,567,500,129,1500,,,,,39366,10,8215,30,,,,,,,,,,,,
megamillions,2024-08-27,$582 Million,$286.9 Million,,,,,2,1,1,2,,,,,673,500,126,1000,,,,,45002,10,9002,20,,,,,,,,,,,,
megamillions,2024-08-30,$627 Million,$309.4 Million,,,,,2,1,1,4,,,,,1105,500,239,2000,,,,,66642,10,14249,40,,,,,,,,,,,,
megamillions,2024-09-03,$681 Million,$337.1 Million,,,,,2,1,0,4,,,,,779,500,149,2000,,,,,55839,10,11167,40,,,,,,,,,,,,
megamillions,2024-09-06,$740 Million,$371.6 Million,,,,,6,1,1,2,,,,,1051,500,223,1000,,,,,64926,10,12676,20,,,,,,,,,,,,
megamillions,2024-09-10,$800 Million,$404.2 Million,,,,,4,1,0,4,,,,,1329,500,255,2000,,,,,88361,10,17159,40,,,,,,,,,,,,
megamillions,2024-09-13,$20 Million,$10.1 Million,,,,,0,1,0,3,,,,,255,500,61,1500,,,,,15575,10,3679,30,,,,,,,,,,,,
megamillions,2024-09-17,$31 Million,$15.8 Million,,,,,1,1,1,3,,,,,212,500,51,1500,,,,,14240,10,3388,30,,,,,,,,,,,,
megamillions,2024-09-20,$47 Million,$23.5 Million,,,,,2,1,0,3,,,,,232,500,69,1500,,,,,14914,10,3545,30,,,,,,,,,,,,
megamillions,2024-09-24,$62 Million,$30.8 Million,,,,,8,1,1,5,,,,,822,500,234,2500,,,,,29364,10,7327,50,,,,,,,,,,,,
megamillions,2024-09-27,$77 Million,$38.5 Million,,,,,1,1,1,2,,,,,231,500,50,1000,,,,,14305,10,3330,20,,,,,,,,,,,,
megamillions,2024-10-01,$93 Million,$46.4 Million,,,,,1,1,0,2,,,,,231,500,50,1000,,,,,15310,10,3456,20,,,,,,,,,,,,
megamillions,2024-10-04,$108 Million,$52.2 Million,,,,,0,1,0,2,,,,,259,500,74,1000,,,,,17555,10,4124,20,,,,,,,,,,,,
megamillions,2024-10-08,$129 Million,$61.5 Million,,,,,1,1,0,3,,,,,398,500,106,1500,,,,,22798,10,5458,30,,,,,,,,,,,,
megamillions,2024-10-11,$150 Million,$71.0 Million,,,,,0,1,0,3,,,,,307,500,71,1500,,,,,19862,10,4775,30,,,,,,,,,,,,
megamillions,2024-10-15,$169 Million,$80.7 Million,,,,,1,1,0,3,,,,,286,500,60,1500,,,,,17038,10,3928,30,,,,,,,,,,,,
megamillions,2024-10-18,$185 Million,$88.0 Million,,,,,0,1,0,4,,,,,303,500,54,2000,,,,,21166,10,4997,40,,,,,,,,,,,,
megamillions,2024-10-22,$205 Million,$96.1 Million,,,,,2,1,1,3,,,,,289,500,53,1500,,,,,17586,10,3839,30,,,,,,,,,,,,
megamillions,2024-10-25,$229 Million,$107.5 Million,,,,,2,1,0,2,,,,,346,500,73,1000,,,,,21296,10,4580,20,,,,,,,,,,,,
megamillions,2024-10-29,$250 Million,$115.5 Million,,,,,1,1,0,4,,,,,460,500,111,2000,,,,,24068,10,5098,40,,,,,,,,,,,,
megamillions,2024-11-01,$281 Million,$131.5 Million,,,,,0,1,0,2,,,,,391,500,84,1000,,,,,25086,10,5443,20,,,,,,,,,,,,
megamillions,2024-11-05,$303 Million,$141.3 Million,,,,,2,1,0,2,,,,,396,500,83,1000,,,,,27122,10,5741,20,,,,,,,,,,,,
megamillions,2024-11-08,$334 Million,$156.5 Million,,,,,3,1,2,3,,,,,357,500,73,1500,,,,,24846,10,5291,30,,,,,,,,,,,,
megamillions,2024-11-12,$361 Million,$169.2 Million,,,,,1,1,1,3,,,,,371,500,83,1500,,,,,25410,10,5169,30,,,,,,,,,,,,
megamillions,2024-11-15,$387 Million,$176.7 Million,,,,,2,1,0,2,,,,,486,500,117,1000,,,,,28778,10,6252,20,,,,,,,,,,,,
megamillions,2024-11-19,$420 Million,$194.3 Million,,,,,2,1,0,4,,,,,424,500,105,2000,,,,,28538,10,5654,40,,,,,,,,,,,,
megamillions,2024-11-22,$453 Million,$208.7 Million,,,,,1,1,0,2,,,,,510,500,125,1000,,,,,31836,10,6889,20,,,,,,,,,,,,
megamillions,2024-11-26,$489 Million,$229.3 Million,,,,,3,1,1,3,,,,,531,500,109,1500,,,,,35813,10,7467,30,,,,,,,,,,,,
megamillions,2024-11-29,$514 Million,$244.7 Million,,,,,1,1,0,2,,,,,516,500,102,1000,,,,,34667,10,7513,20,,,,,,,,,,,,
megamillions,2024-12-03,$541 Million,$258.4 Million,,,,,3,1,0,4,,,,,506,500,113,2000,,,,,34401,10,6999,40,,,,,,,,,,,,
megamillions,2024-12-06,$579 Million,$278.4 Million,,,,,0,1,0,2,,,,,756,500,177,1000,,,,,42893,10,8940,20,,,,,,,,,,,,
megamillions,2024-12-10,$619 Million,$293.6 Million,,,,,4,1,1,5,,,,,802,500,162,2500,,,,,49844,10,10139,50,,,,,,,,,,,,
megamillions,2024-12-13,$695 Million,$322.0 Million,,,,,4,1,1,3,,,,,769,500,136,1500,,,,,47512,10,9316,30,,,,,,,,,,,,
megamillions,2024-12-17,$760 Million,$352.1 Million,,,,,5,1,1,4,,,,,1611,500,362,2000,,,,,59544,10,11697,40,,,,,,,,,,,,
megamillions,2024-12-20,$862 Million,$392.1 Million,,,,,5,1,0,2,,,,,1210,500,261,1000,,,,,77308,10,14963,20,,,,,,,,,,,,
megamillions,2024-12-24,$1 Billion,$448.8 Million,,,,,4,1,0,3,,,,,2621,500,452,1500,,,,,165252,10,30004,30,,,,,,,,,,,,
megamillions,2024-12-27,$1.22 Billion,$549.7 Million,,,,,5,1,0,3,,,,,3582,500,674,1500,,,,,234168,10,44050,30,,,,,,,,,,,,
megamillions,2024-12-31,$20 Million,$9.0 Million,,,,,3,1,0,2,,,,,585,500,120,1000,,,,,27041,10,6509,20,,,,,,,,,,,,
megamillions,2025-01-03,$42 Million,$18.8 Million,,,,,0,1,0,4,,,,,228,500,63,2000,,,,,14590,10,3706,40,,,,,,,,,,,,
megamillions,2025-01-07,$62 Million,$27.4 Million,,,,,1,1,0,2,,,,,252,500,60,1000,,,,,16230,10,3786,20,,,,,,,,,,,,
megamillions,2025-01-10,$77 Million,$33.7 Million,,,,,0,1,0,3,,,,,237,500,51,1500,,,,,15161,10,3622,30,,,,,,,,,,,,
megamillions,2025-01-14,$95 Million,$41.3 Million,,,,,0,1,0,3,,,,,236,500,51,1500,,,,,15243,10,3513,30,,,,,,,,,,,,
megamillions,2025-01-17,$113 Million,$50.4 Million,,,,,2,1,0,3,,,,,308,500,73,1500,,,,,18223,10,4399,30,,,,,,,,,,,,
megamillions,2025-01-21,$20 Million,$8.9 Million,,,,,0,1,0,4,,,,,169,500,35,2000,,,,,11608,10,2653,40,,,,,,,,,,,,
megamillions,2025-01-24,$28 Million,$12.4 Million,,,,,1,1,1,2,,,,,186,500,45,1000,,,,,14282,10,3314,20,,,,,,,,,,,,
megamillions,2025-01-28,$44 Million,$19.8 Million,,,,,0,1,0,5,,,,,250,500,64,2500,,,,,17156,10,4095,50,,,,,,,,,,,,
megamillions,2025-01-31,$59 Million,$26.6 Million,,,,,2,1,2,2,,,,,224,500,50,1000,,,,,14676,10,3499,20,,,,,,,,,,,,
megamillions,2025-02-04,$77 Million,$34.6 Million,,,,,1,1,0,3,,,,,247,500,47,1500,,,,,15898,10,3716,30,,,,,,,,,,,,
megamillions,2025-02-07,$94 Million,$42.9 Million,,,,,1,1,0,2,,,,,245,500,53,1000,,,,,16549,10,3861,20,,,,,,,,,,,,
megamillions,2025-02-11,$110 Million,$50.0 Million,,,,,0,1,0,3,,,,,227,500,37,1500,,,,,15965,10,3621,30,,,,,,,,,,,,
megamillions,2025-02-14,$129 Million,$59.0 Million,,,,,2,1,0,3,,,,,274,500,61,1500,,,,,19399,10,4662,30,,,,,,,,,,,,
megamillions,2025-02-18,$145 Million,$65.9 Million,,,,,0,1,0,2,,,,,229,500,55,1000,,,,,16867,10,3894,20,,,,,,,,,,,,
megamillions,2025-02-21,$165 Million,$75.4 Million,,,,,0,1,0,2,,,,,294,500,67,1000,,,,,18411,10,4205,20,,,,,,,,,,,,
megamillions,2025-02-25,$181 Million,$84.5 Million,,,,,2,1,0,2,,,,,374,500,80,1000,,,,,23819,10,5566,20,,,,,,,,,,,,
megamillions,2025-02-28,$197 Million,$92.4 Million,,,,,0,1,0,3,,,,,293,500,77,1500,,,,,20679,10,4722,30,,,,,,,,,,,,
megamillions,2025-03-04,$215 Million,$101.9 Million,,,,,1,1,0,2,,,,,314,500,61,1000,,,,,18918,10,4090,20,,,,,,,,,,,,
megamillions,2025-03-07,$233 Million,$108.8 Million,,,,,2,1,1,3,,,,,294,500,65,1500,,,,,18640,10,4217,30,,,,,,,,,,,,
megamillions,2025-03-11,$256 Million,$119.7 Million,,,,,1,1,0,3,,,,,316,500,60,1500,,,,,21016,10,4619,30,,,,,,,,,,,,
megamillions,2025-03-14,$277 Million,$128.4 Million,,,,,0,1,0,3,,,,,333,500,77,1500,,,,,20200,10,4588,30,,,,,,,,,,,,
megamillions,2025-03-18,$301 Million,$140.0 Million,,,,,1,1,0,3,,,,,374,500,94,1500,,,,,22976,10,5096,30,,,,,,,,,,,,
megamillions,2025-03-21,$324 Million,$152.1 Million,,,,,1,1,0,3,,,,,373,500,74,1500,,,,,23346,10,5113,30,,,,,,,,,,,,
megamillions,2025-03-25,$344 Million,$159.1 Million,,,,,1,1,0,2,,,,,337,500,60,1000,,,,,24887,10,5339,20,,,,,,,,,,,,
megamillions,2025-03-28,$20 Million,$9.2 Million,,,,,1,1,1,5,,,,,225,500,41,2500,,,,,14430,10,3362,50,,,,,,,,,,,,
megamillions,2025-04-01,$29 Million,$13.5 Million,,,,,1,1,1,2,,,,,328,500,84,1000,,,,,18806,10,4738,20,,,,,,,,,,,,
megamillions,2025-04-04,$43 Million,$20.5 Million,,,,,0,1,0,2,,,,,217,500,60,1000,,,,,14781,10,3574,20,,,,,,,,,,,,
megamillions,2025-04-08,$54 Million,$25.7 Million,,,,,,,,,,,,,,,,,,,,,,,,,,,,,,,,,,,,
megamillions,2025-04-11,$72 Million,$34.3 Million,,,,,,,,,,,,,,,,,,,,,,,,,,,,,,,,,,,,
megamillions,2025-04-15,$96 Million,$42.2 Million,,,,,,,,,,,,,,,,,,,,,,,,,,,,,,,,,,,,
megamillions,2025-04-18,$112 Million,$49.3 Million,,,,,,,,,,,,,,,,,,,,,,,,,,,,,,,,,,,,
megamillions,2025-04-22,$50 Million,$22.4 Million,,,,,,,,,,,,,,,,,,,,,,,,,,,,,,,,,,,,
megamillions,2025-04-25,$60 Million,$26.9 Million,,,,,,,,,,,,,,,,,,,,,,,,,,,,,,,,,,,,
megamillions,2025-04-29,$70 Million,$31.8 Million,,,,,,,,,,,,,,,,,,,,,,,,,,,,,,,,,,,,
megamillions,2025-05-02,$80 Million,$36.4 Million,,,,,,,,,,,,,,,,,,,,,,,,,,,,,,,,,,,,
megamillions,2025-05-06,$90 Million,$40.8 Million,,,,,,,,,,,,,,,,,,,,,,,,,,,,,,,,,,,,
megamillions,2025-05-09,$100 Million,$45.3 Million,,,,,,,,,,,,,,,,,,,,,,,,,,,,,,,,,,,,
megamillions,2025-05-13,$110 Million,$49.4 Million,,,,,,,,,,,,,,,,,,,,,,,,,,,,,,,,,,,,
megamillions,2025-05-16,$122 Million,$54.8 Million,,,,,,,,,,,,,,,,,,,,,,,,,,,,,,,,,,,,
megamillions,2025-05-20,$139 Million,$62.3 Million,,,,,,,,,,,,,,,,,,,,,,,,,,,,,,,,,,,,
megamillions,2025-05-23,$154 Million,$69.0 Million,,,,,,,,,,,,,,,,,,,,,,,,,,,,,,,,,,,,
megamillions,2025-05-27,$173 Million,$75.7 Million,,,,,,,,,,,,,,,,,,,,,,,,,,,,,,,,,,,,
megamillions,2025-05-30,$189 Million,$82.7 Million,,,,,,,,,,,,,,,,,,,,,,,,,,,,,,,,,,,,
megamillions,2025-06-03,$202 Million,$90.0 Million,,,,,,,,,,,,,,,,,,,,,,,,,,,,,,,,,,,,
megamillions,2025-06-06,$223 Million,$99.4 Million,,,,,,,,,,,,,,,,,,,,,,,,,,,,,,,,,,,,
megamillions,2025-06-10,$243 Million,$108.0 Million,,,,,,,,,,,,,,,,,,,,,,,,,,,,,,,,,,,,
megamillions,2025-06-13,$264 Million,$117.3 Million,,,,,,,,,,,,,,,,,,,,,,,,,,,,,,,,,,,,
megamillions,2025-06-17,$280 Million,$126.1 Million,,,,,,,,,,,,,,,,,,,,,,,,,,,,,,,,,,,,
megamillions,2025-06-20,$302 Million,$136.0 Million,,,,,,,,,,,,,,,,,,,,,,,,,,,,,,,,,,,,
megamillions,2025-06-24,$326 Million,$145.7 Million,,,,,,,,,,,,,,,,,,,,,,,,,,,,,,,,,,,,
megamillions,2025-06-27,$348 Million,$155.5 Million,,,,,,,,,,,,,,,,,,,,,,,,,,,,,,,,,,,,
megamillions,2025-07-01,$50 Million,$22.4 Million,,,,,,,,,,,,,,,,,,,,,,,,,,,,,,,,,,,,
megamillions,2025-07-04,$60 Million,$26.9 Million,,,,,,,,,,,,,,,,,,,,,,,,,,,,,,,,,,,,
megamillions,2025-07-08,$70 Million,$31.3 Million,,,,,,,,,,,,,,,,,,,,,,,,,,,,,,,,,,,,
megamillions,2025-07-11,$80 Million,$35.8 Million,,,,,,,,,,,,,,,,,,,,,,,,,,,,,,,,,,,,
megamillions,2025-07-15,$90 Million,$39.9 Million,,,,,,,,,,,,,,,,,,,,,,,,,,,,,,,,,,,,
megamillions,2025-07-18,$100 Million,$44.3 Million,,,,,,,,,,,,,,,,,,,,,,,,,,,,,,,,,,,,
megamillions,2025-07-22,$110 Million,$48.4 Million,,,,,,,,,,,,,,,,,,,,,,,,,,,,,,,,,,,,
megamillions,2025-07-25,$120 Million,$52.8 Million,,,,,,,,,,,,,,,,,,,,,,,,,,,,,,,,,,,,
megamillions,2025-07-29,$130 Million,$57.5 Million,,,,,,,,,,,,,,,,,,,,,,,,,,,,,,,,,,,,
megamillions,2025-08-01,$140 Million,$62.0 Million,,,,,,,,,,,,,,,,,,,,,,,,,,,,,,,,,,,,
megamillions,2025-08-05,$150 Million,$67.9 Million,,,,,,,,,,,,,,,,,,,,,,,,,,,,,,,,,,,,
megamillions,2025-08-08,$166 Million,$75.2 Million,,,,,,,,,,,,,,,,,,,,,,,,,,,,,,,,,,,,
megamillions,2025-08-12,$182 Million,$82.1 Million,,,,,,,,,,,,,,,,,,,,,,,,,,,,,,,,,,,,
megamillions,2025-08-15,$198 Million,$89.3 Million,,,,,,,,,,,,,,,,,,,,,,,,,,,,,,,,,,,,
megamillions,2025-08-19,$216 Million,$97.0 Million,,,,,,,,,,,,,,,,,,,,,,,,,,,,,,,,,,,,
megamillions,2025-08-22,$234 Million,$105.1 Million,,,,,,,,,,,,,,,,,,,,,,,,,,,,,,,,,,,,
megamillions,2025-08-26,$253 Million,$113.8 Million,,,,,,,,,,,,,,,,,,,,,,,,,,,,,,,,,,,,
megamillions,2025-08-29,$277 Million,$124.6 Million,,,,,,,,,,,,,,,,,,,,,,,,,,,,,,,,,,,,
megamillions,2025-09-02,$302 Million,$136.0 Million,,,,,,,,,,,,,,,,,,,,,,,,,,,,,,,,,,,,
megamillions,2025-09-05,$336 Million,$151.3 Million,,,,,,,,,,,,,,,,,,,,,,,,,,,,,,,,,,,,
megamillions,2025-09-09,$358 Million,$164.5 Million,,,,,,,,,,,,,,,,,,,,,,,,,,,,,,,,,,,,
megamillions,2025-09-12,$381 Million,$175.0 Million,,,,,,,,,,,,,,,,,,,,,,,,,,,,,,,,,,,,
megamillions,2025-09-16,$400 Million,$185.8 Million,,,,,,,,,,,,,,,,,,,,,,,,,,,,,,,,,,,,
megamillions,2025-09-19,$423 Million,$196.5 Million,,,,,,,,,,,,,,,,,,,,,,,,,,,,,,,,,,,,
megamillions,2025-09-23,$451 Million,$208.7 Million,,,,,,,,,,,,,,,,,,,,,,,,,,,,,,,,,,,,
megamillions,2025-09-26,$474 Million,$219.4 Million,,,,,,,,,,,,,,,,,,,,,,,,,,,,,,,,,,,,
megamillions,2025-09-30,$497 Million,$229.5 Million,,,,,,,,,,,,,,,,,,,,,,,,,,,,,,,,,,,,
megamillions,2025-10-03,$520 Million,$240.1 Million,,,,,,,,,,,,,,,,,,,,,,,,,,,,,,,,,,,,
megamillions,2025-10-07,$547 Million,$251.7 Million,,,,,,,,,,,,,,,,,,,,,,,,,,,,,,,,,,,,
megamillions,2025-10-10,$575 Million,$264.6 Million,,,,,,,,,,,,,,,,,,,,,,,,,,,,,,,,,,,,
megamillions,2025-10-14,$600 Million,$277.2 Million,,,,,,,,,,,,,,,,,,,,,,,,,,,,,,,,,,,,
megamillions,2025-10-17,$625 Million,$288.8 Million,,,,,,,,,,,,,,,,,,,,,,,,,,,,,,,,,,,,
megamillions,2025-10-21,$650 Million,$304.1 Million,,,,,,,,,,,,,,,,,,,,,,,,,,,,,,,,,,,,
megamillions,2025-10-24,$680 Million,$318.2 Million,,,,,,,,,,,,,,,,,,,,,,,,,,,,,,,,,,,,
megamillions,2025-10-28,$714 Million,$334.1 Million,,,,,,,,,,,,,,,,,,,,,,,,,,,,,,,,,,,,
megamillions,2025-10-31,$754 Million,$352.8 Million,,,,,,,,,,,,,,,,,,,,,,,,,,,,,,,,,,,,
megamillions,2025-11-04,$800 Million,$371.7 Million,,,,,,,,,,,,,,,,,,,,,,,,,,,,,,,,,,,,
megamillions,2025-11-07,$843 Million,$391.7 Million,,,,,,,,,,,,,,,,,,,,,,,,,,,,,,,,,,,,
