date,jackpot,cash_value,match_5_mb_winners,match_5_mb_prize,match_5_mb_megaplier_winners,match_5_mb_megaplier_prize,match_5_winners,match_5_prize,match_5_megaplier_winners,match_5_megaplier_prize,match_4_mb_winners,match_4_mb_prize,match_4_mb_megaplier_winners,match_4_mb_megaplier_prize,match_4_winners,match_4_prize,match_4_megaplier_winners,match_4_megaplier_prize,match_3_mb_winners,match_3_mb_prize,match_3_mb_megaplier_winners,match_3_mb_megaplier_prize,match_3_winners,match_3_prize,match_3_megaplier_winners,match_3_megaplier_prize,match_2_mb_winners,match_2_mb_prize,match_2_mb_megaplier_winners,match_2_mb_megaplier_prize,match_1_mb_winners,match_1_mb_prize,match_1_mb_megaplier_winners,match_1_mb_megaplier_prize,match_0_mb_winners,match_0_mb_prize,match_0_mb_megaplier_winners,match_0_mb_megaplier_prize
2010-02-02,$12 Million,$7.4 Million,0,Jackpot,,,3,250000,0,1,36,10000,2,40000,1574,150,69,600,1798,150,83,600,29910,10,1538,40,73543,7,3842,28,163997,3,8370,12,280487,2,14632,8
2010-02-05,$20 Million,$12.4 Million,0,Jackpot,,,2,250000,0,1,22,10000,2,40000,1197,150,84,600,1397,150,51,600,21855,10,1100,40,63159,7,3317,28,136471,3,6678,12,268321,2,13189,8
2010-02-09,$32 Million,$20.0 Million,0,Jackpot,,,4,250000,1,1,28,10000,1,40000,1348,150,62,600,1542,150,89,600,26238,10,1356,40,69997,7,3944,28,157860,3,8456,12,286995,2,15257,8
2010-02-12,$44 Million,$27.2 Million,0,Jackpot,,,2,250000,0,1,29,10000,0,40000,1287,150,69,600,1681,150,107,600,27645,10,1536,40,72620,7,3603,28,163926,3,9289,12,302900,2,16835,8
2010-02-16,$56 Million,$34.5 Million,0,Jackpot,,,5,250000,0,1,45,10000,3,30000,1645,150,97,450,2140,150,118,450,33567,10,1781,30,83244,7,4391,21,183492,3,9843,9,316385,2,16756,6
2010-02-19,$68 Million,$41.6 Million,0,Jackpot,,,5,250000,0,1,31,10000,1,40000,1507,150,70,600,1648,150,71,600,27729,10,1370,40,75840,7,3623,28,172799,3,8278,12,331977,2,16039,8
2010-02-23,$83 Million,$50.9 Million,0,Jackpot,,,12,250000,0,1,25,10000,2,40000,1547,150,73,600,1846,150,83,600,29516,10,1413,40,76495,7,3657,28,184617,3,9092,12,354352,2,17534,8
2010-02-26,$99 Million,$61.6 Million,0,Jackpot,,,3,250000,0,1,41,10000,1,30000,1721,150,80,450,1834,150,83,450,30667,10,1391,30,86744,7,4024,21,187535,3,8340,9,360755,2,16040,6
2010-03-02,$112 Million,$69.6 Million,0,Jackpot,,,8,250000,1,1,37,10000,0,30000,1878,150,89,450,2330,150,113,450,41286,10,1764,30,102699,7,4471,21,256256,3,10818,9,474703,2,20368,6
2010-03-05,$133 Million,$82.5 Million,1,Jackpot,,,7,250000,1,1,41,10000,2,40000,2269,150,99,600,2455,150,100,600,42055,10,1765,40,118880,7,4776,28,254927,3,10167,12,485147,2,19512,8
2010-03-09,$12 Million,$7.4 Million,0,Jackpot,,,7,250000,1,1,36,10000,2,20000,1545,150,82,300,1600,150,90,300,24399,10,1364,20,72885,7,4154,14,140781,3,7767,6,250737,2,13686,4
2010-03-12,$20 Million,$12.3 Million,1,Jackpot,,,3,250000,0,1,23,10000,1,30000,1176,150,63,450,1281,150,72,450,21325,10,1058,30,63434,7,3230,21,132008,3,6281,9,251902,2,12122,6
2010-03-16,$12 Million,$7.5 Million,0,Jackpot,,,5,250000,0,1,15,10000,2,40000,948,150,38,600,1203,150,61,600,20958,10,1100,40,50614,7,2759,28,138025,3,7678,12,267468,2,14867,8
2010-03-19,$20 Million,$12.4 Million,0,Jackpot,,,6,250000,0,1,17,10000,1,40000,1127,150,61,600,1342,150,70,600,22126,10,1125,40,56513,7,2849,28,144101,3,7237,12,287336,2,13809,8
2010-03-23,$29 Million,$18.0 Million,0,Jackpot,,,8,250000,0,1,31,10000,1,40000,1266,150,58,600,1624,150,91,600,26463,10,1454,40,63132,7,3215,28,155117,3,8256,12,271262,2,14496,8
2010-03-26,$40 Million,$24.4 Million,0,Jackpot,,,3,250000,1,1,19,10000,0,40000,1176,150,48,600,1355,150,75,600,23028,10,1130,40,60302,7,2909,28,145133,3,7270,12,304860,2,14830,8
2010-03-30,$51 Million,$31.1 Million,0,Jackpot,,,4,250000,0,1,21,10000,0,30000,1458,150,70,450,1312,150,64,450,22308,10,1125,30,69892,7,3501,21,132007,3,6508,9,244310,2,12041,6
2010-04-02,$63 Million,$38.0 Million,0,Jackpot,,,4,250000,1,1,37,10000,2,40000,1774,150,88,600,1959,150,94,600,30968,10,1564,40,84658,7,4236,28,180171,3,8982,12,323518,2,16314,8
2010-04-06,$76 Million,$45.8 Million,0,Jackpot,,,7,250000,0,1,26,10000,1,40000,1252,150,48,600,1462,150,62,600,24788,10,1192,40,66146,7,3219,28,159706,3,7658,12,330095,2,15824,8
2010-04-09,$90 Million,$54.5 Million,0,Jackpot,,,7,250000,1,1,38,10000,1,40000,1534,150,57,600,1795,150,71,600,30414,10,1284,40,79049,7,3530,28,194344,3,8419,12,387114,2,17252,8
2010-04-13,$105 Million,$64.2 Million,0,Jackpot,,,8,250000,1,1,45,10000,1,40000,2202,150,90,600,2039,150,98,600,33315,10,1364,40,104597,7,4410,28,196973,3,8270,12,365255,2,15351,8
2010-04-16,$122 Million,$74.6 Million,0,Jackpot,,,8,250000,0,1,46,10000,3,30000,2249,150,81,450,2305,150,74,450,39910,10,1494,30,111944,7,4393,21,239889,3,9098,9,457052,2,17199,6
2010-04-20,$143 Million,$87.5 Million,0,Jackpot,,,12,250000,0,1,78,10000,5,40000,2631,150,101,600,3236,150,122,600,53008,10,2121,40,138217,7,5478,28,299062,3,11950,12,526683,2,21036,8
2010-04-23,$166 Million,$101.9 Million,0,Jackpot,,,7,250000,0,1,68,10000,4,40000,2756,150,104,600,3221,150,120,600,51853,10,2076,40,141003,7,5419,28,316386,3,12243,12,611128,2,23619,8
2010-04-27,$191 Million,$117.7 Million,0,Jackpot,,,13,250000,1,1,61,10000,1,20000,3125,150,90,300,3224,150,106,300,54193,10,1982,20,151696,7,5377,14,340481,3,12227,6,693703,2,25392,4
2010-04-30,$224 Million,$139.1 Million,0,Jackpot,,,12,250000,0,1,90,10000,3,40000,4189,150,135,600,4482,150,141,600,73223,10,2165,40,209411,7,6773,28,449557,3,14170,12,869804,2,27242,8
2010-05-04,$266 Million,$166.7 Million,1,Jackpot,,,28,250000,0,1,106,10000,4,30000,5032,150,178,450,5700,150,178,450,96816,10,3300,30,256700,7,8444,21,585040,3,19474,9,1092037,2,36511,6
2010-05-07,$12 Million,$7.6 Million,0,Jackpot,,,6,250000,0,1,34,10000,2,30000,1321,150,70,450,1426,150,82,450,24160,10,1274,30,71061,7,3849,21,141261,3,7541,9,252737,2,13293,6
2010-05-11,$19 Million,$12.0 Million,0,Jackpot,,,4,250000,1,1,24,10000,1,40000,1044,150,51,600,1262,150,80,600,21752,10,1213,40,56040,7,3253,28,141810,3,8306,12,301084,2,17483,8
2010-05-14,$31 Million,$19.7 Million,0,Jackpot,,,6,250000,1,1,26,10000,2,40000,1203,150,67,600,1389,150,70,600,25064,10,1381,40,63087,7,3405,28,159960,3,8704,12,321684,2,17228,8
2010-05-18,$42 Million,$26.7 Million,0,Jackpot,,,8,250000,0,1,35,10000,0,40000,1485,150,85,600,1758,150,105,600,28025,10,1583,40,73770,7,4292,28,164138,3,9456,12,296092,2,17225,8
2010-05-21,$54 Million,$35.2 Million,0,Jackpot,,,5,250000,0,1,39,10000,2,30000,1921,150,104,450,2100,150,111,450,32081,10,1882,30,87531,7,4874,21,184448,3,10294,9,341972,2,19087,6
2010-05-25,$64 Million,$42.0 Million,1,Jackpot,,,16,250000,1,1,70,10000,7,40000,2302,150,142,600,2726,150,139,600,36307,10,2003,40,98389,7,5714,28,188885,3,10465,12,317439,2,17889,8
2010-05-28,$12 Million,$7.7 Million,1,Jackpot,,,8,250000,0,1,43,10000,3,40000,1498,150,79,600,1690,150,94,600,26566,10,1506,40,74198,7,4350,28,149874,3,8655,12,265381,2,15311,8
2010-06-01,$12 Million,$7.7 Million,0,Jackpot,,,6,250000,1,1,19,10000,3,20000,921,150,42,300,1054,150,75,300,18146,10,1132,20,48991,7,3227,14,114880,3,7613,6,220111,2,14731,4
2010-06-04,$17 Million,$11.0 Million,0,Jackpot,,,3,250000,0,1,40,10000,0,40000,1335,150,67,600,1548,150,91,600,25325,10,1660,40,65445,7,4079,28,146608,3,9861,12,251921,2,16383,8
2010-06-08,$26 Million,$16.9 Million,0,Jackpot,,,1,250000,0,1,37,10000,2,30000,1123,150,73,450,1331,150,87,450,22473,10,1384,30,59611,7,3667,21,136057,3,8272,9,259552,2,15601,6
2010-06-11,$36 Million,$23.3 Million,1,Jackpot,,,5,250000,0,1,36,10000,3,30000,1309,150,77,450,1515,150,86,450,25422,10,1486,30,65686,7,3692,21,155377,3,9373,9,294789,2,18268,6
2010-06-15,$12 Million,$7.7 Million,0,Jackpot,,,9,250000,1,1,35,10000,4,40000,1850,150,126,600,1457,150,99,600,21850,10,1273,40,77460,7,5134,28,120395,3,7195,12,213317,2,13087,8
2010-06-18,$17 Million,$11.0 Million,0,Jackpot,,,2,250000,0,1,22,10000,1,40000,982,150,57,600,1244,150,74,600,21399,10,1366,40,51750,7,3280,28,144010,3,9311,12,286722,2,18540,8
2010-06-22,$26 Million,$16.9 Million,1,Jackpot,,,11,250000,0,1,37,10000,4,40000,1662,150,101,600,1747,150,133,600,24609,10,1633,40,75377,7,5036,28,133955,3,8546,12,231117,2,14729,8
2010-06-25,$12 Million,$7.8 Million,0,Jackpot,,,4,250000,0,1,38,10000,3,40000,1673,150,94,600,1834,150,112,600,25601,10,1745,40,74355,7,4780,28,133424,3,9025,12,230607,2,15539,8
2010-06-29,$16 Million,$10.5 Million,0,Jackpot,,,5,250000,1,1,23,10000,2,30000,1254,150,79,450,1222,150,75,450,19606,10,1284,30,62366,7,4097,21,112815,3,7335,9,202816,2,13199,6
2010-07-02,$25 Million,$16.5 Million,0,Jackpot,,,2,250000,1,1,30,10000,1,40000,1303,150,78,600,1792,150,125,600,28005,10,1770,40,68699,7,4347,28,154961,3,10146,12,268003,2,17464,8
2010-07-06,$34 Million,$22.4 Million,0,Jackpot,,,4,250000,0,1,20,10000,2,20000,942,150,42,300,1029,150,64,300,18462,10,1148,20,49619,7,3210,14,113989,3,7100,6,219987,2,14144,4
2010-07-09,$43 Million,$28.1 Million,0,Jackpot,,,6,250000,1,1,28,10000,2,40000,1069,150,59,600,1239,150,76,600,20399,10,1174,40,57807,7,3445,28,126037,3,7386,12,239040,2,14064,8
2010-07-13,$52 Million,$33.9 Million,0,Jackpot,,,4,250000,0,1,48,10000,3,30000,1642,150,107,450,1826,150,134,450,27855,10,1776,30,85817,7,5337,21,150279,3,9513,9,261676,2,15740,6
2010-07-16,$64 Million,$42.3 Million,1,Jackpot,,,7,250000,0,1,38,10000,2,30000,1551,150,90,450,1596,150,81,450,25171,10,1457,30,79410,7,4736,21,149080,3,8574,9,277949,2,16038,6
2010-07-20,$12 Million,$7.9 Million,0,Jackpot,,,2,250000,0,1,18,10000,2,30000,1181,150,71,450,1308,150,88,450,20625,10,1283,30,55618,7,3620,21,123811,3,8231,9,229817,2,15178,6
2010-07-23,$16 Million,$10.5 Million,0,Jackpot,,,4,250000,1,1,28,10000,0,20000,1024,150,61,300,1235,150,69,300,20790,10,1346,20,53244,7,3367,14,128244,3,8029,6,247418,2,15718,4
2010-07-27,$24 Million,$15.7 Million,0,Jackpot,,,15,250000,1,1,59,10000,4,40000,2216,150,122,600,2094,150,131,600,27097,10,1731,40,83979,7,5313,28,136695,3,8723,12,231613,2,14461,8
2010-07-30,$33 Million,$21.8 Million,0,Jackpot,,,4,250000,1,1,26,10000,1,40000,1007,150,62,600,1209,150,78,600,20068,10,1198,40,55882,7,3478,28,123035,3,7332,12,241815,2,14273,8
2010-08-03,$42 Million,$27.7 Million,0,Jackpot,,,2,250000,0,1,17,10000,1,20000,1247,150,72,300,1264,150,95,300,21527,10,1345,20,67427,7,4214,14,128992,3,7948,6,239066,2,14674,4
2010-08-06,$53 Million,$35.2 Million,0,Jackpot,,,10,250000,1,1,20,10000,0,30000,1438,150,100,450,1560,150,84,450,25839,10,1525,30,74647,7,4366,21,154667,3,9199,9,289625,2,16972,6
2010-08-10,$64 Million,$42.6 Million,0,Jackpot,,,5,250000,0,1,38,10000,1,20000,1320,150,92,300,1452,150,109,300,25680,10,1510,20,65969,7,3955,14,161449,3,9684,6,311014,2,18733,4
2010-08-13,$75 Million,$50.6 Million,0,Jackpot,,,2,250000,0,1,41,10000,2,40000,1556,150,80,600,1671,150,106,600,28837,10,1575,40,78663,7,4363,28,171587,3,9575,12,323820,2,17853,8
2010-08-17,$86 Million,$58.9 Million,0,Jackpot,,,9,250000,1,1,31,10000,1,40000,1448,150,73,600,1634,150,83,600,28120,10,1560,40,78392,7,4287,28,171645,3,9742,12,318046,2,17869,8
2010-08-20,$100 Million,$69.1 Million,0,Jackpot,,,8,250000,1,1,43,10000,3,40000,2258,150,139,600,2531,150,127,600,39575,10,1975,40,115365,7,5989,28,237718,3,11825,12,439567,2,21843,8
2010-08-24,$115 Million,$79.9 Million,0,Jackpot,,,7,250000,1,1,47,10000,0,30000,2337,150,119,450,2632,150,151,450,42238,10,2277,30,122999,7,6280,21,248410,3,12940,9,454570,2,23347,6
2010-08-27,$133 Million,$92.5 Million,1,Jackpot,,,6,250000,0,1,47,10000,3,40000,2743,150,114,600,3031,150,143,600,51781,10,2554,40,141111,7,6901,28,295556,3,14765,12,544186,2,26857,8
2010-08-31,$12 Million,$8.3 Million,0,Jackpot,,,3,250000,0,1,26,10000,2,30000,1110,150,86,450,1136,150,68,450,18584,10,1321,30,56792,7,4068,21,115045,3,7911,9,215834,2,14857,6
2010-09-03,$16 Million,$10.8 Million,0,Jackpot,,,3,250000,0,1,43,10000,10,40000,1431,150,102,600,1737,150,129,600,26175,10,1844,40,72368,7,5207,28,150974,3,10657,12,271536,2,19331,8
2010-09-07,$25 Million,$17.1 Million,0,Jackpot,,,4,250000,0,1,25,10000,1,40000,1319,150,100,600,1454,150,110,600,21979,10,1597,40,64948,7,4530,28,126387,3,9455,12,229192,2,17277,8
2010-09-10,$34 Million,$22.9 Million,0,Jackpot,,,16,250000,1,1,40,10000,3,30000,2460,150,180,450,2035,150,150,450,28789,10,2075,30,97437,7,7157,21,153522,3,10598,9,264760,2,18174,6
2010-09-14,$44 Million,$29.9 Million,0,Jackpot,,,5,250000,0,1,37,10000,5,40000,1061,150,82,600,1268,150,84,600,21430,10,1408,40,55557,7,3697,28,136770,3,9153,12,265525,2,17476,8
2010-09-17,$54 Million,$36.5 Million,1,Jackpot,,,17,250000,3,1,56,10000,3,30000,2056,150,121,450,2299,150,145,450,34395,10,2225,30,92629,7,6116,21,184262,3,12240,9,312504,2,20927,6
2010-09-21,$12 Million,$8.1 Million,0,Jackpot,,,5,250000,1,1,18,10000,2,40000,923,150,57,600,1117,150,82,600,19210,10,1378,40,47089,7,3461,28,121347,3,8740,12,233004,2,16931,8
2010-09-24,$16 Million,$10.9 Million,0,Jackpot,,,3,250000,1,1,16,10000,0,40000,987,150,77,600,1181,150,80,600,20382,10,1445,40,50692,7,3528,28,134115,3,9646,12,272411,2,19654,8
2010-09-28,$23 Million,$15.9 Million,0,Jackpot,,,5,250000,1,1,22,10000,2,30000,1109,150,85,450,1306,150,81,450,21581,10,1452,30,59124,7,4163,21,126626,3,8832,9,227944,2,15755,6
2010-10-01,$32 Million,$21.8 Million,0,Jackpot,,,6,250000,0,1,22,10000,3,40000,1462,150,117,600,1340,150,92,600,21630,10,1389,40,72583,7,4976,28,126538,3,8133,12,230307,2,15120,8
2010-10-05,$41 Million,$28.1 Million,0,Jackpot,,,2,250000,0,1,32,10000,2,40000,1282,150,106,600,1632,150,102,600,25291,10,1705,40,66941,7,4323,28,149440,3,9963,12,267509,2,17712,8
2010-10-08,$51 Million,$35.1 Million,0,Jackpot,,,4,250000,0,1,23,10000,1,40000,1191,150,82,600,1464,150,92,600,24776,10,1538,40,63642,7,3959,28,156433,3,9774,12,314247,2,20180,8
2010-10-12,$61 Million,$42.0 Million,0,Jackpot,,,4,250000,0,1,40,10000,0,40000,1384,150,86,600,1545,150,96,600,25269,10,1585,40,66440,7,4247,28,154139,3,9780,12,290494,2,18030,8
2010-10-15,$72 Million,$48.5 Million,0,Jackpot,,,4,250000,0,1,45,10000,3,40000,1824,150,106,600,2490,150,171,600,38419,10,2346,40,92613,7,5694,28,206640,3,12768,12,355718,2,21487,8
2010-10-19,$86 Million,$58.2 Million,0,Jackpot,,,11,250000,1,1,36,10000,1,40000,1637,150,87,600,1689,150,95,600,27404,10,1701,40,85826,7,5159,28,164810,3,9730,12,302777,2,18135,8
2010-10-22,$101 Million,$68.2 Million,0,Jackpot,,,6,250000,2,1,53,10000,1,40000,2202,150,138,600,2736,150,170,600,43950,10,2411,40,115820,7,6389,28,260666,3,14420,12,475903,2,25604,8
2010-10-26,$118 Million,$79.5 Million,0,Jackpot,,,7,250000,0,1,42,10000,4,40000,2335,150,126,600,2628,150,122,600,44588,10,2417,40,118244,7,6328,28,270628,3,14581,12,511924,2,27832,8
2010-10-29,$140 Million,$94.0 Million,1,Jackpot,,,6,250000,0,1,69,10000,2,40000,2982,150,148,600,3291,150,175,600,52295,10,2603,40,148987,7,7683,28,305803,3,15580,12,558805,2,28184,8
2010-11-02,$12 Million,$8.1 Million,0,Jackpot,,,6,250000,0,1,20,10000,2,20000,1372,150,107,300,1328,150,84,300,21350,10,1404,20,68419,7,4853,14,122659,3,7991,6,221036,2,14314,4
2010-11-05,$16 Million,$10.7 Million,0,Jackpot,,,4,250000,1,1,25,10000,1,40000,1059,150,64,600,1199,150,72,600,20921,10,1455,40,54738,7,3838,28,129323,3,9135,12,255629,2,17926,8
2010-11-09,$25 Million,$16.7 Million,1,Jackpot,,,4,250000,0,1,19,10000,2,40000,1086,150,77,600,1317,150,91,600,22582,10,1665,40,56053,7,4084,28,139437,3,9973,12,260288,2,19143,8
2010-11-12,$12 Million,$7.9 Million,0,Jackpot,,,10,250000,0,1,21,10000,2,40000,1084,150,76,600,1497,150,114,600,23094,10,1765,40,56890,7,4185,28,141525,3,10345,12,258601,2,19580,8
2010-11-16,$16 Million,$10.4 Million,0,Jackpot,,,3,250000,1,1,18,10000,0,30000,961,150,70,450,1109,150,74,450,19650,10,1542,30,49068,7,3567,21,124465,3,9555,9,238415,2,18468,6
2010-11-19,$25 Million,$16.4 Million,0,Jackpot,,,4,250000,0,1,14,10000,0,20000,1051,150,76,300,1286,150,82,300,20571,10,1454,20,55294,7,3850,14,124138,3,8687,6,233442,2,16300,4
2010-11-23,$34 Million,$22.5 Million,0,Jackpot,,,5,250000,0,1,23,10000,3,40000,1219,150,95,600,1290,150,101,600,21495,10,1646,40,66332,7,4696,28,125487,3,9091,12,229572,2,16849,8
2010-11-26,$42 Million,$27.8 Million,0,Jackpot,,,6,250000,0,1,24,10000,1,20000,1130,150,70,300,1266,150,96,300,21550,10,1562,20,54316,7,3876,14,132264,3,9510,6,246923,2,18097,4
2010-11-30,$52 Million,$34.6 Million,0,Jackpot,,,4,250000,0,1,23,10000,0,40000,1114,150,69,600,1435,150,87,600,23241,10,1622,40,64115,7,4434,28,140880,3,9681,12,262782,2,18216,8
2010-12-03,$62 Million,$40.6 Million,0,Jackpot,,,6,250000,0,1,34,10000,3,30000,1794,150,134,450,2066,150,168,450,33545,10,2485,30,90878,7,6674,21,184900,3,13406,9,315954,2,22087,6
2010-12-07,$74 Million,$48.0 Million,0,Jackpot,,,5,250000,1,1,34,10000,0,40000,1234,150,96,600,1464,150,106,600,25302,10,1792,40,64233,7,4426,28,166913,3,11722,12,343553,2,24174,8
2010-12-10,$88 Million,$56.2 Million,0,Jackpot,,,7,250000,0,1,33,10000,2,40000,1697,150,105,600,1803,150,102,600,30137,10,1999,40,83708,7,5368,28,183176,3,11839,12,350281,2,23279,8
2010-12-14,$104 Million,$66.1 Million,0,Jackpot,,,8,250000,1,1,48,10000,6,30000,2140,150,146,450,2248,150,146,450,36517,10,2387,30,105262,7,6669,21,223165,3,14304,9,413229,2,26649,6
2010-12-17,$123 Million,$77.8 Million,0,Jackpot,,,6,250000,0,1,41,10000,1,40000,2213,150,121,600,2644,150,137,600,46182,10,2938,40,117326,7,7336,28,285406,3,17508,12,539157,2,33297,8
2010-12-21,$145 Million,$92.3 Million,0,Jackpot,,,10,250000,1,1,75,10000,9,40000,3136,150,192,600,3432,150,226,600,55181,10,3615,40,161531,7,10196,28,307855,3,19250,12,539181,2,32085,8
2010-12-24,$168 Million,$106.8 Million,0,Jackpot,,,11,250000,0,1,77,10000,3,40000,3373,150,200,600,3746,150,209,600,64839,10,3563,40,170394,7,9541,28,394819,3,21718,12,740221,2,40187,8
2010-12-28,$200 Million,$127.3 Million,0,Jackpot,,,17,250000,3,1,81,10000,2,40000,3491,150,199,600,4172,150,240,600,71129,10,4149,40,177425,7,9782,28,437219,3,25713,12,852218,2,50340,8
2010-12-31,$242 Million,$154.0 Million,0,Jackpot,,,21,250000,1,1,173,10000,8,40000,7535,150,383,600,9078,150,437,600,154323,10,8238,40,401371,7,20927,28,918652,3,48960,12,1670952,2,87770,8
2011-01-04,$355 Million,$224.2 Million,2,Jackpot,,,67,250000,5,1,323,10000,10,40000,16176,150,784,600,25587,150,1469,600,260123,10,12144,40,805769,7,38916,28,1539894,3,72066,12,2867826,2,134444,8
2011-01-07,$12 Million,$7.5 Million,0,Jackpot,,,4,250000,0,1,22,10000,2,20000,1126,150,84,300,1236,150,94,300,21741,10,1619,20,56204,7,4329,14,139675,3,10779,6,273526,2,21207,4
2011-01-11,$20 Million,$12.6 Million,0,Jackpot,,,4,250000,0,1,28,10000,0,40000,1793,150,145,600,1424,150,86,600,21994,10,1643,40,83425,7,6171,28,124819,3,9134,12,228140,2,16928,8
2011-01-14,$30 Million,$18.9 Million,0,Jackpot,,,7,250000,1,1,26,10000,5,20000,1268,150,96,300,1566,150,119,300,27248,10,2042,20,68056,7,5207,14,159159,3,12673,6,288993,2,22649,4
2011-01-18,$40 Million,$25.1 Million,0,Jackpot,,,6,250000,1,1,28,10000,5,40000,1220,150,117,600,1484,150,158,600,26180,10,2505,40,63784,7,6019,28,159096,3,15525,12,296856,2,29258,8
2011-01-21,$51 Million,$31.7 Million,0,Jackpot,,,7,250000,1,1,28,10000,4,40000,1668,150,153,600,1854,150,175,600,30384,10,2725,40,84179,7,7800,28,172647,3,15749,12,307813,2,28322,8
2011-01-25,$63 Million,$39.5 Million,0,Jackpot,,,6,250000,1,1,34,10000,3,40000,1499,150,153,600,1760,150,134,600,29525,10,2694,40,76442,7,7026,28,180280,3,16888,12,329903,2,30954,8
2011-01-28,$77 Million,$48.2 Million,0,Jackpot,,,8,250000,2,1,42,10000,2,40000,1454,150,136,600,1700,150,131,600,29361,10,2506,40,76288,7,6783,28,187382,3,16507,12,380318,2,34863,8
2011-02-01,$91 Million,$56.9 Million,2,Jackpot,,,8,250000,0,1,37,10000,3,40000,1886,150,158,600,2208,150,196,600,34918,10,3130,40,99498,7,8665,28,205774,3,18544,12,377461,2,33441,8
2011-02-04,$12 Million,$7.4 Million,0,Jackpot,,,5,250000,1,1,21,10000,1,40000,1093,150,113,600,1278,150,136,600,22258,10,2217,40,56680,7,5573,28,142999,3,13725,12,273237,2,25938,8
2011-02-08,$19 Million,$11.7 Million,0,Jackpot,,,9,250000,1,1,28,10000,4,20000,1064,150,127,300,1245,150,136,300,20691,10,2163,20,53000,7,5279,14,132081,3,13512,6,266223,2,27248,4
2011-02-11,$30 Million,$18.5 Million,0,Jackpot,,,7,250000,0,1,31,10000,3,20000,1403,150,150,300,1714,150,155,300,28909,10,2946,20,72731,7,7189,14,168140,3,16904,6,292888,2,29700,4
2011-02-15,$40 Million,$24.7 Million,0,Jackpot,,,2,250000,0,1,30,10000,3,40000,1353,150,104,600,1609,150,151,600,25709,10,2476,40,66421,7,6459,28,155020,3,15524,12,285883,2,28061,8
2011-02-18,$52 Million,$32.1 Million,0,Jackpot,,,7,250000,1,1,25,10000,2,30000,1772,150,174,450,1583,150,174,450,26038,10,2495,30,89193,7,8779,21,153370,3,14762,9,275896,2,26414,6
2011-02-22,$64 Million,$39.8 Million,0,Jackpot,,,6,250000,0,1,27,10000,2,40000,1161,150,126,600,1433,150,161,600,24837,10,2571,40,63498,7,6065,28,149678,3,14974,12,284948,2,28615,8
2011-02-25,$76 Million,$47.8 Million,0,Jackpot,,,7,250000,0,1,46,10000,6,40000,2502,150,240,600,2509,150,251,600,40096,10,3883,40,96335,7,9198,28,217812,3,20679,12,370538,2,34375,8
2011-03-01,$88 Million,$55.4 Million,0,Jackpot,,,8,250000,1,1,52,10000,8,30000,2111,150,203,450,2822,150,333,450,41362,10,4167,30,102804,7,9834,21,219968,3,21056,9,383614,2,36004,6
2011-03-04,$105 Million,$65.6 Million,0,Jackpot,,,9,250000,0,1,65,10000,7,40000,2757,150,245,600,3438,150,285,600,52946,10,4469,40,141150,7,12667,28,294315,3,25386,12,530857,2,45921,8
2011-03-08,$127 Million,$79.3 Million,0,Jackpot,,,7,250000,1,1,47,10000,2,40000,2401,150,200,600,2745,150,238,600,46810,10,3934,40,123099,7,9842,28,278965,3,22878,12,514511,2,42114,8
2011-03-11,$151 Million,$95.6 Million,0,Jackpot,,,11,250000,0,1,66,10000,6,20000,2722,150,204,300,3220,150,247,300,53614,10,4163,20,144102,7,11139,14,321547,3,25095,6,604385,2,47069,4
2011-03-15,$172 Million,$109.8 Million,0,Jackpot,,,18,250000,2,1,61,10000,1,40000,3685,150,295,600,3503,150,256,600,56428,10,4111,40,188925,7,15662,28,325855,3,23141,12,592906,2,42165,8
2011-03-18,$201 Million,$128.2 Million,0,Jackpot,,,12,250000,1,1,98,10000,8,40000,3777,150,267,600,4288,150,274,600,71808,10,4943,40,197598,7,13292,28,440546,3,29998,12,849558,2,58996,8
2011-03-22,$244 Million,$155.4 Million,0,Jackpot,,,26,250000,3,1,111,10000,8,40000,4890,150,315,600,5297,150,335,600,87642,10,5476,40,249940,7,16207,28,537142,3,34336,12,1033476,2,66073,8
2011-03-25,$319 Million,$198.3 Million,1,Jackpot,,,32,250000,2,1,208,10000,12,40000,8455,150,467,600,9636,150,584,600,166816,10,10233,40,429933,7,25233,28,1013682,3,61988,12,1958494,2,121153,8
2011-03-29,$12 Million,$7.5 Million,0,Jackpot,,,2,250000,0,1,27,10000,2,40000,1407,150,117,600,1322,150,113,600,20752,10,1990,40,64225,7,6067,28,120872,3,11583,12,222893,2,20958,8
2011-04-01,$19 Million,$11.8 Million,0,Jackpot,,,5,250000,0,1,24,10000,3,30000,1314,150,99,450,1473,150,146,450,25953,10,2444,30,65891,7,6313,21,162289,3,15535,9,318475,2,31540,6
2011-04-05,$30 Million,$18.7 Million,0,Jackpot,,,6,250000,0,1,35,10000,4,20000,1365,150,152,300,1807,150,188,300,29389,10,2838,20,74348,7,7251,14,172985,3,16712,6,313093,2,29852,4
2011-04-08,$44 Million,$27.1 Million,0,Jackpot,,,4,250000,0,1,34,10000,4,30000,1347,150,110,450,1600,150,126,450,28087,10,2649,30,71218,7,6234,21,185158,3,16592,9,383209,2,35499,6
2011-04-12,$58 Million,$36.0 Million,0,Jackpot,,,5,250000,0,1,37,10000,3,20000,1537,150,147,300,1724,150,163,300,29084,10,2693,20,75770,7,6701,14,175237,3,16046,6,326386,2,29813,4
2011-04-15,$72 Million,$45.1 Million,1,Jackpot,,,7,250000,2,1,23,10000,1,30000,1693,150,137,450,1930,150,143,450,31877,10,2662,30,88132,7,7699,21,198027,3,17241,9,384469,2,34951,6
2011-04-19,$12 Million,$7.5 Million,0,Jackpot,,,4,250000,0,1,21,10000,2,40000,1013,150,92,600,1019,150,79,600,19056,10,1734,40,55003,7,5289,28,115671,3,10817,12,226764,2,21513,8
2011-04-22,$19 Million,$11.9 Million,0,Jackpot,,,7,250000,1,1,23,10000,1,30000,1127,150,118,450,1324,150,121,450,23078,10,2187,30,56696,7,5382,21,148995,3,14447,9,299998,2,28811,6
2011-04-26,$29 Million,$18.3 Million,0,Jackpot,,,3,250000,0,1,23,10000,1,30000,1130,150,88,450,1212,150,119,450,21600,10,1917,30,56418,7,5124,21,136095,3,12865,9,267766,2,24891,6
2011-04-29,$40 Million,$25.3 Million,0,Jackpot,,,7,250000,0,1,38,10000,2,40000,1493,150,133,600,1876,150,186,600,31175,10,3071,40,81431,7,7699,28,176028,3,17217,12,298023,2,27856,8
2011-05-03,$51 Million,$32.5 Million,1,Jackpot,,,5,250000,0,1,29,10000,3,20000,1318,150,111,300,1547,150,156,300,26121,10,2387,20,68862,7,6276,14,159973,3,14569,6,297866,2,26902,4
2011-05-06,$12 Million,$7.7 Million,0,Jackpot,,,8,250000,0,1,23,10000,2,30000,1107,150,98,450,1439,150,134,450,24372,10,2294,30,59968,7,5653,21,147176,3,14276,9,273541,2,26514,6
2011-05-10,$18 Million,$11.5 Million,0,Jackpot,,,1,250000,0,1,16,10000,1,40000,935,150,85,600,1117,150,103,600,17839,10,1714,40,52266,7,4894,28,111121,3,10685,12,210402,2,20126,8
2011-05-13,$27 Million,$17.4 Million,1,Jackpot,,,7,250000,2,1,21,10000,2,40000,1163,150,95,600,1459,150,144,600,23946,10,2175,40,60173,7,5506,28,151557,3,14447,12,301848,2,28735,8
2011-05-17,$12 Million,$7.7 Million,0,Jackpot,,,2,250000,1,1,27,10000,2,40000,1125,150,97,600,1076,150,102,600,18061,10,1706,40,58713,7,5994,28,105686,3,9653,12,194814,2,18156,8
2011-05-20,$16 Million,$10.3 Million,0,Jackpot,,,2,250000,0,1,25,10000,1,40000,1139,150,115,600,1300,150,121,600,21920,10,2188,40,59241,7,5831,28,132130,3,13282,12,235527,2,23023,8
2011-05-24,$26 Million,$16.8 Million,0,Jackpot,,,3,250000,0,1,24,10000,3,30000,1185,150,112,450,1217,150,132,450,19314,10,1804,30,62541,7,5945,21,116642,3,10882,9,213136,2,20138,6
2011-05-27,$35 Million,$22.8 Million,1,Jackpot,,,5,250000,0,1,42,10000,4,40000,1535,150,155,600,1913,150,183,600,28657,10,2789,40,79418,7,7801,28,158640,3,14780,12,272540,2,25230,8
2011-05-31,$12 Million,$7.8 Million,0,Jackpot,,,2,250000,1,1,12,10000,2,30000,743,150,66,450,958,150,88,450,17447,10,1819,30,40827,7,3956,21,114874,3,11699,9,229685,2,23600,6
2011-06-03,$15 Million,$9.8 Million,0,Jackpot,,,3,250000,0,1,24,10000,1,30000,960,150,85,450,1032,150,90,450,18265,10,1783,30,50329,7,4706,21,118592,3,11903,9,239689,2,24934,6
2011-06-07,$24 Million,$15.6 Million,0,Jackpot,,,3,250000,1,1,32,10000,3,40000,964,150,76,600,1130,150,102,600,19500,10,1815,40,48834,7,4503,28,126088,3,12282,12,270021,2,27261,8
2011-06-10,$33 Million,$21.7 Million,0,Jackpot,,,4,250000,0,1,34,10000,3,30000,1169,150,128,450,1615,150,166,450,28336,10,2839,30,62024,7,5794,21,160542,3,16049,9,301508,2,30086,6
2011-06-14,$42 Million,$27.4 Million,0,Jackpot,,,7,250000,0,1,27,10000,2,40000,1188,150,138,600,1407,150,134,600,23572,10,2285,40,62125,7,5994,28,143794,3,14083,12,264129,2,25471,8
2011-06-17,$53 Million,$35.0 Million,0,Jackpot,,,3,250000,0,1,37,10000,0,40000,1289,150,117,600,1407,150,126,600,24432,10,2195,40,64522,7,5765,28,157623,3,14748,12,305386,2,28902,8
2011-06-21,$64 Million,$42.1 Million,0,Jackpot,,,5,250000,0,1,34,10000,3,30000,1465,150,116,450,1786,150,136,450,28920,10,2643,30,73761,7,6780,21,172222,3,15796,9,308267,2,28233,6
2011-06-24,$76 Million,$50.3 Million,0,Jackpot,,,2,250000,0,1,32,10000,2,30000,1379,150,105,450,1689,150,163,450,28217,10,2500,30,72854,7,6198,21,179569,3,16019,9,343473,2,30728,6
2011-06-28,$88 Million,$57.7 Million,0,Jackpot,,,4,250000,1,1,30,10000,2,40000,1651,150,142,600,1792,150,142,600,29264,10,2560,40,88678,7,7900,28,174356,3,15251,12,317933,2,27813,8
2011-07-01,$105 Million,$67.1 Million,1,Jackpot,,,9,250000,1,1,56,10000,1,40000,2339,150,187,600,2591,150,209,600,42167,10,3533,40,113665,7,9365,28,248588,3,20938,12,457645,2,38150,8
2011-07-05,$12 Million,$7.6 Million,0,Jackpot,,,2,250000,0,1,32,10000,2,20000,1113,150,115,300,1456,150,128,300,21308,10,2239,20,56843,7,6003,14,118896,3,12111,6,213009,2,21317,4
2011-07-08,$16 Million,$10.3 Million,0,Jackpot,,,5,250000,0,1,19,10000,3,30000,984,150,86,450,1082,150,86,450,18491,10,1731,30,54321,7,5274,21,112442,3,10431,9,209050,2,19029,6
2011-07-12,$24 Million,$15.7 Million,0,Jackpot,,,5,250000,1,1,23,10000,6,40000,1223,150,114,600,1655,150,149,600,25785,10,2648,40,64950,7,6492,28,140912,3,14231,12,241696,2,23676,8
2011-07-15,$33 Million,$21.4 Million,0,Jackpot,,,2,250000,1,1,24,10000,1,30000,1087,150,111,450,1426,150,135,450,21845,10,2021,30,54119,7,5195,21,135155,3,13074,9,267900,2,25466,6
2011-07-19,$43 Million,$27.9 Million,0,Jackpot,,,6,250000,0,1,41,10000,6,40000,1564,150,149,600,1545,150,151,600,21927,10,2111,40,76526,7,7697,28,120858,3,11082,12,215300,2,19705,8
2011-07-22,$53 Million,$34.4 Million,0,Jackpot,,,2,250000,0,1,21,10000,5,40000,1151,150,99,600,1217,150,120,600,20864,10,1854,40,58989,7,5328,28,127726,3,11323,12,249308,2,22713,8
2011-07-26,$63 Million,$40.9 Million,0,Jackpot,,,5,250000,1,1,21,10000,0,30000,1179,150,111,450,1389,150,129,450,23576,10,2118,30,58824,7,5286,21,152880,3,13922,9,309108,2,28279,6
2011-07-29,$74 Million,$48.5 Million,0,Jackpot,,,4,250000,0,1,33,10000,3,40000,1551,150,148,600,1620,150,138,600,26911,10,2291,40,79607,7,7063,28,161311,3,13970,12,296660,2,25466,8
2011-08-02,$85 Million,$56.7 Million,0,Jackpot,,,8,250000,1,1,31,10000,1,40000,1807,150,174,600,1972,150,147,600,32327,10,2968,40,88951,7,7986,28,185198,3,16681,12,333747,2,29437,8
2011-08-05,$99 Million,$68.1 Million,1,Jackpot,,,6,250000,0,1,69,10000,6,30000,3540,150,275,450,2435,150,186,450,37336,10,2964,30,98835,7,7824,21,225524,3,18272,9,421263,2,34900,6
2011-08-09,$12 Million,$8.2 Million,0,Jackpot,,,1,250000,0,1,28,10000,2,40000,974,150,100,600,1091,150,108,600,19235,10,1836,40,50897,7,4907,28,121679,3,11585,12,228848,2,21755,8
2011-08-12,$16 Million,$11.1 Million,0,Jackpot,,,6,250000,1,1,19,10000,3,40000,963,150,81,600,1095,150,95,600,19503,10,1848,40,48519,7,4403,28,133356,3,12815,12,283268,2,27453,8
2011-08-16,$24 Million,$16.7 Million,0,Jackpot,,,6,250000,0,1,25,10000,3,40000,968,150,83,600,1129,150,111,600,18453,10,1747,40,49175,7,4584,28,111902,3,10209,12,212346,2,19424,8
2011-08-19,$32 Million,$22.9 Million,1,Jackpot,,,4,250000,0,1,28,10000,3,20000,1074,150,89,300,1210,150,121,300,21540,10,2046,20,54128,7,4905,14,135994,3,12912,6,267919,2,25348,4
2011-08-23,$12 Million,$8.5 Million,0,Jackpot,,,4,250000,0,1,18,10000,3,30000,882,150,90,450,1072,150,129,450,18447,10,1863,30,46658,7,4499,21,114365,3,11831,9,217809,2,22280,6
2011-08-26,$14 Million,$9.9 Million,0,Jackpot,,,3,250000,1,1,19,10000,2,30000,1092,150,98,450,1146,150,113,450,20075,10,1983,30,58111,7,5616,21,117723,3,11497,9,215295,2,20902,6
2011-08-30,$21 Million,$14.8 Million,0,Jackpot,,,3,250000,0,1,25,10000,5,40000,1016,150,99,600,1182,150,108,600,19803,10,1927,40,53043,7,5305,28,118870,3,11600,12,217682,2,21201,8
2011-09-02,$29 Million,$20.9 Million,0,Jackpot,,,1,250000,0,1,25,10000,1,30000,1003,150,87,450,1141,150,91,450,19478,10,1811,30,52032,7,4745,21,125405,3,11699,9,266456,2,25408,6
2011-09-06,$37 Million,$27.0 Million,0,Jackpot,,,5,250000,0,1,23,10000,2,40000,822,150,74,600,1109,150,96,600,18639,10,1789,40,45708,7,4187,28,123160,3,11483,12,246164,2,23919,8
2011-09-09,$44 Million,$31.9 Million,0,Jackpot,,,11,250000,2,1,42,10000,3,40000,2507,150,274,600,1593,150,147,600,23667,10,2120,40,96288,7,9805,28,135582,3,11592,12,242187,2,21055,8
2011-09-13,$54 Million,$39.2 Million,0,Jackpot,,,2,250000,0,1,27,10000,2,40000,1162,150,102,600,1257,150,102,600,21024,10,1799,40,58760,7,5118,28,130573,3,11414,12,253490,2,21950,8
2011-09-16,$65 Million,$46.6 Million,0,Jackpot,,,7,250000,0,1,21,10000,2,40000,1353,150,112,600,1517,150,133,600,25927,10,2418,40,69269,7,6071,28,166189,3,15205,12,319818,2,29376,8
2011-09-20,$75 Million,$54.8 Million,0,Jackpot,,,6,250000,0,1,25,10000,0,40000,1293,150,103,600,1456,150,99,600,24972,10,2120,40,68521,7,5807,28,155329,3,13773,12,297353,2,26380,8
2011-09-23,$86 Million,$64.8 Million,0,Jackpot,,,5,250000,0,1,36,10000,2,40000,1617,150,126,600,1728,150,118,600,30174,10,2565,40,83406,7,6879,28,186444,3,15770,12,358118,2,30555,8
2011-09-27,$96 Million,$70.2 Million,0,Jackpot,,,9,250000,2,1,42,10000,4,40000,1767,150,128,600,1919,150,144,600,31962,10,2568,40,91332,7,7477,28,193592,3,15710,12,364319,2,29883,8
2011-09-30,$113 Million,$83.7 Million,2,Jackpot,,,14,250000,1,1,59,10000,6,40000,2504,150,193,600,2779,150,211,600,46383,10,3707,40,124385,7,9432,28,275832,3,22141,12,505890,2,39441,8
2011-10-04,$12 Million,$9.0 Million,0,Jackpot,,,3,250000,0,1,23,10000,3,30000,913,150,79,450,1128,150,111,450,19753,10,1971,30,48278,7,4582,21,130025,3,12848,9,252053,2,25427,6
2011-10-07,$14 Million,$10.2 Million,0,Jackpot,,,3,250000,0,1,39,10000,6,40000,1480,150,147,600,1566,150,159,600,25610,10,2568,40,68646,7,6823,28,141665,3,14214,12,248241,2,23864,8
2011-10-11,$22 Million,$15.9 Million,0,Jackpot,,,1,250000,0,1,20,10000,3,40000,916,150,87,600,1131,150,102,600,18122,10,1727,40,47571,7,4460,28,118418,3,11058,12,251121,2,24697,8
2011-10-14,$30 Million,$21.3 Million,0,Jackpot,,,5,250000,0,1,24,10000,1,40000,1072,150,94,600,1216,150,119,600,20714,10,1848,40,54490,7,4913,28,132353,3,11849,12,272434,2,25848,8
2011-10-18,$39 Million,$28.2 Million,0,Jackpot,,,4,250000,0,1,14,10000,2,20000,993,150,80,300,1096,150,101,300,18711,10,1673,20,51756,7,4934,14,114248,3,10531,6,226925,2,20963,4
2011-10-21,$48 Million,$34.2 Million,0,Jackpot,,,5,250000,1,1,15,10000,1,30000,1226,150,105,450,1487,150,152,450,25014,10,2297,30,62136,7,5642,21,152913,3,14023,9,288322,2,27003,6
2011-10-25,$57 Million,$40.8 Million,0,Jackpot,,,6,250000,0,1,31,10000,3,40000,1205,150,116,600,1444,150,135,600,23438,10,2084,40,60606,7,5227,28,143840,3,12995,12,293588,2,27428,8
2011-10-28,$67 Million,$47.1 Million,0,Jackpot,,,7,250000,1,1,16,10000,1,40000,1328,150,104,600,1306,150,96,600,22489,10,1951,40,64953,7,5665,28,137671,3,11753,12,271293,2,23456,8
2011-11-01,$78 Million,$57.1 Million,1,Jackpot,,,7,250000,1,1,32,10000,3,30000,1272,150,106,450,1550,150,137,450,26173,10,2262,30,69315,7,5927,21,159802,3,14071,9,313873,2,28197,6
2011-11-04,$12 Million,$8.7 Million,0,Jackpot,,,5,250000,0,1,28,10000,3,40000,1038,150,95,600,1117,150,118,600,18829,10,1753,40,53960,7,5099,28,115748,3,10532,12,229220,2,21355,8
2011-11-08,$15 Million,$10.9 Million,0,Jackpot,,,3,250000,1,1,20,10000,1,40000,898,150,87,600,1027,150,96,600,18477,10,1765,40,45524,7,4475,28,113516,3,11338,12,225294,2,22563,8
2011-11-11,$22 Million,$16.0 Million,0,Jackpot,,,7,250000,0,1,28,10000,1,40000,1354,150,135,600,1520,150,140,600,25198,10,2307,40,68326,7,6291,28,151297,3,13676,12,281868,2,25570,8
2011-11-15,$30 Million,$21.9 Million,0,Jackpot,,,6,250000,0,1,22,10000,5,40000,1475,150,137,600,1548,150,126,600,23685,10,2308,40,68739,7,6828,28,135272,3,13433,12,238642,2,23674,8
2011-11-18,$40 Million,$29.4 Million,0,Jackpot,,,5,250000,1,1,32,10000,4,40000,1171,150,105,600,1436,150,112,600,23519,10,2285,40,58628,7,5434,28,142556,3,13764,12,273156,2,26206,8
2011-11-22,$47 Million,$34.8 Million,0,Jackpot,,,4,250000,0,1,33,10000,4,20000,1326,150,123,300,1372,150,129,300,20874,10,1974,20,67166,7,6688,14,124600,3,11800,6,233935,2,21812,4
2011-11-25,$55 Million,$40.8 Million,0,Jackpot,,,2,250000,0,1,29,10000,2,30000,1054,150,86,450,1076,150,74,450,19187,10,1757,30,55672,7,5264,21,118185,3,10970,9,231373,2,21662,6
2011-11-29,$64 Million,$47.3 Million,0,Jackpot,,,4,250000,1,1,39,10000,4,40000,1286,150,108,600,1466,150,137,600,24618,10,2257,40,64193,7,5813,28,145486,3,13461,12,283336,2,26420,8
2011-12-02,$75 Million,$54.6 Million,0,Jackpot,,,6,250000,0,1,49,10000,7,40000,1404,150,120,600,1521,150,137,600,25487,10,2209,40,72603,7,6207,28,159212,3,13447,12,312313,2,26759,8
2011-12-06,$87 Million,$63.7 Million,0,Jackpot,,,10,250000,2,1,35,10000,2,40000,1974,150,186,600,1768,150,136,600,28295,10,2383,40,87946,7,7605,28,168590,3,14617,12,310408,2,26316,8
2011-12-09,$100 Million,$73.6 Million,0,Jackpot,,,9,250000,0,1,33,10000,3,40000,2068,150,179,600,2327,150,201,600,38351,10,2889,40,109382,7,8629,28,230356,3,17335,12,429837,2,32448,8
2011-12-13,$116 Million,$84.9 Million,0,Jackpot,,,8,250000,0,1,61,10000,5,40000,2370,150,162,600,2911,150,228,600,46150,10,3693,40,124196,7,9565,28,269026,3,20890,12,476505,2,35854,8
2011-12-16,$135 Million,$100.8 Million,0,Jackpot,,,13,250000,0,1,62,10000,4,30000,2619,150,221,450,3091,150,202,450,51492,10,3852,30,133575,7,9673,21,307405,3,22862,9,572508,2,42313,6
2011-12-20,$152 Million,$113.8 Million,0,Jackpot,,,9,250000,1,1,67,10000,5,40000,2729,150,198,600,3143,150,240,600,52037,10,3574,40,141814,7,9414,28,315764,3,22540,12,597452,2,42900,8
2011-12-23,$173 Million,$127.5 Million,0,Jackpot,,,31,250000,2,1,124,10000,9,40000,5877,150,498,600,5040,150,363,600,73179,10,5027,40,240448,7,18233,28,411822,3,27238,12,744494,2,48007,8
2011-12-27,$206 Million,$151.8 Million,1,Jackpot,,,16,250000,3,1,130,10000,11,30000,4456,150,241,450,5043,150,293,450,80253,10,4942,30,221284,7,13308,21,488170,3,30306,9,955122,2,61722,6
2011-12-30,$12 Million,$8.9 Million,0,Jackpot,,,1,250000,0,1,35,10000,3,40000,1165,150,106,600,1227,150,104,600,21536,10,1952,40,59890,7,5370,28,138877,3,12406,12,270878,2,24590,8
2012-01-03,$15 Million,$11.0 Million,0,Jackpot,,,6,250000,0,1,28,10000,0,20000,1298,150,129,300,1597,150,188,300,24077,10,2531,20,65879,7,6544,14,130816,3,13302,6,229873,2,23032,4
2012-01-06,$25 Million,$18.3 Million,0,Jackpot,,,7,250000,1,1,27,10000,1,20000,1303,150,116,300,1369,150,137,300,22506,10,2114,20,63806,7,5966,14,134348,3,11970,6,249158,2,22603,4
2012-01-10,$33 Million,$24.1 Million,0,Jackpot,,,3,250000,1,1,15,10000,1,30000,1225,150,128,450,1242,150,105,450,20747,10,1925,30,65094,7,6177,21,123996,3,11374,9,229137,2,21217,6
2012-01-13,$42 Million,$31.2 Million,0,Jackpot,,,1,250000,0,1,22,10000,1,30000,1336,150,122,450,1654,150,154,450,26611,10,2560,30,67200,7,6122,21,163419,3,15440,9,307116,2,28361,6
2012-01-17,$50 Million,$37.1 Million,0,Jackpot,,,5,250000,0,1,23,10000,0,20000,1180,150,84,300,1454,150,122,300,24563,10,2182,20,62412,7,5557,14,154392,3,13732,6,290741,2,26175,4
2012-01-20,$60 Million,$43.8 Million,0,Jackpot,,,8,250000,0,1,34,10000,4,20000,1416,150,113,300,1744,150,133,300,30155,10,2620,20,72668,7,6295,14,175151,3,15455,6,323100,2,28269,4
2012-01-24,$71 Million,$51.5 Million,1,Jackpot,,,10,250000,1,1,22,10000,1,40000,1372,150,119,600,1619,150,122,600,25833,10,2129,40,74564,7,6121,28,158166,3,13184,12,293234,2,24679,8
2012-01-27,$12 Million,$8.8 Million,0,Jackpot,,,8,250000,0,1,21,10000,1,40000,1087,150,91,600,1320,150,120,600,23252,10,2268,40,59153,7,5378,28,136142,3,12847,12,244148,2,22621,8
2012-01-31,$15 Million,$11.1 Million,0,Jackpot,,,5,250000,0,1,26,10000,3,30000,1169,150,117,450,1490,150,133,450,24192,10,2401,30,61869,7,6022,21,138575,3,13369,9,247558,2,23517,6
2012-02-03,$23 Million,$16.8 Million,0,Jackpot,,,1,250000,0,1,22,10000,3,40000,1291,150,142,600,1363,150,125,600,23211,10,2302,40,65438,7,6305,28,133406,3,12603,12,246314,2,22669,8
2012-02-07,$32 Million,$23.4 Million,0,Jackpot,,,9,250000,0,1,27,10000,2,40000,1221,150,85,600,1357,150,126,600,22948,10,2127,40,62924,7,5858,28,141000,3,13309,12,266808,2,25638,8
2012-02-10,$41 Million,$30.0 Million,0,Jackpot,,,9,250000,1,1,34,10000,3,40000,1432,150,113,600,1726,150,163,600,28062,10,2630,40,77712,7,7196,28,162703,3,14512,12,291631,2,25901,8
2012-02-14,$51 Million,$37.4 Million,0,Jackpot,,,10,250000,2,1,76,10000,6,20000,2482,150,279,300,2624,150,289,300,33796,10,3348,20,99388,7,9808,14,171101,3,15846,6,291529,2,25957,4
2012-02-17,$61 Million,$44.4 Million,0,Jackpot,,,6,250000,2,1,37,10000,3,30000,1431,150,129,450,1780,150,181,450,27725,10,2484,30,75657,7,6697,21,169444,3,15003,9,324045,2,29343,6
2012-02-21,$72 Million,$52.4 Million,0,Jackpot,,,2,250000,0,1,28,10000,4,30000,1310,150,106,450,1439,150,127,450,24230,10,2066,30,68500,7,5815,21,148605,3,12823,9,282913,2,24773,6
2012-02-24,$83 Million,$60.8 Million,0,Jackpot,,,8,250000,0,1,50,10000,5,40000,2299,150,199,600,2356,150,201,600,35708,10,3051,40,95916,7,8610,28,200362,3,16859,12,356544,2,30019,8
2012-02-28,$94 Million,$69.5 Million,0,Jackpot,,,4,250000,1,1,32,10000,4,30000,1727,150,142,450,1908,150,165,450,31748,10,2565,30,88646,7,7131,21,194591,3,16237,9,370579,2,30964,6
2012-03-02,$108 Million,$79.2 Million,0,Jackpot,,,13,250000,1,1,44,10000,2,20000,2144,150,168,300,2308,150,177,300,42661,10,3218,20,109077,7,7934,14,267696,3,21098,6,547115,2,43420,4
2012-03-06,$127 Million,$93.5 Million,0,Jackpot,,,7,250000,1,1,46,10000,2,40000,2511,150,172,600,2701,150,192,600,44353,10,3106,40,126603,7,9048,28,265439,3,18640,12,495585,2,34818,8
2012-03-09,$148 Million,$107.9 Million,0,Jackpot,,,14,250000,0,1,79,10000,4,40000,3180,150,218,600,3964,150,289,600,62427,10,4482,40,162024,7,11378,28,363079,3,26570,12,651154,2,46523,8
2012-03-13,$171 Million,$124.3 Million,0,Jackpot,,,9,250000,0,1,70,10000,7,30000,3080,150,215,450,3426,150,224,450,57477,10,3995,30,161936,7,10907,21,342680,3,23621,9,643000,2,44508,6
2012-03-16,$200 Million,$141.8 Million,0,Jackpot,,,7,250000,0,1,92,10000,6,30000,3863,150,229,450,4657,150,273,450,79596,10,5142,30,197508,7,11850,21,499686,3,31800,9,1011579,2,66549,6
2012-03-20,$241 Million,$170.8 Million,0,Jackpot,,,68,250000,2,1,251,10000,28,40000,9851,150,751,600,7843,150,557,600,103795,10,6942,40,336862,7,23026,28,558252,3,34433,12,1007722,2,59855,8
2012-03-23,$290 Million,$207.8 Million,0,Jackpot,,,39,250000,2,1,218,10000,6,40000,9013,150,553,600,9430,150,550,600,142733,10,8052,40,407708,7,23651,28,823738,3,44083,12,1486127,2,78371,8
2012-03-27,$363 Million,$260.4 Million,0,Jackpot,,,47,250000,4,1,245,10000,16,30000,11568,150,617,450,13102,150,690,450,220642,10,11858,30,590998,7,31371,21,1345093,3,73393,9,2533874,2,138539,6
2012-03-30,$640 Million,$462.0 Million,3,Jackpot,,,161,250000,3,1,897,10000,43,30000,40423,150,2136,450,46887,150,2534,450,780589,10,42157,30,2086571,7,109659,21,4669851,3,251956,9,8727236,2,470196,6
2012-04-03,$12 Million,$8.5 Million,0,Jackpot,,,2,250000,1,1,35,10000,0,40000,1429,150,126,600,1454,150,120,600,24442,10,1973,40,72368,7,6395,28,154133,3,13143,12,296221,2,25334,8
2012-04-06,$20 Million,$14.4 Million,0,Jackpot,,,9,250000,1,1,30,10000,3,40000,1632,150,165,600,1669,150,162,600,27354,10,2487,40,88870,7,8271,28,156349,3,13862,12,283944,2,24655,8
2012-04-10,$31 Million,$22.5 Million,0,Jackpot,,,9,250000,6,1,63,10000,10,40000,1850,150,191,600,2416,150,248,600,33457,10,3244,40,92682,7,9051,28,178822,3,17005,12,311273,2,28567,8
2012-04-13,$42 Million,$30.6 Million,0,Jackpot,,,6,250000,0,1,38,10000,1,40000,1982,150,177,600,1834,150,151,600,30362,10,2844,40,92721,7,8222,28,182308,3,16753,12,331772,2,30767,8
2012-04-17,$53 Million,$38.6 Million,0,Jackpot,,,8,250000,0,1,38,10000,4,40000,2049,150,178,600,1703,150,160,600,28401,10,2599,40,77784,7,6964,28,171920,3,15819,12,323569,2,30096,8
2012-04-20,$65 Million,$47.4 Million,0,Jackpot,,,8,250000,0,1,37,10000,0,30000,1804,150,127,450,1930,150,163,450,28871,10,2396,30,87647,7,7478,21,172006,3,14221,9,318755,2,26886,6
2012-04-24,$76 Million,$55.8 Million,0,Jackpot,,,2,250000,1,1,50,10000,6,40000,1707,150,162,600,1889,150,167,600,29534,10,2553,40,91465,7,7967,28,167584,3,14472,12,303876,2,25777,8
2012-04-27,$88 Million,$64.6 Million,0,Jackpot,,,8,250000,0,1,38,10000,4,40000,1743,150,150,600,1834,150,140,600,31603,10,2501,40,88043,7,7082,28,193447,3,15720,12,366289,2,30021,8
2012-05-01,$102 Million,$75.1 Million,0,Jackpot,,,6,250000,0,1,30,10000,6,40000,2110,150,196,600,2133,150,165,600,34752,10,2704,40,103214,7,8372,28,213518,3,17212,12,409363,2,33048,8
2012-05-04,$118 Million,$86.9 Million,1,Jackpot,,,9,250000,0,1,56,10000,1,40000,2503,150,201,600,2574,150,180,600,40766,10,3138,40,125139,7,10302,28,242038,3,18895,12,453214,2,35657,8
2012-05-08,$12 Million,$8.9 Million,0,Jackpot,,,7,250000,0,1,42,10000,4,30000,1623,150,145,450,2039,150,205,450,28471,10,2940,30,82764,7,8716,21,156100,3,15827,9,276055,2,27599,6
2012-05-11,$16 Million,$11.9 Million,0,Jackpot,,,5,250000,0,1,28,10000,1,40000,1294,150,107,600,1585,150,133,600,26679,10,2616,40,65994,7,6182,28,162279,3,15828,12,305027,2,29585,8
2012-05-15,$25 Million,$18.7 Million,1,Jackpot,,,8,250000,3,1,61,10000,9,40000,2575,150,286,600,2291,150,226,600,30248,10,2995,40,96223,7,10324,28,152844,3,15035,12,253614,2,24278,8
2012-05-18,$12 Million,$9.1 Million,0,Jackpot,,,2,250000,0,1,23,10000,2,40000,1321,150,132,600,1325,150,127,600,22811,10,2182,40,67847,7,6648,28,132752,3,12747,12,239804,2,22500,8
2012-05-22,$16 Million,$12.0 Million,0,Jackpot,,,0,250000,0,1,34,10000,2,20000,984,150,76,300,1150,150,107,300,19372,10,1920,20,51737,7,5148,14,122717,3,11983,6,237539,2,23192,4
2012-05-25,$24 Million,$18.1 Million,0,Jackpot,,,6,250000,3,1,33,10000,4,40000,1203,150,119,600,1572,150,166,600,25978,10,2488,40,62457,7,5931,28,160436,3,15536,12,293805,2,28653,8
2012-05-29,$32 Million,$24.2 Million,1,Jackpot,,,4,250000,0,1,33,10000,5,30000,965,150,92,450,1082,150,97,450,18692,10,1858,30,49836,7,4839,21,116793,3,11749,9,221793,2,22525,6
2012-06-01,$12 Million,$9.3 Million,0,Jackpot,,,6,250000,0,1,20,10000,2,30000,1175,150,111,450,1104,150,95,450,18701,10,1737,30,56165,7,5451,21,115464,3,10988,9,224319,2,20804,6
2012-06-05,$14 Million,$10.8 Million,0,Jackpot,,,3,250000,1,1,16,10000,2,30000,908,150,95,450,1020,150,84,450,17515,10,1656,30,46116,7,4441,21,113044,3,11071,9,254159,2,24931,6
2012-06-08,$22 Million,$16.9 Million,0,Jackpot,,,5,250000,0,1,23,10000,1,30000,1099,150,116,450,1369,150,124,450,23610,10,2176,30,58137,7,5372,21,147079,3,14112,9,273181,2,26146,6
2012-06-12,$30 Million,$22.9 Million,0,Jackpot,,,2,250000,0,1,28,10000,5,40000,1187,150,120,600,1237,150,106,600,19668,10,1792,40,61379,7,5857,28,117309,3,10466,12,213163,2,19358,8
2012-06-15,$39 Million,$30.0 Million,0,Jackpot,,,6,250000,0,1,41,10000,2,30000,1601,150,165,450,1823,150,165,450,28018,10,2776,30,78049,7,7608,21,154297,3,14805,9,269089,2,24923,6
2012-06-19,$47 Million,$36.1 Million,0,Jackpot,,,5,250000,0,1,30,10000,3,20000,1225,150,124,300,1687,150,179,300,27459,10,2882,20,67450,7,6432,14,159377,3,15252,6,279143,2,26016,4
2012-06-22,$55 Million,$42.1 Million,0,Jackpot,,,5,250000,0,1,38,10000,2,30000,1420,150,130,450,1752,150,146,450,28691,10,2724,30,74160,7,6704,21,170508,3,16034,9,313482,2,29829,6
2012-06-26,$65 Million,$49.8 Million,0,Jackpot,,,4,250000,2,1,34,10000,4,40000,1503,150,137,600,1567,150,149,600,26522,10,2288,40,73381,7,6405,28,157504,3,13717,12,290244,2,25032,8
2012-06-29,$75 Million,$57.3 Million,0,Jackpot,,,4,250000,0,1,28,10000,1,40000,1320,150,111,600,1494,150,117,600,24751,10,2080,40,69720,7,5692,28,153160,3,12863,12,301035,2,25393,8
2012-07-03,$86 Million,$65.6 Million,1,Jackpot,,,4,250000,0,1,31,10000,3,40000,1608,150,129,600,1710,150,143,600,27420,10,2291,40,83214,7,7203,28,165508,3,13260,12,305477,2,24870,8
2012-07-06,$12 Million,$9.2 Million,0,Jackpot,,,5,250000,0,1,20,10000,3,30000,1013,150,80,450,1181,150,117,450,20647,10,1994,30,53562,7,5042,21,125807,3,12631,9,247917,2,25170,6
2012-07-10,$14 Million,$10.7 Million,0,Jackpot,,,10,250000,0,1,31,10000,7,40000,1746,150,188,600,1827,150,188,600,25295,10,2734,40,74867,7,7658,28,132837,3,13333,12,221245,2,21709,8
2012-07-13,$21 Million,$16.2 Million,0,Jackpot,,,7,250000,1,1,24,10000,3,20000,1616,150,147,300,1451,150,124,300,21194,10,1986,20,76926,7,7438,14,124325,3,11615,6,220884,2,20069,4
2012-07-17,$28 Million,$21.7 Million,0,Jackpot,,,2,250000,0,1,33,10000,3,40000,986,150,86,600,1260,150,134,600,21870,10,2221,40,52633,7,5176,28,136669,3,13371,12,262753,2,25870,8
2012-07-20,$37 Million,$28.7 Million,0,Jackpot,,,3,250000,1,1,25,10000,2,30000,1065,150,97,450,1223,150,116,450,20566,10,1894,30,55347,7,4964,21,136122,3,12552,9,285869,2,27357,6
2012-07-24,$45 Million,$35.1 Million,0,Jackpot,,,3,250000,0,1,20,10000,2,40000,1130,150,101,600,1314,150,117,600,23426,10,2268,40,56047,7,5095,28,147223,3,14008,12,273456,2,25565,8
2012-07-27,$52 Million,$40.4 Million,1,Jackpot,,,5,250000,0,1,49,10000,9,30000,2391,150,252,450,2358,150,246,450,30087,10,2783,30,100142,7,10129,21,158635,3,14418,9,271326,2,23959,6
2012-07-31,$12 Million,$9.3 Million,0,Jackpot,,,2,250000,0,1,29,10000,1,30000,1121,150,102,450,1080,150,90,450,17731,10,1625,30,57548,7,5693,21,103785,3,10075,9,190608,2,18353,6
2012-08-03,$13 Million,$10.0 Million,0,Jackpot,,,3,250000,1,1,22,10000,0,30000,1112,150,125,450,1286,150,146,450,22422,10,2186,30,60168,7,5817,21,127071,3,12418,9,229743,2,21716,6
2012-08-07,$21 Million,$16.0 Million,0,Jackpot,,,1,250000,0,1,16,10000,3,40000,894,150,79,600,1161,150,100,600,20564,10,1976,40,50035,7,4642,28,134464,3,13266,12,286152,2,29278,8
2012-08-10,$29 Million,$22.1 Million,0,Jackpot,,,5,250000,0,1,26,10000,1,40000,1131,150,108,600,1425,150,111,600,24849,10,2391,40,58962,7,5540,28,147835,3,14238,12,279910,2,26886,8
2012-08-14,$36 Million,$27.3 Million,0,Jackpot,,,1,250000,0,1,11,10000,0,40000,1121,150,91,600,1133,150,104,600,19431,10,1791,40,55594,7,5000,28,119127,3,11243,12,231460,2,22198,8
2012-08-17,$45 Million,$33.7 Million,0,Jackpot,,,4,250000,0,1,26,10000,4,30000,1251,150,116,450,1579,150,159,450,26238,10,2427,30,68205,7,6172,21,156971,3,14806,9,288970,2,26633,6
2012-08-21,$55 Million,$41.1 Million,0,Jackpot,,,7,250000,2,1,32,10000,5,20000,1703,150,146,300,1744,150,155,300,26776,10,2534,20,79137,7,7330,14,145179,3,13593,6,255675,2,23468,4
2012-08-24,$65 Million,$49.6 Million,0,Jackpot,,,2,250000,0,1,31,10000,2,20000,1187,150,95,300,1382,150,119,300,22512,10,1912,20,62202,7,5182,14,138922,3,11779,6,270801,2,23209,4
2012-08-28,$73 Million,$55.7 Million,0,Jackpot,,,4,250000,0,1,26,10000,3,40000,1308,150,94,600,1377,150,105,600,23070,10,1848,40,67354,7,5524,28,141298,3,11735,12,266229,2,21810,8
2012-08-31,$83 Million,$63.7 Million,0,Jackpot,,,8,250000,0,1,27,10000,1,30000,1430,150,114,450,1504,150,119,450,25906,10,2003,30,72258,7,5728,21,162188,3,12889,9,319437,2,25385,6
2012-09-04,$93 Million,$71.7 Million,0,Jackpot,,,5,250000,1,1,44,10000,9,30000,1436,150,91,450,1606,150,128,450,26397,10,2037,30,70354,7,5377,21,163713,3,12887,9,322877,2,25884,6
2012-09-07,$105 Million,$80.6 Million,0,Jackpot,,,6,250000,0,1,33,10000,4,40000,2042,150,142,600,2036,150,152,600,34117,10,2357,40,99287,7,7063,28,212236,3,15839,12,435009,2,33842,8
2012-09-11,$120 Million,$91.3 Million,1,Jackpot,,,6,250000,0,1,64,10000,5,30000,2321,150,171,450,3573,150,280,450,56086,10,4253,30,121853,7,8757,21,292304,3,22707,9,492143,2,36027,6
2012-09-14,$12 Million,$8.9 Million,0,Jackpot,,,4,250000,0,1,27,10000,0,40000,1122,150,100,600,1244,150,97,600,21373,10,1949,40,55277,7,4848,28,131259,3,11646,12,250034,2,22590,8
2012-09-18,$15 Million,$11.2 Million,1,Jackpot,,,5,250000,0,1,22,10000,2,30000,1124,150,117,450,1287,150,126,450,19669,10,1946,30,57418,7,5463,21,116017,3,11148,9,205768,2,19299,6
2012-09-21,$12 Million,$9.0 Million,0,Jackpot,,,4,250000,0,1,18,10000,1,40000,917,150,92,600,1129,150,119,600,18356,10,1729,40,50629,7,4677,28,110689,3,10152,12,204926,2,18610,8
2012-09-25,$14 Million,$10.6 Million,0,Jackpot,,,7,250000,0,1,23,10000,5,30000,941,150,74,450,1251,150,124,450,20377,10,2025,30,50803,7,4883,21,122188,3,11713,9,215796,2,20000,6
2012-09-28,$21 Million,$16.1 Million,0,Jackpot,,,3,250000,1,1,27,10000,2,40000,1032,150,104,600,1334,150,145,600,22573,10,2200,40,57007,7,5272,28,135723,3,12682,12,241412,2,22007,8
2012-10-02,$28 Million,$21.2 Million,0,Jackpot,,,3,250000,1,1,19,10000,4,40000,981,150,79,600,1337,150,160,600,23522,10,2270,40,55024,7,5274,28,137135,3,13185,12,251413,2,23898,8
2012-10-05,$36 Million,$27.0 Million,0,Jackpot,,,7,250000,0,1,20,10000,5,30000,1327,150,115,450,1474,150,138,450,23648,10,2199,30,67965,7,6016,21,137601,3,12577,9,248674,2,22758,6
2012-10-09,$45 Million,$33.7 Million,0,Jackpot,,,4,250000,0,1,30,10000,4,40000,1243,150,117,600,1467,150,132,600,23451,10,2208,40,62949,7,5848,28,138066,3,12567,12,251524,2,22724,8
2012-10-12,$53 Million,$40.2 Million,0,Jackpot,,,8,250000,1,1,33,10000,2,40000,1452,150,126,600,1682,150,145,600,26173,10,2218,40,77914,7,6984,28,145596,3,12630,12,261820,2,22520,8
2012-10-16,$61 Million,$46.0 Million,2,Jackpot,,,1,250000,0,1,21,10000,2,40000,1092,150,96,600,1172,150,110,600,20410,10,1688,40,55685,7,4720,28,133055,3,11879,12,278809,2,26373,8
2012-10-19,$12 Million,$8.9 Million,0,Jackpot,,,2,250000,0,1,22,10000,3,30000,1373,150,157,450,1011,150,94,450,16189,10,1476,30,50712,7,4833,21,100317,3,9094,9,200201,2,18289,6
2012-10-23,$13 Million,$9.7 Million,0,Jackpot,,,1,250000,0,1,19,10000,1,20000,781,150,70,300,940,150,80,300,15849,10,1405,20,41263,7,3789,14,99397,3,9342,6,193138,2,17981,4
2012-10-26,$21 Million,$15.7 Million,0,Jackpot,,,4,250000,0,1,23,10000,6,20000,1188,150,91,300,1308,150,116,300,19206,10,1663,20,57039,7,5134,14,109908,3,9756,6,202020,2,17630,4
2012-10-30,$27 Million,$20.3 Million,0,Jackpot,,,5,250000,0,1,14,10000,1,40000,994,150,120,600,1029,150,101,600,15884,10,1494,40,54352,7,5613,28,92360,3,8747,12,167205,2,15538,8
2012-11-02,$32 Million,$24.0 Million,1,Jackpot,,,4,250000,2,1,30,10000,1,30000,1353,150,119,450,1312,150,125,450,21989,10,2066,30,59006,7,5444,21,126841,3,12156,9,233073,2,22222,6
2012-11-06,$12 Million,$9.0 Million,0,Jackpot,,,6,250000,1,1,20,10000,1,30000,1049,150,114,450,1274,150,118,450,23057,10,2262,30,55915,7,5414,21,116288,3,11419,9,208882,2,20363,6
2012-11-09,$13 Million,$9.9 Million,0,Jackpot,,,7,250000,1,1,26,10000,5,40000,952,150,80,600,1259,150,111,600,20695,10,1802,40,49684,7,4536,28,125408,3,11982,12,249055,2,24781,8
2012-11-13,$19 Million,$14.6 Million,0,Jackpot,,,4,250000,1,1,18,10000,1,20000,925,150,87,300,1004,150,99,300,16363,10,1531,20,48588,7,4620,14,98355,3,9254,6,183713,2,17186,4
2012-11-16,$26 Million,$20.0 Million,0,Jackpot,,,4,250000,1,1,25,10000,1,40000,1100,150,96,600,1155,150,94,600,20007,10,1806,40,56701,7,5277,28,124519,3,11597,12,220461,2,20028,8
2012-11-20,$33 Million,$25.2 Million,0,Jackpot,,,6,250000,2,1,28,10000,4,40000,1129,150,87,600,1218,150,128,600,18750,10,1660,40,56651,7,5135,28,112616,3,9786,12,208178,2,18215,8
2012-11-23,$41 Million,$31.2 Million,0,Jackpot,,,3,250000,0,1,21,10000,1,40000,874,150,81,600,1237,150,121,600,20006,10,1877,40,49820,7,4571,28,127960,3,11797,12,255013,2,24194,8
2012-11-27,$49 Million,$37.4 Million,1,Jackpot,,,5,250000,1,1,31,10000,3,40000,1543,150,125,600,1701,150,130,600,28878,10,2497,40,77423,7,6505,28,170408,3,14995,12,307661,2,26405,8
2012-11-30,$12 Million,$9.2 Million,0,Jackpot,,,7,250000,0,1,26,10000,3,30000,1464,150,147,450,1351,150,115,450,21000,10,1798,30,71511,7,7263,21,124108,3,10595,9,224490,2,19242,6
2012-12-04,$13 Million,$9.9 Million,0,Jackpot,,,4,250000,0,1,22,10000,1,40000,1026,150,109,600,1050,150,96,600,17226,10,1571,40,52328,7,4889,28,100755,3,9350,12,183979,2,16778,8
2012-12-07,$20 Million,$15.3 Million,0,Jackpot,,,4,250000,0,1,16,10000,1,30000,844,150,82,450,985,150,108,450,17857,10,1681,30,46269,7,4224,21,118055,3,11223,9,237313,2,23185,6
2012-12-11,$27 Million,$20.6 Million,0,Jackpot,,,1,250000,1,1,14,10000,3,40000,1020,150,105,600,1027,150,92,600,17137,10,1597,40,43441,7,3971,28,111734,3,10679,12,265758,2,26709,8
2012-12-14,$35 Million,$26.6 Million,1,Jackpot,,,2,250000,0,1,19,10000,0,40000,1040,150,93,600,1126,150,110,600,18658,10,1603,40,55447,7,4762,28,109553,3,9350,12,207059,2,17889,8
2012-12-18,$12 Million,$9.0 Million,0,Jackpot,,,9,250000,1,1,35,10000,3,30000,1718,150,195,450,1466,150,143,450,19863,10,1991,30,70060,7,7378,21,105684,3,10062,9,182820,2,17122,6
2012-12-21,$12 Million,$9.0 Million,0,Jackpot,,,1,250000,1,1,21,10000,2,30000,868,150,85,450,1016,150,89,450,18575,10,1801,30,45093,7,4107,21,117999,3,11296,9,228564,2,22706,6
2012-12-25,$18 Million,$13.6 Million,0,Jackpot,,,1,250000,0,1,22,10000,0,40000,761,150,64,600,1019,150,92,600,17953,10,1802,40,43692,7,4076,28,97308,3,8948,12,170241,2,15200,8
2012-12-28,$25 Million,$19.0 Million,0,Jackpot,,,5,250000,0,1,15,10000,1,40000,975,150,89,600,976,150,92,600,16456,10,1551,40,48688,7,4396,28,101584,3,9376,12,190614,2,17634,8
2013-01-01,$30 Million,$22.6 Million,0,Jackpot,,,4,250000,0,1,37,10000,4,40000,1355,150,123,600,1452,150,142,600,20849,10,2212,40,61083,7,6056,28,111307,3,11035,12,191067,2,18103,8
2013-01-04,$39 Million,$28.7 Million,0,Jackpot,,,4,250000,2,1,22,10000,1,40000,1072,150,92,600,1060,150,102,600,18040,10,1590,40,56394,7,5362,28,110470,3,9960,12,204142,2,18213,8
2013-01-08,$47 Million,$34.8 Million,0,Jackpot,,,5,250000,1,1,34,10000,5,40000,1044,150,96,600,1261,150,127,600,21624,10,1964,40,54397,7,4839,28,132242,3,12149,12,241803,2,22177,8
2013-01-11,$55 Million,$40.6 Million,0,Jackpot,,,3,250000,0,1,18,10000,5,40000,1011,150,95,600,1087,150,90,600,19664,10,1714,40,53415,7,4652,28,121761,3,10596,12,237478,2,20839,8
2013-01-15,$62 Million,$46.3 Million,0,Jackpot,,,6,250000,0,1,32,10000,1,40000,1725,150,151,600,1636,150,147,600,24682,10,2271,40,79044,7,7683,28,131310,3,11765,12,234823,2,20627,8
2013-01-18,$70 Million,$52.0 Million,0,Jackpot,,,8,250000,0,1,21,10000,2,30000,1333,150,114,450,1403,150,129,450,23833,10,2016,30,65680,7,5543,21,144803,3,12384,9,272833,2,22906,6
2013-01-22,$80 Million,$59.4 Million,0,Jackpot,,,5,250000,0,1,31,10000,2,30000,1235,150,99,450,1839,150,171,450,29589,10,2696,30,67873,7,5907,21,166150,3,14684,9,296071,2,25785,6
2013-01-25,$89 Million,$65.7 Million,1,Jackpot,,,4,250000,0,1,39,10000,3,40000,1725,150,171,600,1740,150,156,600,27245,10,2162,40,81322,7,7113,28,155846,3,12509,12,277296,2,21578,8
2013-01-29,$12 Million,$8.8 Million,0,Jackpot,,,2,250000,1,1,25,10000,4,30000,908,150,80,450,1130,150,128,450,18881,10,1843,30,48979,7,4677,21,109698,3,10750,9,197546,2,19132,6
2013-02-01,$13 Million,$9.5 Million,0,Jackpot,,,2,250000,0,1,20,10000,1,30000,869,150,89,450,1020,150,93,450,18053,10,1740,30,44677,7,4222,21,117071,3,11699,9,226244,2,22797,6
2013-02-05,$19 Million,$13.8 Million,1,Jackpot,,,3,250000,0,1,29,10000,4,40000,1454,150,142,600,1296,150,135,600,18867,10,1841,40,66484,7,7243,28,103749,3,9924,12,184236,2,18007,8
2013-02-08,$12 Million,$8.7 Million,0,Jackpot,,,5,250000,2,1,17,10000,1,40000,853,150,74,600,1166,150,108,600,19864,10,2071,40,46475,7,4568,28,119908,3,12416,12,223894,2,23251,8
2013-02-12,$13 Million,$9.5 Million,0,Jackpot,,,1,250000,0,1,27,10000,2,30000,868,150,98,450,983,150,96,450,15640,10,1518,30,43370,7,4178,21,94097,3,9050,9,175452,2,16860,6
2013-02-15,$20 Million,$14.6 Million,0,Jackpot,,,2,250000,0,1,15,10000,0,40000,879,150,86,600,933,150,88,600,15925,10,1509,40,47448,7,4684,28,100983,3,9561,12,193512,2,18425,8
2013-02-19,$26 Million,$19.0 Million,1,Jackpot,,,6,250000,1,1,22,10000,1,30000,961,150,99,450,1037,150,116,450,18549,10,1802,30,50898,7,5254,21,109269,3,11064,9,203628,2,20020,6
2013-02-22,$12 Million,$8.8 Million,0,Jackpot,,,1,250000,0,1,6,10000,0,30000,890,150,81,450,1095,150,113,450,17858,10,1839,30,49218,7,4948,21,106519,3,11060,9,194256,2,20061,6
2013-02-26,$13 Million,$9.6 Million,0,Jackpot,,,2,250000,0,1,28,10000,6,40000,1058,150,120,600,1549,150,168,600,23414,10,2549,40,55726,7,5880,28,126596,3,13502,12,208758,2,21988,8
2013-03-01,$19 Million,$14.1 Million,0,Jackpot,,,2,250000,1,1,23,10000,3,40000,925,150,91,600,1091,150,94,600,17801,10,1754,40,46086,7,4476,28,114132,3,11458,12,226756,2,22979,8
2013-03-05,$26 Million,$19.2 Million,0,Jackpot,,,2,250000,0,1,15,10000,3,30000,896,150,80,450,984,150,72,450,16044,10,1450,30,45809,7,4375,21,99467,3,9244,9,192532,2,18428,6
2013-03-08,$33 Million,$24.0 Million,0,Jackpot,,,2,250000,0,1,22,10000,0,40000,1163,150,101,600,1246,150,132,600,19923,10,1794,40,58525,7,5668,28,113916,3,10719,12,204384,2,18936,8
2013-03-12,$41 Million,$29.9 Million,1,Jackpot,,,4,250000,0,1,36,10000,6,40000,1991,150,197,600,1409,150,117,600,20267,10,1976,40,80017,7,8251,28,110199,3,10294,12,196436,2,17740,8
2013-03-15,$12 Million,$8.7 Million,0,Jackpot,,,6,250000,0,1,38,10000,5,20000,1524,150,179,300,1747,150,190,300,24310,10,2585,20,65878,7,6622,14,129742,3,12894,6,218561,2,20956,4
2013-03-19,$13 Million,$9.5 Million,0,Jackpot,,,5,250000,0,1,26,10000,3,30000,1265,150,130,450,1199,150,126,450,17667,10,1832,30,59436,7,6082,21,99291,3,10269,9,177355,2,17394,6
2013-03-22,$20 Million,$14.7 Million,0,Jackpot,,,3,250000,0,1,19,10000,3,40000,1021,150,107,600,1072,150,108,600,17240,10,1501,40,52014,7,4776,28,103562,3,9470,12,199938,2,18465,8
2013-03-26,$26 Million,$19.2 Million,0,Jackpot,,,2,250000,0,1,13,10000,0,40000,788,150,64,600,941,150,72,600,15808,10,1363,40,43601,7,3979,28,100551,3,8772,12,205057,2,18465,8
2013-03-29,$34 Million,$25.2 Million,0,Jackpot,,,8,250000,0,1,28,10000,2,40000,1078,150,92,600,1239,150,121,600,18979,10,1791,40,51623,7,4729,28,122754,3,11325,12,254928,2,24758,8
2013-04-02,$42 Million,$31.0 Million,0,Jackpot,,,5,250000,0,1,16,10000,0,40000,1194,150,96,600,1206,150,100,600,19010,10,1819,40,60149,7,5681,28,112955,3,10567,12,208684,2,19236,8
2013-04-05,$50 Million,$37.7 Million,0,Jackpot,,,5,250000,0,1,34,10000,3,30000,1460,150,123,450,1603,150,147,450,26280,10,2446,30,69246,7,6492,21,155720,3,14729,9,282159,2,26592,6
2013-04-09,$56 Million,$42.2 Million,0,Jackpot,,,5,250000,0,1,29,10000,0,40000,1002,150,87,600,1223,150,104,600,21084,10,1877,40,51682,7,4468,28,140549,3,13307,12,293085,2,28597,8
2013-04-12,$66 Million,$49.5 Million,0,Jackpot,,,8,250000,2,1,64,10000,8,30000,2249,150,250,450,2272,150,238,450,28690,10,2766,30,92180,7,9501,21,149407,3,13610,9,258319,2,22813,6
2013-04-16,$74 Million,$55.8 Million,0,Jackpot,,,6,250000,1,1,29,10000,1,20000,1619,150,163,300,1446,150,127,300,22534,10,1986,20,75502,7,7151,14,131167,3,11552,6,234425,2,20458,4
2013-04-19,$83 Million,$62.7 Million,0,Jackpot,,,6,250000,1,1,46,10000,3,40000,2072,150,187,600,2281,150,226,600,30290,10,2760,40,91127,7,8662,28,160245,3,14373,12,279143,2,24227,8
2013-04-23,$92 Million,$69.6 Million,0,Jackpot,,,6,250000,0,1,39,10000,1,30000,1391,150,91,450,1645,150,130,450,28902,10,2577,30,70514,7,6063,21,171738,3,15268,9,310305,2,27388,6
2013-04-26,$103 Million,$78.0 Million,0,Jackpot,,,6,250000,1,1,31,10000,1,40000,1373,150,103,600,1644,150,109,600,26574,10,2021,40,74120,7,5877,28,171192,3,14139,12,352617,2,30428,8
2013-04-30,$114 Million,$86.6 Million,0,Jackpot,,,7,250000,2,1,27,10000,4,30000,1481,150,124,450,1659,150,131,450,26938,10,2071,30,79407,7,6057,21,165468,3,13025,9,315914,2,25150,6
2013-05-03,$126 Million,$95.0 Million,0,Jackpot,,,8,250000,0,1,33,10000,2,20000,1628,150,138,300,1776,150,138,300,30667,10,2427,20,85879,7,6622,14,188549,3,14824,6,359387,2,28672,4
2013-05-07,$139 Million,$104.0 Million,0,Jackpot,,,5,250000,1,1,40,10000,2,40000,2201,150,188,600,2399,150,201,600,36895,10,3231,40,106769,7,9068,28,210160,3,17668,12,381525,2,31610,8
2013-05-10,$154 Million,$114.8 Million,0,Jackpot,,,7,250000,0,1,45,10000,6,40000,2026,150,138,600,2503,150,194,600,41514,10,3485,40,108392,7,8685,28,248080,3,20187,12,462282,2,37084,8
2013-05-14,$170 Million,$126.1 Million,0,Jackpot,,,7,250000,0,1,66,10000,1,40000,3213,150,293,600,2765,150,228,600,42205,10,3245,40,148607,7,12800,28,240421,3,18263,12,439883,2,32967,8
2013-05-17,$190 Million,$140.6 Million,2,Jackpot,,,17,250000,0,1,66,10000,1,40000,3603,150,226,600,3796,150,261,600,63808,10,4505,40,186133,7,13610,28,386007,3,27936,12,724783,2,51937,8
2013-05-21,$12 Million,$8.8 Million,0,Jackpot,,,2,250000,0,1,26,10000,2,40000,1016,150,91,600,1386,150,131,600,24020,10,2503,40,56249,7,5484,28,152175,3,15647,12,293049,2,30468,8
2013-05-24,$15 Million,$11.0 Million,0,Jackpot,,,4,250000,0,1,30,10000,3,40000,1177,150,158,600,1538,150,174,600,23306,10,2646,40,60892,7,6465,28,130411,3,13604,12,234042,2,24293,8
2013-05-28,$23 Million,$16.8 Million,0,Jackpot,,,3,250000,0,1,26,10000,3,40000,984,150,96,600,1110,150,128,600,17959,10,1815,40,51666,7,5301,28,105278,3,11199,12,193115,2,19763,8
2013-05-31,$30 Million,$21.7 Million,1,Jackpot,,,9,250000,0,1,26,10000,3,30000,1041,150,106,450,1323,150,133,450,22120,10,2304,30,55673,7,5412,21,133928,3,13869,9,249327,2,25158,6
2013-06-04,$12 Million,$8.6 Million,0,Jackpot,,,1,250000,0,1,37,10000,6,30000,1546,150,208,450,1529,150,202,450,23059,10,2713,30,64934,7,8085,21,127624,3,14722,9,214297,2,24161,6
2013-06-07,$14 Million,$10.1 Million,0,Jackpot,,,5,250000,0,1,23,10000,6,40000,964,150,94,600,1095,150,119,600,19424,10,2134,40,47011,7,5137,28,121434,3,13509,12,237260,2,26150,8
2013-06-11,$21 Million,$15.0 Million,0,Jackpot,,,2,250000,1,1,20,10000,2,40000,854,150,94,600,994,150,100,600,16665,10,1786,40,43888,7,4365,28,109678,3,12079,12,239450,2,27023,8
2013-06-14,$29 Million,$21.0 Million,0,Jackpot,,,6,250000,0,1,23,10000,2,40000,1077,150,109,600,1232,150,112,600,21657,10,2195,40,54934,7,5670,28,126981,3,13327,12,229891,2,24483,8
2013-06-18,$36 Million,$25.9 Million,0,Jackpot,,,2,250000,1,1,19,10000,2,20000,969,150,96,300,1029,150,88,300,18059,10,1825,20,49956,7,5149,14,115362,3,12392,6,219611,2,23710,4
2013-06-21,$44 Million,$31.1 Million,0,Jackpot,,,6,250000,0,1,26,10000,2,30000,1170,150,90,450,1303,150,145,450,22199,10,2347,30,55715,7,5696,21,135323,3,14438,9,247897,2,25704,6
2013-06-25,$52 Million,$36.4 Million,0,Jackpot,,,5,250000,1,1,24,10000,1,20000,1054,150,96,300,1239,150,135,300,21165,10,2190,20,58004,7,6086,14,123959,3,12637,6,225177,2,22952,4
2013-06-28,$61 Million,$42.7 Million,0,Jackpot,,,3,250000,0,1,21,10000,0,40000,1137,150,117,600,1166,150,100,600,19646,10,1899,40,56080,7,5620,28,120429,3,11875,12,227189,2,22500,8
2013-07-02,$70 Million,$49.0 Million,0,Jackpot,,,4,250000,0,1,23,10000,1,40000,1052,150,114,600,1008,150,104,600,18330,10,1736,40,53712,7,5365,28,113713,3,10756,12,235948,2,23252,8
2013-07-05,$79 Million,$54.2 Million,1,Jackpot,,,4,250000,0,1,34,10000,1,40000,1035,150,111,600,1162,150,106,600,19293,10,1839,40,54594,7,5167,28,124008,3,12337,12,233402,2,23000,8
2013-07-09,$12 Million,$8.2 Million,0,Jackpot,,,1,250000,0,1,20,10000,1,20000,794,150,80,300,965,150,89,300,15746,10,1651,20,42381,7,4258,14,98420,3,10558,6,188152,2,20155,4
2013-07-12,$13 Million,$9.0 Million,0,Jackpot,,,3,250000,0,1,15,10000,3,30000,960,150,89,450,1264,150,120,450,21153,10,2253,30,52190,7,5689,21,118627,3,12523,9,205732,2,21527,6
2013-07-16,$20 Million,$13.9 Million,1,Jackpot,,,4,250000,0,1,16,10000,0,20000,815,150,93,300,1036,150,125,300,17831,10,1891,20,45620,7,4795,14,106216,3,11142,6,197953,2,20883,4
2013-07-19,$12 Million,$8.3 Million,0,Jackpot,,,2,250000,0,1,18,10000,2,30000,944,150,85,450,1003,150,102,450,15816,10,1595,30,45532,7,4657,21,94883,3,9423,9,181789,2,17963,6
2013-07-23,$13 Million,$9.0 Million,0,Jackpot,,,1,250000,0,1,12,10000,1,30000,685,150,82,450,823,150,78,450,13751,10,1376,30,37643,7,3810,21,88479,3,8650,9,178226,2,18016,6
2013-07-26,$19 Million,$13.1 Million,1,Jackpot,,,2,250000,0,1,23,10000,4,40000,1007,150,105,600,1112,150,97,600,19477,10,2157,40,54213,7,5690,28,98816,3,10189,12,179187,2,18114,8
2013-07-30,$12 Million,$8.3 Million,0,Jackpot,,,0,250000,0,1,15,10000,2,30000,781,150,88,450,805,150,84,450,13725,10,1363,30,40245,7,4008,21,85203,3,8835,9,163450,2,16974,6
2013-08-02,$13 Million,$8.9 Million,0,Jackpot,,,5,250000,0,1,24,10000,1,20000,1042,150,100,300,1263,150,134,300,20485,10,2243,20,55963,7,5968,14,117257,3,12702,6,205944,2,21840,4
2013-08-06,$20 Million,$13.7 Million,0,Jackpot,,,2,250000,0,1,21,10000,2,30000,873,150,87,450,975,150,80,450,16289,10,1537,30,49284,7,5061,21,98918,3,9720,9,183868,2,18171,6
2013-08-09,$28 Million,$19.3 Million,0,Jackpot,,,1,250000,0,1,27,10000,2,30000,1037,150,117,450,1272,150,126,450,21898,10,2213,30,54024,7,5358,21,129659,3,13433,9,240111,2,24936,6
2013-08-13,$36 Million,$24.6 Million,0,Jackpot,,,3,250000,1,1,26,10000,6,40000,831,150,72,600,932,150,85,600,15262,10,1435,40,43965,7,4232,28,95986,3,9292,12,183018,2,17782,8
2013-08-16,$43 Million,$29.2 Million,0,Jackpot,,,5,250000,0,1,23,10000,5,40000,1226,150,113,600,1367,150,129,600,18751,10,1809,40,60781,7,6208,28,110993,3,10880,12,201252,2,19228,8
2013-08-20,$51 Million,$34.5 Million,0,Jackpot,,,5,250000,0,1,25,10000,2,30000,1086,150,96,450,1110,150,101,450,18365,10,1787,30,50795,7,4832,21,112626,3,11420,9,218420,2,22251,6
2013-08-23,$60 Million,$40.4 Million,0,Jackpot,,,5,250000,1,1,27,10000,4,40000,1277,150,122,600,1368,150,160,600,21775,10,2175,40,64861,7,6639,28,127788,3,12398,12,235260,2,22720,8
2013-08-27,$69 Million,$47.2 Million,0,Jackpot,,,2,250000,0,1,30,10000,4,40000,1084,150,98,600,1201,150,95,600,19145,10,1834,40,58196,7,5879,28,114392,3,11040,12,208032,2,19420,8
2013-08-30,$77 Million,$52.7 Million,0,Jackpot,,,3,250000,0,1,31,10000,3,20000,1282,150,118,300,1414,150,123,300,22307,10,2249,20,64226,7,6351,14,133476,3,13297,6,248014,2,24874,4
2013-09-03,$85 Million,$57.9 Million,0,Jackpot,,,3,250000,0,1,23,10000,1,30000,1259,150,120,450,1416,150,146,450,23641,10,2593,30,63388,7,6444,21,136840,3,14390,9,243720,2,24766,6
2013-09-06,$95 Million,$64.3 Million,0,Jackpot,,,5,250000,1,1,30,10000,0,40000,1414,150,155,600,1574,150,150,600,25781,10,2552,40,72392,7,6982,28,149132,3,14678,12,266841,2,26099,8
2013-09-10,$106 Million,$71.4 Million,0,Jackpot,,,4,250000,0,1,25,10000,3,30000,1394,150,121,450,1646,150,173,450,26200,10,2443,30,72874,7,6908,21,155644,3,14316,9,287399,2,25846,6
2013-09-13,$119 Million,$80.7 Million,0,Jackpot,,,3,250000,0,1,32,10000,3,40000,1574,150,132,600,1964,150,206,600,32831,10,2974,40,80797,7,7197,28,198694,3,18600,12,371448,2,33735,8
2013-09-17,$130 Million,$88.2 Million,0,Jackpot,,,12,250000,1,1,44,10000,4,20000,2055,150,180,300,2175,150,170,300,35517,10,3150,20,94788,7,8390,14,209652,3,18586,6,386220,2,34834,4
2013-09-20,$145 Million,$99.1 Million,0,Jackpot,,,5,250000,0,1,40,10000,4,20000,2065,150,185,300,2000,150,182,300,33572,10,2798,20,101933,7,8999,14,202164,3,17224,6,378466,2,32477,4
2013-09-24,$160 Million,$110.3 Million,0,Jackpot,,,6,250000,1,1,29,10000,4,30000,1814,150,151,450,2020,150,183,450,34471,10,3009,30,94457,7,7983,21,209631,3,18902,9,387862,2,34415,6
2013-09-27,$173 Million,$119.9 Million,0,Jackpot,,,13,250000,2,1,47,10000,3,20000,2115,150,183,300,2192,150,179,300,36701,10,2970,20,110115,7,9368,14,223777,3,18111,6,420581,2,34203,4
2013-10-01,$189 Million,$129.7 Million,1,Jackpot,,,6,250000,0,1,38,10000,4,30000,2215,150,185,450,2530,150,193,450,42604,10,3627,30,115653,7,9898,21,249103,3,21013,9,452997,2,37792,6
2013-10-04,$12 Million,$8.2 Million,0,Jackpot,,,2,250000,0,1,21,10000,4,30000,1220,150,125,450,1445,150,163,450,23307,10,2575,30,61833,7,6428,21,134818,3,14411,9,239310,2,25324,6
2013-10-08,$14 Million,$9.6 Million,0,Jackpot,,,4,250000,1,1,24,10000,2,30000,1106,150,90,450,1444,150,163,450,22447,10,2585,30,56456,7,6293,21,125861,3,13987,9,216205,2,23516,6
2013-10-11,$22 Million,$15.1 Million,0,Jackpot,,,7,250000,0,1,12,10000,0,40000,909,150,95,600,1010,150,96,600,17694,10,1814,40,49154,7,4879,28,108123,3,10594,12,206493,2,20083,8
2013-10-15,$29 Million,$19.8 Million,0,Jackpot,,,2,250000,1,1,29,10000,3,40000,976,150,110,600,1194,150,131,600,19903,10,2107,40,47419,7,4830,28,122233,3,13208,12,231515,2,25094,8
2013-10-18,$37 Million,$25.5 Million,0,Jackpot,,,5,250000,1,1,18,10000,2,40000,906,150,83,600,1086,150,98,600,18222,10,1849,40,47878,7,4842,28,113780,3,11597,12,216435,2,21821,8
2013-10-22,$55 Million,$30.6 Million,0,Jackpot,,,2,1,0,5,17,5000,1,25000,302,500,27,2500,1446,50,162,250,22698,5,2547,25,34355,5,3727,25,281719,2,29799,10,698997,1,72748,5
2013-10-25,$65 Million,$36.3 Million,0,Jackpot,,,1,1,0,2,18,5000,1,10000,325,500,30,1000,1470,50,147,100,20876,5,2237,10,37973,5,4181,10,334457,2,36041,4,880276,1,94790,2
2013-10-29,$75 Million,$41.8 Million,0,Jackpot,,,0,1,0,3,13,5000,0,15000,294,500,33,1500,1626,50,162,150,21942,5,2305,15,37747,5,3906,15,326062,2,34790,6,893666,1,96923,3
2013-11-01,$87 Million,$48.2 Million,0,Jackpot,,,3,1,0,5,28,5000,1,25000,310,500,24,2500,1505,50,148,250,22187,5,2186,25,35121,5,3554,25,307235,2,31009,10,878149,1,92369,5
2013-11-05,$99 Million,$54.3 Million,0,Jackpot,,,1,1,0,5,35,5000,3,25000,327,500,28,2500,1787,50,204,250,24730,5,2509,25,42457,5,4374,25,357484,2,37266,10,920624,1,93991,5
2013-11-08,$115 Million,$62.2 Million,0,Jackpot,,,1,1,0,2,30,5000,1,10000,375,500,42,1000,2014,50,170,100,27608,5,2508,10,47449,5,4368,10,420517,2,40704,4,1260280,1,128113,2
2013-11-12,$132 Million,$71.1 Million,0,Jackpot,,,1,1,0,5,36,5000,3,25000,450,500,40,2500,2347,50,227,250,30789,5,2897,25,53023,5,4982,25,452465,2,43310,10,1207486,1,115278,5
2013-11-15,$149 Million,$81.1 Million,0,Jackpot,,,1,1,0,4,38,5000,2,20000,477,500,45,2000,2314,50,241,200,32138,5,2938,20,53852,5,4896,20,469755,2,44028,8,1290573,1,122865,4
2013-11-19,$165 Million,$90.1 Million,0,Jackpot,,,2,1,0,3,36,5000,3,15000,448,500,35,1500,2259,50,217,150,34524,5,3253,15,54944,5,5077,15,464193,2,43693,6,1228776,1,115240,3
2013-11-22,$181 Million,$97.7 Million,0,Jackpot,,,2,1,1,3,45,5000,3,15000,743,500,81,1500,3839,50,348,150,47179,5,4362,15,73459,5,6834,15,587938,2,54409,6,1498464,1,138155,3
2013-11-26,$205 Million,$111.5 Million,0,Jackpot,,,5,1,1,5,39,5000,1,25000,652,500,59,2500,3187,50,264,250,44122,5,3967,25,72050,5,6435,25,629507,2,56288,10,1765181,1,161917,5
2013-11-29,$230 Million,$124.6 Million,0,Jackpot,,,1,1,0,4,44,5000,3,20000,593,500,52,2000,3356,50,321,200,45448,5,4221,20,76178,5,7502,20,656654,2,64611,8,1749911,1,174624,4
2013-12-03,$257 Million,$138.9 Million,0,Jackpot,,,1,1,0,3,73,5000,7,15000,920,500,87,1500,4667,50,402,150,65077,5,5684,15,109417,5,9779,15,888576,2,79780,6,2252869,1,196145,3
2013-12-06,$297 Million,$158.9 Million,0,Jackpot,,,4,1,0,3,77,5000,4,15000,1023,500,74,1500,5146,50,402,150,71855,5,5706,15,120075,5,9544,15,1017373,2,83185,6,2665896,1,216497,3
2013-12-10,$344 Million,$186.1 Million,0,Jackpot,,,5,1,0,2,87,5000,9,10000,1436,500,111,1000,7676,50,619,100,104555,5,8456,10,170566,5,14388,10,1382396,2,114015,4,3532768,1,285750,2
2013-12-13,$425 Million,$228.2 Million,0,Jackpot,,,9,1,0,2,230,5000,20,10000,3270,500,243,1000,16313,50,1315,100,229244,5,17853,10,369618,5,29174,10,3037657,2,235188,4,7789368,1,588422,2
2013-12-17,$636 Million,$341.2 Million,2,Jackpot,,,20,1,0,4,631,5000,44,20000,7692,500,632,2000,38522,50,3093,200,501563,5,38727,20,807032,5,61380,20,6401966,2,481344,8,16071858,1,1185252,4
2013-12-20,$15 Million,$8.0 Million,0,Jackpot,,,3,1,0,2,34,5000,3,10000,344,500,45,1000,1807,50,198,100,25740,5,2817,10,46009,5,4970,10,359047,2,38346,4,907922,1,96641,2
2013-12-24,$22 Million,$11.8 Million,0,Jackpot,,,2,1,0,3,21,5000,5,15000,335,500,40,1500,1539,50,161,150,24064,5,2437,15,37795,5,3716,15,333671,2,33532,6,940723,1,96058,3
2013-12-27,$35 Million,$18.6 Million,0,Jackpot,,,1,1,0,5,25,5000,2,25000,327,500,32,2500,1752,50,179,250,23317,5,2562,25,38684,5,4329,25,328339,2,38273,10,849477,1,98054,5
2013-12-31,$47 Million,$25.1 Million,0,Jackpot,,,1,1,0,3,38,5000,2,15000,404,500,35,1500,2157,50,242,150,29881,5,2986,15,53413,5,5751,15,436289,2,46350,6,1084224,1,112284,3
2014-01-03,$61 Million,$32.1 Million,1,Jackpot,,,1,1,1,5,17,5000,1,25000,331,500,38,2500,1912,50,226,250,24773,5,2724,25,42615,5,4921,25,353963,2,40339,10,891899,1,101044,5
2014-01-07,$15 Million,$7.9 Million,0,Jackpot,,,1,1,0,5,14,5000,2,25000,246,500,24,2500,1232,50,134,250,17097,5,1784,25,28800,5,3007,25,261865,2,27871,10,752606,1,82607,5
2014-01-10,$20 Million,$10.7 Million,0,Jackpot,,,2,1,0,3,27,5000,0,15000,262,500,27,1500,1652,50,191,150,21614,5,2242,15,39895,5,4660,15,324828,2,36640,6,807656,1,89114,3
2014-01-14,$30 Million,$16.2 Million,0,Jackpot,,,2,1,0,3,18,5000,2,15000,270,500,23,1500,1510,50,174,150,21024,5,2274,15,37465,5,4234,15,317736,2,36544,6,814663,1,92465,3
2014-01-17,$41 Million,$22.2 Million,0,Jackpot,,,2,1,1,4,44,5000,4,20000,511,500,57,2000,2398,50,311,200,31773,5,3757,20,46468,5,5550,20,344800,2,39240,8,845256,1,94224,4
2014-01-21,$51 Million,$27.7 Million,0,Jackpot,,,2,1,0,4,23,5000,3,20000,366,500,42,2000,1644,50,175,200,23956,5,2614,20,37991,5,4274,20,303924,2,33789,8,760589,1,83974,4
2014-01-24,$62 Million,$34.2 Million,0,Jackpot,,,0,1,0,5,21,5000,1,25000,304,500,33,2500,1552,50,182,250,21446,5,2278,25,35937,5,3840,25,315991,2,34817,10,874746,1,97987,5
2014-01-28,$71 Million,$39.0 Million,0,Jackpot,,,0,1,0,3,25,5000,4,15000,374,500,35,1500,1641,50,181,150,25066,5,2875,15,37243,5,3932,15,307808,2,32407,6,778952,1,81181,3
2014-01-31,$84 Million,$46.7 Million,0,Jackpot,,,1,1,0,4,37,5000,2,20000,493,500,49,2000,2384,50,265,200,34597,5,3916,20,51143,5,5595,20,390890,2,42049,8,961116,1,101329,4
2014-02-04,$94 Million,$52.5 Million,0,Jackpot,,,1,1,0,3,27,5000,3,15000,351,500,46,1500,1625,50,189,150,23261,5,2436,15,39334,5,4225,15,354375,2,38560,6,1014137,1,113017,3
2014-02-07,$107 Million,$59.0 Million,0,Jackpot,,,1,1,0,3,23,5000,3,15000,424,500,41,1500,2309,50,255,150,32972,5,3662,15,51377,5,5306,15,410665,2,42541,6,1038482,1,106681,3
2014-02-11,$122 Million,$67.1 Million,0,Jackpot,,,0,1,0,2,27,5000,2,10000,406,500,43,1000,1976,50,182,100,26690,5,2462,10,43539,5,4085,10,375477,2,35146,4,1176618,1,117897,2
2014-02-14,$139 Million,$76.5 Million,0,Jackpot,,,2,1,0,3,27,5000,1,15000,382,500,29,1500,2049,50,198,150,28502,5,2746,15,53407,5,5455,15,471129,2,48743,6,1295204,1,135383,3
2014-02-18,$154 Million,$85.0 Million,0,Jackpot,,,1,1,0,5,31,5000,3,25000,520,500,54,2500,2553,50,257,250,37501,5,3653,25,60308,5,5638,25,508765,2,49517,10,1340502,1,131717,5
2014-02-21,$172 Million,$94.5 Million,0,Jackpot,,,2,1,0,5,63,5000,7,25000,684,500,58,2500,3211,50,304,250,44144,5,4238,25,72087,5,7125,25,593158,2,58474,10,1550346,1,153146,5
2014-02-25,$195 Million,$107.9 Million,0,Jackpot,,,2,1,0,5,52,5000,5,25000,660,500,64,2500,3423,50,338,250,46348,5,4606,25,76741,5,7656,25,611227,2,59737,10,1543373,1,147620,5
2014-02-28,$216 Million,$120.3 Million,0,Jackpot,,,1,1,0,4,39,5000,2,20000,636,500,50,2000,3438,50,297,200,47983,5,4399,20,79442,5,7277,20,701323,2,65154,8,1872684,1,176180,4
2014-03-04,$240 Million,$134.3 Million,0,Jackpot,,,3,1,0,2,76,5000,4,10000,938,500,112,1000,4735,50,481,100,62351,5,6038,10,99969,5,9829,10,801165,2,75359,4,2011363,1,183689,2
2014-03-07,$270 Million,$148.1 Million,0,Jackpot,,,3,1,0,4,51,5000,4,20000,820,500,85,2000,4174,50,379,200,59505,5,5331,20,95775,5,8567,20,816573,2,72415,8,2156063,1,189891,4
2014-03-11,$309 Million,$169.8 Million,0,Jackpot,,,2,1,0,4,77,5000,7,20000,1056,500,95,2000,5221,50,425,200,74025,5,6152,20,122631,5,10253,20,1064183,2,90466,8,2851052,1,245099,4
2014-03-14,$353 Million,$198.4 Million,0,Jackpot,,,5,1,3,3,97,5000,10,15000,1278,500,109,1500,6527,50,570,150,92457,5,7668,15,152411,5,12843,15,1288524,2,110892,6,3348748,1,287043,3
2014-03-18,$400 Million,$223.0 Million,2,Jackpot,,,8,1,0,3,207,5000,17,15000,2535,500,201,1500,13685,50,1222,150,168926,5,14943,15,285489,5,25317,15,2209320,2,188797,6,5477956,1,455782,3
2014-03-21,$15 Million,$8.3 Million,0,Jackpot,,,1,1,1,5,26,5000,0,25000,383,500,41,2500,1909,50,210,250,26764,5,3139,25,43795,5,5086,25,339298,2,39442,10,826551,1,93328,5
2014-03-25,$20 Million,$11.191942 Million,1,Jackpot,,,0,1,0,3,16,5000,0,15000,258,500,32,1500,1444,50,177,150,19925,5,2260,15,34997,5,3933,15,309990,2,36314,6,851735,1,98471,3
2014-03-28,$15 Million,$8.4 Million,0,Jackpot,,,1,1,0,3,24,5000,1,15000,340,500,34,1500,1957,50,242,150,27072,5,3353,15,43422,5,5090,15,324689,2,37863,6,790593,1,90328,3
2014-04-01,$20 Million,$11.1 Million,0,Jackpot,,,3,1,0,5,11,5000,1,25000,262,500,26,2500,1362,50,176,250,18816,5,2165,25,33074,5,3914,25,304154,2,35802,10,845487,1,99041,5
2014-04-04,$30 Million,$16.6 Million,1,Jackpot,,,2,1,0,2,26,5000,2,10000,351,500,34,1000,1883,50,205,100,27617,5,3319,10,43330,5,5007,10,345035,2,39111,4,857086,1,97001,2
2014-04-08,$15 Million,$8.3 Million,0,Jackpot,,,1,1,0,3,15,5000,2,15000,239,500,22,1500,1181,50,131,150,17162,5,1864,15,29064,5,3274,15,263080,2,30614,6,790535,1,95864,3
2014-04-11,$20 Million,$11.3 Million,0,Jackpot,,,0,1,0,5,14,5000,0,25000,246,500,22,2500,1549,50,175,250,19880,5,2215,25,36384,5,4195,25,311842,2,36588,10,812766,1,94546,5
2014-04-15,$28 Million,$15.8 Million,0,Jackpot,,,1,1,0,3,22,5000,3,15000,235,500,20,1500,1355,50,163,150,18499,5,2062,15,32266,5,3807,15,293797,2,35172,6,792309,1,96599,3
2014-04-18,$38 Million,$21.3 Million,0,Jackpot,,,0,1,0,2,18,5000,3,10000,363,500,42,1000,1549,50,172,100,21318,5,2373,10,37463,5,4246,10,308621,2,35142,4,818289,1,92682,2
2014-04-22,$48 Million,$26.9 Million,0,Jackpot,,,0,1,0,3,21,5000,2,15000,358,500,37,1500,1628,50,195,150,26075,5,3102,15,34357,5,3926,15,278091,2,30931,6,694138,1,76359,3
2014-04-25,$59 Million,$33.6 Million,0,Jackpot,,,0,1,0,2,42,5000,9,10000,498,500,69,1000,2380,50,302,100,33053,5,3993,10,48165,5,5470,10,353630,2,39465,4,843992,1,91872,2
2014-04-29,$68 Million,$38.2 Million,0,Jackpot,,,1,1,0,3,15,5000,2,15000,266,500,29,1500,1410,50,141,150,19658,5,2063,15,33796,5,3616,15,313711,2,34297,6,863929,1,94840,3
2014-05-02,$81 Million,$46.2 Million,0,Jackpot,,,1,1,0,5,36,5000,3,25000,497,500,52,2500,2240,50,251,250,31668,5,3415,25,48966,5,5587,25,391697,2,43440,10,977372,1,107014,5
2014-05-06,$92 Million,$52.8 Million,0,Jackpot,,,2,1,0,3,29,5000,2,15000,446,500,51,1500,2290,50,242,150,29977,5,3158,15,50354,5,5613,15,404481,2,44481,6,1014536,1,109677,3
2014-05-09,$105 Million,$60.0 Million,0,Jackpot,,,3,1,0,2,20,5000,1,10000,458,500,49,1000,2078,50,216,100,30678,5,3067,10,48587,5,4746,10,416257,2,41023,4,1092823,1,107968,2
2014-05-13,$121 Million,$69.2 Million,0,Jackpot,,,0,1,0,2,25,5000,2,10000,389,500,32,1000,1959,50,160,100,28101,5,2570,10,45360,5,4128,10,387864,2,35764,4,1111352,1,105703,2
2014-05-16,$136 Million,$79.0 Million,0,Jackpot,,,2,1,0,5,33,5000,4,25000,486,500,37,2500,2501,50,258,250,35255,5,3371,25,59579,5,6042,25,496229,2,50435,10,1291775,1,131337,5
2014-05-20,$149 Million,$86.1 Million,1,Jackpot,,,1,1,0,2,29,5000,1,10000,434,500,36,1000,2301,50,249,100,31092,5,2843,10,55532,5,5250,10,508875,2,49274,4,1457629,1,145981,2
2014-05-23,$15 Million,$8.6 Million,0,Jackpot,,,1,1,0,4,20,5000,3,20000,280,500,26,2000,1628,50,188,200,22222,5,2526,20,38351,5,4431,20,309800,2,35018,8,770042,1,86873,4
2014-05-27,$20 Million,$11.5 Million,0,Jackpot,,,2,1,1,2,23,5000,4,10000,275,500,28,1000,1758,50,261,100,21815,5,2786,10,35954,5,4514,10,267117,2,32302,4,653140,1,77224,2
2014-05-30,$26 Million,$15.1 Million,0,Jackpot,,,0,1,0,4,12,5000,2,20000,266,500,29,2000,1369,50,153,200,20065,5,2182,20,32850,5,3710,20,275200,2,30951,8,712502,1,80170,4
2014-06-03,$34 Million,$19.6 Million,0,Jackpot,,,0,1,0,3,17,5000,4,15000,218,500,26,1500,1222,50,114,150,17744,5,1927,15,31142,5,3486,15,279682,2,31595,6,770414,1,86357,3
2014-06-06,$45 Million,$25.9 Million,0,Jackpot,,,2,1,0,4,21,5000,0,20000,301,500,34,2000,1555,50,188,200,20855,5,2229,20,37433,5,4102,20,315926,2,35342,8,828442,1,91192,4
2014-06-10,$55 Million,$31.3 Million,0,Jackpot,,,0,1,0,5,29,5000,4,25000,381,500,46,2500,2479,50,318,250,28913,5,3473,25,47442,5,5651,25,353898,2,40598,10,857166,1,96230,5
2014-06-13,$66 Million,$37.9 Million,1,Jackpot,,,1,1,0,5,20,5000,3,25000,363,500,40,2500,1482,50,153,250,23652,5,2549,25,35471,5,3692,25,306788,2,32195,10,806194,1,85309,5
2014-06-17,$15 Million,$8.6 Million,0,Jackpot,,,1,1,0,4,19,5000,2,20000,252,500,23,2000,1380,50,164,200,19826,5,2299,20,31539,5,3718,20,260090,2,30094,8,656782,1,75053,4
2014-06-20,$20 Million,$11.4 Million,0,Jackpot,,,0,1,0,5,17,5000,4,25000,339,500,50,2500,1645,50,193,250,24067,5,2906,25,35284,5,4147,25,274974,2,31536,10,682620,1,77431,5
2014-06-24,$25 Million,$14.4 Million,0,Jackpot,,,1,1,0,4,17,5000,2,20000,275,500,25,2000,1397,50,153,200,20168,5,2361,20,32982,5,4056,20,265149,2,31081,8,681907,1,80027,4
2014-06-27,$33 Million,$19.2 Million,1,Jackpot,,,0,1,0,3,16,5000,2,15000,271,500,28,1500,1449,50,160,150,19277,5,2197,15,32260,5,3608,15,275960,2,31397,6,732968,1,84962,3
2014-07-01,$15 Million,$8.6 Million,0,Jackpot,,,0,1,0,3,18,5000,2,15000,270,500,37,1500,1396,50,171,150,19033,5,2306,15,32037,5,3869,15,258632,2,31538,6,647588,1,78543,3
2014-07-04,$20 Million,$11.2 Million,0,Jackpot,,,0,1,0,5,13,5000,2,25000,224,500,19,2500,1072,50,117,250,15776,5,1795,25,24997,5,2824,25,217417,2,24941,10,606086,1,70564,5
2014-07-08,$25 Million,$14.3 Million,0,Jackpot,,,0,1,0,5,19,5000,4,25000,295,500,53,2500,1451,50,160,250,19940,5,2271,25,33123,5,3973,25,263792,2,31187,10,666462,1,78018,5
2014-07-11,$32 Million,$18.4 Million,0,Jackpot,,,0,1,0,5,27,5000,3,25000,291,500,35,2500,1519,50,176,250,20641,5,2388,25,34890,5,4110,25,285041,2,33259,10,707420,1,81664,5
2014-07-15,$41 Million,$23.6 Million,0,Jackpot,,,1,1,0,2,28,5000,4,10000,386,500,46,1000,1898,50,209,100,26015,5,3141,10,37553,5,4421,10,284052,2,33561,4,689120,1,80699,2
2014-07-18,$50 Million,$29.2 Million,0,Jackpot,,,1,1,0,3,18,5000,2,15000,249,500,32,1500,1268,50,120,150,17769,5,2004,15,32736,5,3641,15,284294,2,31774,6,757221,1,85182,3
2014-07-22,$58 Million,$33.9 Million,0,Jackpot,,,1,1,0,3,38,5000,2,15000,414,500,45,1500,1875,50,225,150,26802,5,3097,15,39710,5,4472,15,303810,2,34963,6,752798,1,84825,3
2014-07-25,$67 Million,$39.2 Million,0,Jackpot,,,0,1,0,5,15,5000,2,25000,275,500,32,2500,1570,50,156,250,21872,5,2429,25,36538,5,3967,25,311210,2,34583,10,827180,1,93266,5
2014-07-29,$77 Million,$45.3 Million,0,Jackpot,,,0,1,0,4,21,5000,2,20000,344,500,36,2000,1501,50,157,200,25157,5,2697,20,36221,5,3868,20,292592,2,31277,8,746872,1,78906,4
2014-08-01,$87 Million,$50.3 Million,0,Jackpot,,,2,1,0,5,23,5000,2,25000,323,500,38,2500,1712,50,178,250,24479,5,2682,25,39617,5,4108,25,339865,2,36567,10,903246,1,97653,5
2014-08-05,$100 Million,$58.2 Million,0,Jackpot,,,4,1,0,5,33,5000,1,25000,454,500,59,2500,2151,50,186,250,30944,5,3112,25,48308,5,4824,25,407860,2,40714,10,1067147,1,106324,5
2014-08-08,$115 Million,$68.0 Million,0,Jackpot,,,2,1,0,5,19,5000,2,25000,408,500,31,2500,2027,50,190,250,27977,5,2632,25,51498,5,5235,25,464627,2,48019,10,1287967,1,133388,5
2014-08-12,$128 Million,$75.3 Million,0,Jackpot,,,0,1,0,4,32,5000,0,20000,407,500,34,2000,2113,50,184,200,29800,5,2782,20,48639,5,4518,20,424850,2,39646,8,1248443,1,120954,4
2014-08-15,$144 Million,$85.9 Million,0,Jackpot,,,1,1,0,2,38,5000,5,10000,572,500,67,1000,3268,50,336,100,43722,5,4605,10,71114,5,7230,10,558733,2,55280,4,1405025,1,136189,2
2014-08-19,$160 Million,$95.1 Million,0,Jackpot,,,2,1,0,4,37,5000,5,20000,562,500,56,2000,2681,50,230,200,36867,5,3402,20,60563,5,5498,20,532689,2,49506,8,1505240,1,145662,4
2014-08-22,$180 Million,$107.1 Million,1,Jackpot,,,1,1,0,5,45,5000,3,25000,657,500,51,2500,3178,50,278,250,44205,5,3826,25,74299,5,6841,25,640101,2,59195,10,1693014,1,157280,5
2014-08-26,$15 Million,$9.0 Million,0,Jackpot,,,0,1,0,5,15,5000,0,25000,222,500,27,2500,1057,50,123,250,16360,5,1864,25,26279,5,2873,25,228810,2,26114,10,636930,1,73155,5
2014-08-29,$20 Million,$12.1 Million,0,Jackpot,,,0,1,0,2,20,5000,4,10000,247,500,31,1000,1271,50,151,100,17968,5,2097,10,31185,5,3692,10,275345,2,32920,4,732518,1,87099,2
2014-09-02,$25 Million,$14.9 Million,0,Jackpot,,,3,1,1,3,15,5000,0,15000,217,500,34,1500,1119,50,134,150,16010,5,1911,15,26374,5,3142,15,224972,2,26613,6,588630,1,68568,3
2014-09-05,$33 Million,$19.6 Million,0,Jackpot,,,3,1,1,2,43,5000,7,10000,440,500,51,1000,2727,50,388,100,31126,5,4006,10,50438,5,6690,10,354243,2,43717,4,799207,1,93491,2
2014-09-09,$41 Million,$24.2 Million,0,Jackpot,,,1,1,0,4,16,5000,2,20000,241,500,26,2000,1165,50,123,200,17569,5,1979,20,28123,5,3122,20,245633,2,27002,8,691540,1,77842,4
2014-09-12,$52 Million,$30.2 Million,0,Jackpot,,,1,1,0,3,36,5000,6,15000,412,500,43,1500,2032,50,236,150,25687,5,2991,15,44107,5,5069,15,344521,2,39719,6,879750,1,103084,3
2014-09-16,$62 Million,$36.0 Million,0,Jackpot,,,3,1,0,2,21,5000,3,10000,284,500,29,1000,1286,50,137,100,20009,5,2200,10,31034,5,3281,10,271680,2,29549,4,759817,1,83898,2
2014-09-19,$72 Million,$41.8 Million,0,Jackpot,,,0,1,0,2,28,5000,1,10000,511,500,57,1000,1950,50,194,100,32187,5,3811,10,40732,5,4611,10,317134,2,34103,4,791663,1,84721,2
2014-09-23,$83 Million,$48.7 Million,0,Jackpot,,,1,1,0,5,34,5000,3,25000,419,500,45,2500,1850,50,197,250,26207,5,3047,25,42441,5,4694,25,341935,2,37784,10,850403,1,92602,5
2014-09-26,$93 Million,$55.0 Million,0,Jackpot,,,0,1,0,5,86,5000,12,25000,442,500,43,2500,2060,50,229,250,27953,5,3115,25,45273,5,4998,25,383114,2,41804,10,1009544,1,109813,5
2014-09-30,$105 Million,$62.6 Million,0,Jackpot,,,1,1,0,5,28,5000,2,25000,413,500,33,2500,2075,50,222,250,29089,5,2960,25,49033,5,4939,25,423982,2,43486,10,1106848,1,112564,5
2014-10-03,$120 Million,$71.3 Million,0,Jackpot,,,0,1,0,3,26,5000,0,15000,400,500,36,1500,2206,50,184,150,31866,5,3091,15,54233,5,5177,15,473113,2,46790,6,1237488,1,121663,3
2014-10-07,$136 Million,$81.6 Million,0,Jackpot,,,2,1,0,3,39,5000,0,15000,500,500,54,1500,2331,50,216,150,34940,5,3515,15,55233,5,5160,15,456053,2,43270,6,1208394,1,115419,3
2014-10-10,$150 Million,$90.7 Million,0,Jackpot,,,2,1,0,5,33,5000,2,25000,493,500,40,2500,2580,50,234,250,35613,5,3251,25,59761,5,5543,25,520816,2,49530,10,1406425,1,135773,5
2014-10-14,$166 Million,$101.7 Million,0,Jackpot,,,5,1,0,3,41,5000,3,15000,527,500,59,1500,2556,50,224,150,36077,5,3344,15,59634,5,5656,15,532974,2,50854,6,1457696,1,141660,3
2014-10-17,$180 Million,$110.3 Million,0,Jackpot,,,2,1,0,4,40,5000,6,20000,551,500,43,2000,2946,50,249,200,41378,5,3638,20,69708,5,6338,20,593139,2,54270,8,1601798,1,148445,4
2014-10-21,$200 Million,$122.5 Million,0,Jackpot,,,3,1,0,5,55,5000,4,25000,667,500,58,2500,3679,50,307,250,48686,5,4009,25,81226,5,7159,25,704559,2,62614,10,1871534,1,168461,5
2014-10-24,$224 Million,$136.5 Million,0,Jackpot,,,2,1,0,3,78,5000,5,15000,1137,500,102,1500,5077,50,459,150,72872,5,6828,15,101846,5,9029,15,809009,2,69456,6,2051354,1,174314,3
2014-10-28,$252 Million,$152.6 Million,0,Jackpot,,,1,1,0,5,60,5000,4,25000,862,500,56,2500,4265,50,338,250,57856,5,4615,25,95536,5,7729,25,849824,2,70456,10,2329467,1,197669,5
2014-10-31,$284 Million,$171.8 Million,0,Jackpot,,,5,1,0,2,68,5000,4,10000,988,500,72,1000,4948,50,384,100,69042,5,5610,10,114526,5,9284,10,991258,2,83233,4,2624914,1,219169,2
2014-11-04,$321 Million,$194.4 Million,1,Jackpot,,,5,1,1,4,104,5000,5,20000,1677,500,138,2000,6953,50,551,200,108056,5,8858,20,155771,5,12266,20,1286013,2,99942,8,3327179,1,256554,4
2014-11-07,$15 Million,$9.0 Million,0,Jackpot,,,0,1,0,5,28,5000,3,25000,256,500,33,2500,1348,50,149,250,18624,5,1979,25,32213,5,3548,25,289677,2,31827,10,839009,1,95592,5
2014-11-11,$20 Million,$12.1 Million,0,Jackpot,,,0,1,0,5,28,5000,2,25000,385,500,38,2500,1644,50,219,250,22728,5,2677,25,36007,5,4444,25,293995,2,35029,10,740662,1,87697,5
2014-11-14,$26 Million,$15.7 Million,0,Jackpot,,,0,1,0,5,19,5000,2,25000,259,500,27,2500,1197,50,120,250,17078,5,1870,25,29282,5,3197,25,278911,2,31885,10,806920,1,93313,5
2014-11-18,$35 Million,$21.2 Million,0,Jackpot,,,1,1,0,2,12,5000,1,10000,239,500,32,1000,1164,50,133,100,16970,5,1821,10,28647,5,3155,10,249109,2,27552,4,748855,1,85589,2
2014-11-21,$43 Million,$26.1 Million,0,Jackpot,,,0,1,0,2,19,5000,1,10000,314,500,31,1000,1622,50,206,100,22736,5,2589,10,40655,5,4777,10,324016,2,37369,4,796313,1,90565,2
2014-11-25,$52 Million,$31.8 Million,0,Jackpot,,,0,1,0,2,18,5000,1,10000,476,500,76,1000,1835,50,193,100,26603,5,3249,10,40520,5,4713,10,316323,2,36424,4,773167,1,86780,2
2014-11-28,$61 Million,$37.7 Million,0,Jackpot,,,0,1,0,3,27,5000,3,15000,318,500,30,1500,1669,50,212,150,23768,5,2861,15,37477,5,4511,15,294591,2,34969,6,731319,1,85714,3
2014-12-02,$70 Million,$42.9 Million,0,Jackpot,,,0,1,0,5,18,5000,1,25000,271,500,26,2500,1709,50,176,250,23880,5,2715,25,39984,5,4521,25,335541,2,39283,10,870913,1,100943,5
2014-12-05,$80 Million,$49.2 Million,0,Jackpot,,,1,1,0,5,37,5000,5,25000,343,500,38,2500,2182,50,261,250,30029,5,3380,25,49147,5,5896,25,379469,2,43298,10,924596,1,100502,5
2014-12-09,$91 Million,$57.0 Million,0,Jackpot,,,0,1,0,5,30,5000,5,25000,337,500,30,2500,1740,50,177,250,25272,5,2700,25,39439,5,4138,25,337974,2,36426,10,918033,1,100294,5
2014-12-12,$102 Million,$64.8 Million,0,Jackpot,,,1,1,0,5,18,5000,3,25000,370,500,36,2500,2111,50,216,250,27451,5,2668,25,49455,5,5232,25,446952,2,48320,10,1231344,1,134463,5
2014-12-16,$113 Million,$72.7 Million,0,Jackpot,,,2,1,0,5,23,5000,1,25000,388,500,34,2500,1979,50,203,250,27524,5,2751,25,44209,5,4402,25,376988,2,37348,10,1105402,1,113946,5
2014-12-19,$125 Million,$78.9 Million,0,Jackpot,,,1,1,0,3,34,5000,1,15000,445,500,46,1500,2119,50,220,150,29892,5,3073,15,50188,5,4991,15,442923,2,44687,6,1210652,1,123439,3
2014-12-23,$142 Million,$90.1 Million,0,Jackpot,,,1,1,0,3,39,5000,3,15000,533,500,46,1500,2975,50,302,150,38922,5,3925,15,69894,5,7150,15,579407,2,59837,6,1480949,1,150823,3
2014-12-26,$156 Million,$98.3 Million,0,Jackpot,,,2,1,0,3,64,5000,8,15000,1246,500,149,1500,3548,50,376,150,57546,5,6916,15,64462,5,6937,15,475106,2,48129,6,1185733,1,117103,3
2014-12-30,$172 Million,$109.9 Million,0,Jackpot,,,2,1,0,4,41,5000,6,20000,539,500,44,2000,2845,50,286,200,39742,5,3754,20,69666,5,7029,20,573522,2,56713,8,1474219,1,145273,4
2015-01-02,$188 Million,$119.6 Million,0,Jackpot,,,2,1,0,4,36,5000,5,20000,524,500,43,2000,2605,50,266,200,37567,5,3647,20,62750,5,6244,20,548448,2,54891,8,1512693,1,154731,4
2015-01-06,$206 Million,$134.9 Million,0,Jackpot,,,1,1,0,3,58,5000,8,15000,647,500,60,1500,3592,50,365,150,51355,5,4900,15,82004,5,7761,15,672819,2,62548,6,1730296,1,159267,3
2015-01-09,$221 Million,$143.2 Million,0,Jackpot,,,3,1,1,5,45,5000,2,25000,716,500,49,2500,3613,50,302,250,48687,5,4154,25,82754,5,7337,25,714498,2,63878,10,2023889,1,189037,5
2015-01-13,$246 Million,$161.6 Million,0,Jackpot,,,6,1,1,5,57,5000,7,25000,993,500,98,2500,5251,50,486,250,66263,5,6123,25,114825,5,10579,25,917845,2,83993,10,2324249,1,207650,5
2015-01-16,$270 Million,$181.4 Million,1,Jackpot,,,2,1,0,3,59,5000,5,15000,884,500,69,1500,4728,50,428,150,67050,5,5698,15,110067,5,9540,15,935951,2,83283,6,2522758,1,227701,3
2015-01-20,$15 Million,$10.0 Million,0,Jackpot,,,0,1,0,5,18,5000,2,25000,249,500,36,2500,1382,50,162,250,18751,5,2146,25,31089,5,3478,25,274581,2,30510,10,791841,1,90423,5
2015-01-23,$20 Million,$13.4 Million,0,Jackpot,,,0,1,0,2,19,5000,3,10000,285,500,27,1000,1291,50,128,100,18905,5,2067,10,34134,5,3706,10,304879,2,34293,4,831814,1,95697,2
2015-01-27,$25 Million,$16.9 Million,0,Jackpot,,,0,1,0,3,24,5000,0,15000,280,500,31,1500,1722,50,224,150,21040,5,2507,15,40913,5,4960,15,323085,2,39854,6,793294,1,96911,3
2015-01-30,$32 Million,$21.8 Million,0,Jackpot,,,2,1,0,5,19,5000,2,25000,324,500,45,2500,1615,50,172,250,23260,5,2679,25,37998,5,4252,25,314080,2,35475,10,826754,1,94837,5
2015-02-03,$40 Million,$27.0 Million,0,Jackpot,,,1,1,0,5,26,5000,1,25000,322,500,35,2500,1654,50,203,250,22761,5,2799,25,39485,5,5013,25,327941,2,41466,10,825864,1,102001,5
2015-02-06,$49 Million,$32.3 Million,0,Jackpot,,,1,1,0,3,21,5000,1,15000,381,500,42,1500,2173,50,259,150,29450,5,3433,15,48891,5,6154,15,380317,2,45767,6,913204,1,106474,3
2015-02-10,$61 Million,$39.8 Million,0,Jackpot,,,0,1,0,2,24,5000,1,10000,368,500,41,1000,1726,50,179,100,25552,5,2740,10,43484,5,4791,10,399561,2,45575,4,1081497,1,124432,2
2015-02-13,$74 Million,$47.9 Million,0,Jackpot,,,1,1,0,3,31,5000,2,15000,356,500,44,1500,2015,50,226,150,28423,5,3093,15,47210,5,4967,15,403390,2,43281,6,1070105,1,115833,3
2015-02-17,$88 Million,$56.5 Million,0,Jackpot,,,1,1,0,5,21,5000,1,25000,321,500,33,2500,1537,50,145,250,22444,5,2428,25,35865,5,3795,25,315338,2,33797,10,866944,1,95038,5
2015-02-20,$100 Million,$64.1 Million,0,Jackpot,,,0,1,0,3,37,5000,1,15000,458,500,47,1500,2889,50,333,150,39521,5,4527,15,60426,5,6834,15,474648,2,52759,6,1196951,1,128626,3
2015-02-24,$112 Million,$71.8 Million,0,Jackpot,,,1,1,0,3,38,5000,5,15000,460,500,45,1500,2398,50,260,150,33706,5,3536,15,54797,5,5532,15,447452,2,45784,6,1173429,1,120299,3
2015-02-27,$127 Million,$82.2 Million,1,Jackpot,,,1,1,0,2,29,5000,3,10000,453,500,37,1000,2298,50,212,100,32453,5,3196,10,53298,5,5165,10,478358,2,48684,4,1304471,1,132847,2
2015-03-03,$15 Million,$9.6 Million,0,Jackpot,,,0,1,0,4,20,5000,0,20000,336,500,49,2000,1637,50,188,200,22716,5,2780,20,38465,5,4828,20,304980,2,38063,8,745018,1,90293,4
2015-03-06,$20 Million,$12.5 Million,0,Jackpot,,,0,1,0,3,14,5000,2,15000,243,500,27,1500,1326,50,169,150,17759,5,2055,15,29647,5,3410,15,270189,2,31965,6,794317,1,96679,3
2015-03-10,$25 Million,$15.9 Million,0,Jackpot,,,1,1,0,5,25,5000,6,25000,372,500,46,2500,1818,50,240,250,25864,5,3347,25,36504,5,4617,25,278051,2,33511,10,677817,1,78413,5
2015-03-13,$33 Million,$21.0 Million,0,Jackpot,,,0,1,0,5,22,5000,3,25000,387,500,54,2500,1795,50,214,250,26202,5,3006,25,40748,5,4837,25,321860,2,38344,10,801178,1,94647,5
2015-03-17,$42 Million,$27.1 Million,0,Jackpot,,,1,1,1,5,20,5000,1,25000,328,500,44,2500,1671,50,205,250,23265,5,2804,25,38313,5,4473,25,314257,2,37101,10,792507,1,92023,5
2015-03-20,$51 Million,$33.6 Million,0,Jackpot,,,0,1,0,4,20,5000,2,20000,295,500,31,2000,1537,50,171,200,20131,5,2197,20,37022,5,4317,20,346993,2,42378,8,943487,1,112067,4
2015-03-24,$59 Million,$38.9 Million,1,Jackpot,,,3,1,1,2,35,5000,4,10000,360,500,39,1000,1700,50,198,100,24309,5,2813,10,39215,5,4510,10,320354,2,37529,4,815702,1,94039,2
2015-03-27,$15 Million,$9.8 Million,0,Jackpot,,,2,1,0,5,23,5000,2,25000,259,500,27,2500,1253,50,149,250,17915,5,2054,25,31141,5,3654,25,270570,2,31965,10,724961,1,86420,5
2015-03-31,$20 Million,$13.1 Million,0,Jackpot,,,2,1,0,5,16,5000,0,25000,217,500,21,2500,1211,50,148,250,16714,5,1945,25,29939,5,3766,25,266328,2,33429,10,720677,1,90908,5
2015-04-03,$25 Million,$16.5 Million,0,Jackpot,,,1,1,1,5,16,5000,3,25000,253,500,28,2500,1166,50,127,250,18051,5,2175,25,29557,5,3469,25,261478,2,30715,10,714150,1,85466,5
2015-04-07,$30 Million,$19.5 Million,0,Jackpot,,,1,1,0,4,32,5000,1,20000,382,500,48,2000,1614,50,192,200,24479,5,3116,20,34982,5,4178,20,277525,2,33497,8,688194,1,82085,4
2015-04-10,$39 Million,$25.4 Million,0,Jackpot,,,0,1,0,2,25,5000,2,10000,281,500,37,1000,1580,50,211,100,21043,5,2491,10,37089,5,4679,10,306657,2,38067,4,778197,1,96170,2
2015-04-14,$47 Million,$30.9 Million,0,Jackpot,,,0,1,0,5,17,5000,1,25000,279,500,19,2500,1704,50,229,250,23173,5,2950,25,39913,5,5104,25,311655,2,37885,10,757385,1,88401,5
2015-04-17,$55 Million,$35.8 Million,0,Jackpot,,,1,1,0,2,34,5000,5,10000,386,500,42,1000,1816,50,217,100,24311,5,2744,10,40990,5,4671,10,328101,2,38335,4,823783,1,94942,2
2015-04-21,$65 Million,$42.3 Million,0,Jackpot,,,3,1,0,5,24,5000,4,25000,319,500,39,2500,1533,50,194,250,21897,5,2470,25,36444,5,4240,25,312048,2,36316,10,853652,1,101506,5
2015-04-24,$74 Million,$47.8 Million,0,Jackpot,,,1,1,0,4,16,5000,1,20000,375,500,54,2000,1781,50,225,200,25273,5,3047,20,41544,5,4678,20,345489,2,38441,8,886873,1,98937,4
2015-04-28,$85 Million,$54.7 Million,0,Jackpot,,,2,1,1,5,24,5000,0,25000,333,500,38,2500,1698,50,183,250,22314,5,2363,25,38959,5,4374,25,340177,2,39020,10,922622,1,106635,5
2015-05-01,$96 Million,$60.4 Million,0,Jackpot,,,1,1,0,3,25,5000,4,15000,354,500,33,1500,1740,50,178,150,24065,5,2661,15,42006,5,4566,15,380682,2,42778,6,1045772,1,119387,3
2015-05-05,$110 Million,$68.1 Million,0,Jackpot,,,1,1,0,5,37,5000,1,25000,393,500,33,2500,2301,50,236,250,29185,5,2938,25,56167,5,6365,25,463726,2,51084,10,1214605,1,133770,5
2015-05-08,$126 Million,$78.5 Million,0,Jackpot,,,2,1,0,3,21,5000,1,15000,414,500,44,1500,2457,50,276,150,32497,5,3284,15,60606,5,6539,15,511721,2,55766,6,1301315,1,138800,3
2015-05-12,$140 Million,$84.4 Million,0,Jackpot,,,2,1,0,5,33,5000,3,25000,594,500,59,2500,2414,50,227,250,36831,5,3477,25,54776,5,5297,25,453793,2,43791,10,1189432,1,116285,5
2015-05-15,$159 Million,$97.4 Million,0,Jackpot,,,2,1,0,5,47,5000,9,25000,588,500,64,2500,3183,50,333,250,44176,5,4757,25,68533,5,7394,25,550416,2,57079,10,1398179,1,143075,5
2015-05-19,$173 Million,$104.4 Million,0,Jackpot,,,1,1,0,5,40,5000,4,25000,760,500,80,2500,3713,50,462,250,49710,5,5326,25,76496,5,8342,25,585490,2,59957,10,1445079,1,142354,5
2015-05-22,$194 Million,$118.4 Million,0,Jackpot,,,2,1,0,5,70,5000,11,25000,810,500,89,2500,4055,50,416,250,55404,5,5880,25,84881,5,8521,25,666307,2,66225,10,1663552,1,161070,5
2015-05-26,$214 Million,$131.4 Million,0,Jackpot,,,2,1,0,4,47,5000,5,20000,606,500,46,2000,2934,50,272,200,42013,5,3926,20,68771,5,6402,20,608276,2,59000,8,1675643,1,164883,4
2015-05-29,$233 Million,$145.3 Million,0,Jackpot,,,2,1,0,4,61,5000,3,20000,765,500,71,2000,3684,50,311,200,54838,5,4916,20,87162,5,7969,20,742799,2,67376,8,1964819,1,177786,4
2015-06-02,$260 Million,$158.5 Million,1,Jackpot,,,14,1,0,4,178,5000,19,20000,2595,500,304,2000,7685,50,864,200,106791,5,12347,20,124480,5,12587,20,883691,2,83142,8,2161301,1,195811,4
2015-06-05,$15 Million,$9.0 Million,0,Jackpot,,,1,1,0,4,29,5000,4,20000,421,500,47,2000,1845,50,251,200,26470,5,3297,20,40021,5,4859,20,315638,2,37369,8,776779,1,91716,4
2015-06-09,$20 Million,$11.8 Million,0,Jackpot,,,1,1,0,5,33,5000,3,25000,496,500,54,2500,2506,50,325,250,29068,5,3853,25,46911,5,6156,25,336781,2,43845,10,767578,1,96378,5
2015-06-12,$26 Million,$15.6 Million,0,Jackpot,,,2,1,1,5,12,5000,2,25000,220,500,28,2500,1244,50,150,250,17737,5,2099,25,29042,5,3267,25,259520,2,30299,10,716206,1,85427,5
2015-06-16,$35 Million,$21.1 Million,0,Jackpot,,,0,1,0,2,23,5000,1,10000,307,500,34,1000,1458,50,178,100,22402,5,2808,10,33343,5,4196,10,270951,2,33347,4,686203,1,83489,2
2015-06-19,$44 Million,$26.6 Million,0,Jackpot,,,0,1,0,3,35,5000,5,15000,736,500,79,1500,1455,50,158,150,19947,5,2396,15,34087,5,3919,15,302987,2,35977,6,806186,1,97563,3
2015-06-23,$52 Million,$30.8 Million,0,Jackpot,,,1,1,0,5,21,5000,2,25000,314,500,51,2500,1388,50,163,250,20506,5,2332,25,32831,5,3737,25,284324,2,32625,10,751348,1,86428,5
2015-06-26,$64 Million,$37.8 Million,0,Jackpot,,,1,1,0,5,28,5000,5,25000,358,500,47,2500,1884,50,238,250,25909,5,3055,25,42818,5,5248,25,339542,2,41208,10,848869,1,101791,5
2015-06-30,$74 Million,$44.6 Million,0,Jackpot,,,1,1,1,4,28,5000,2,20000,389,500,39,2000,1923,50,219,200,26471,5,3181,20,42162,5,5251,20,342774,2,41829,8,868843,1,104530,4
2015-07-03,$84 Million,$49.6 Million,0,Jackpot,,,1,1,0,4,19,5000,2,20000,307,500,36,2000,1611,50,158,200,22073,5,2537,20,37605,5,4213,20,333521,2,38414,8,1001079,1,120279,4
2015-07-07,$96 Million,$58.4 Million,0,Jackpot,,,1,1,1,3,26,5000,2,15000,480,500,66,1500,2083,50,235,150,32799,5,4017,15,43611,5,4952,15,352720,2,40319,6,890967,1,100840,3
2015-07-10,$106 Million,$62.6 Million,0,Jackpot,,,2,1,1,3,35,5000,6,15000,499,500,51,1500,2279,50,249,150,32040,5,3526,15,51479,5,5637,15,434416,2,47330,6,1148239,1,124595,3
2015-07-14,$123 Million,$72.6 Million,0,Jackpot,,,2,1,0,3,27,5000,4,15000,448,500,48,1500,2422,50,263,150,33978,5,3552,15,57388,5,6042,15,472837,2,50693,6,1194887,1,126343,3
2015-07-17,$140 Million,$84.3 Million,0,Jackpot,,,1,1,0,3,41,5000,8,15000,603,500,69,1500,2961,50,325,150,42073,5,4635,15,64755,5,7339,15,509453,2,55019,6,1266175,1,132945,3
2015-07-21,$152 Million,$91.0 Million,1,Jackpot,,,2,1,0,5,25,5000,4,25000,444,500,39,2500,2265,50,219,250,32358,5,3096,25,53330,5,5325,25,459930,2,46490,10,1261848,1,130134,5
2015-07-24,$15 Million,$9.2 Million,0,Jackpot,,,1,1,1,5,18,5000,0,25000,277,500,32,2500,1470,50,188,250,20626,5,2683,25,35012,5,4626,25,287881,2,36816,10,737360,1,93750,5
2015-07-28,$20 Million,$12.2 Million,0,Jackpot,,,0,1,0,5,31,5000,4,25000,217,500,19,2500,1132,50,146,250,15692,5,1866,25,27404,5,3311,25,255054,2,31587,10,714982,1,89739,5
2015-07-31,$25 Million,$15.4 Million,1,Jackpot,,,1,1,0,4,19,5000,2,20000,313,500,44,2000,1420,50,169,200,19749,5,2348,20,32934,5,3978,20,275837,2,34117,8,730777,1,91205,4
2015-08-04,$15 Million,$9.3 Million,0,Jackpot,,,3,1,1,2,64,5000,11,10000,236,500,41,1000,1376,50,174,100,18195,5,2367,10,28639,5,3706,10,239413,2,30263,4,613399,1,76480,2
2015-08-07,$20 Million,$9.3 Million,0,Jackpot,,,2,1,0,3,18,5000,2,15000,230,500,34,1500,1171,50,139,150,15981,5,1872,15,27082,5,3204,15,250512,2,30204,6,713370,1,87775,3
2015-08-11,$25 Million,$15.7 Million,0,Jackpot,,,0,1,0,4,15,5000,3,20000,230,500,29,2000,1492,50,198,200,19965,5,2592,20,35394,5,4626,20,278252,2,34578,8,681816,1,81774,4
2015-08-14,$30 Million,$18.7 Million,0,Jackpot,,,0,1,0,4,21,5000,3,20000,283,500,35,2000,1469,50,172,200,20838,5,2551,20,35194,5,4372,20,289411,2,35921,8,733572,1,90298,4
2015-08-18,$39 Million,$24.4 Million,0,Jackpot,,,1,1,0,3,24,5000,4,15000,297,500,31,1500,1698,50,202,150,21958,5,2715,15,36821,5,4469,15,288773,2,35049,6,707586,1,84964,3
2015-08-21,$47 Million,$29.8 Million,0,Jackpot,,,1,1,0,5,22,5000,4,25000,307,500,38,2500,1358,50,141,250,21743,5,2670,25,32208,5,3726,25,264548,2,30890,10,689552,1,79996,5
2015-08-25,$55 Million,$34.6 Million,0,Jackpot,,,0,1,0,5,10,5000,2,25000,268,500,30,2500,1167,50,131,250,18715,5,2180,25,28925,5,3208,25,257070,2,29377,10,701262,1,81279,5
2015-08-28,$64 Million,$39.9 Million,0,Jackpot,,,1,1,0,4,22,5000,1,20000,286,500,38,2000,1396,50,138,200,19444,5,2309,20,33217,5,3772,20,296330,2,34126,8,837733,1,99044,4
2015-09-01,$74 Million,$45.6 Million,0,Jackpot,,,0,1,0,5,22,5000,3,25000,346,500,32,2500,1685,50,224,250,23889,5,2692,25,40297,5,4995,25,326818,2,40202,10,828330,1,101260,5
2015-09-04,$85 Million,$52.6 Million,0,Jackpot,,,1,1,0,5,18,5000,3,25000,349,500,45,2500,1766,50,216,250,24791,5,2826,25,41043,5,4801,25,344608,2,40473,10,895983,1,104727,5
2015-09-08,$95 Million,$58.6 Million,0,Jackpot,,,1,1,0,3,26,5000,0,15000,378,500,49,1500,1849,50,189,150,23579,5,2758,15,43818,5,5380,15,359198,2,44860,6,912608,1,112235,3
2015-09-11,$106 Million,$65.5 Million,1,Jackpot,,,1,1,0,2,23,5000,3,10000,382,500,42,1000,2035,50,221,100,29827,5,3369,10,45706,5,5183,10,374450,2,41104,4,956738,1,103779,2
2015-09-15,$15 Million,$9.2 Million,0,Jackpot,,,0,1,0,4,25,5000,3,20000,266,500,28,2000,1401,50,178,200,19294,5,2425,20,31965,5,3924,20,264196,2,32420,8,667131,1,81581,4
2015-09-18,$20 Million,$12.3 Million,0,Jackpot,,,3,1,0,3,15,5000,0,15000,270,500,29,1500,1365,50,177,150,17835,5,2151,15,33256,5,3995,15,294258,2,37251,6,790360,1,101708,3
2015-09-22,$25 Million,$15.4 Million,0,Jackpot,,,0,1,0,5,16,5000,3,25000,239,500,49,2500,1372,50,183,250,19093,5,2236,25,32341,5,3935,25,263215,2,31916,10,691777,1,84533,5
2015-09-25,$31 Million,$19.1 Million,0,Jackpot,,,1,1,0,5,17,5000,0,25000,260,500,39,2500,1385,50,153,250,20267,5,2565,25,32198,5,3964,25,275488,2,32983,10,712877,1,85947,5
2015-09-29,$39 Million,$24.5 Million,0,Jackpot,,,1,1,0,3,12,5000,3,15000,278,500,38,1500,1411,50,171,150,19221,5,2347,15,32930,5,3938,15,284868,2,34564,6,746977,1,90472,3
2015-10-02,$47 Million,$30.0 Million,0,Jackpot,,,3,1,1,2,22,5000,3,10000,406,500,53,1000,2040,50,280,100,27130,5,3332,10,41024,5,4855,10,319930,2,38474,4,787433,1,93760,2
2015-10-06,$55 Million,$34.3 Million,0,Jackpot,,,0,1,0,3,21,5000,3,15000,248,500,28,1500,1225,50,142,150,17463,5,1962,15,29243,5,3328,15,269255,2,32059,6,800183,1,98550,3
2015-10-09,$65 Million,$40.4 Million,0,Jackpot,,,3,1,0,4,25,5000,1,20000,315,500,28,2000,1605,50,188,200,23051,5,2766,20,36347,5,4337,20,301413,2,34554,8,763711,1,86015,4
2015-10-13,$75 Million,$47.1 Million,0,Jackpot,,,0,1,0,5,28,5000,4,25000,445,500,54,2500,1665,50,198,250,28778,5,3625,25,37735,5,4297,25,294068,2,33236,10,728654,1,81827,5
2015-10-16,$84 Million,$53.1 Million,0,Jackpot,,,1,1,0,3,19,5000,2,15000,321,500,27,1500,1527,50,141,150,21127,5,2275,15,35471,5,3854,15,314430,2,34101,6,875397,1,98046,3
2015-10-20,$93 Million,$58.1 Million,0,Jackpot,,,0,1,0,4,28,5000,2,20000,404,500,41,2000,1766,50,201,200,25604,5,2955,20,40626,5,4531,20,336064,2,37131,8,864527,1,95032,4
2015-10-23,$105 Million,$65.7 Million,0,Jackpot,,,0,1,0,5,32,5000,6,25000,375,500,42,2500,1948,50,202,250,27526,5,2868,25,41932,5,4276,25,359960,2,36932,10,972727,1,101167,5
2015-10-27,$117 Million,$73.9 Million,0,Jackpot,,,0,1,0,3,37,5000,3,15000,447,500,49,1500,2261,50,263,150,33638,5,3829,15,51675,5,5637,15,407685,2,42275,6,1027226,1,104568,3
2015-10-30,$129 Million,$80.3 Million,0,Jackpot,,,1,1,1,5,24,5000,4,25000,403,500,45,2500,2160,50,234,250,31076,5,3183,25,50168,5,5255,25,429509,2,45776,10,1178497,1,127599,5
2015-11-03,$144 Million,$89.3 Million,0,Jackpot,,,0,1,0,5,29,5000,1,25000,444,500,39,2500,2175,50,202,250,30901,5,3006,25,52550,5,5363,25,452862,2,47068,10,1236370,1,130521,5
2015-11-06,$164 Million,$98.9 Million,0,Jackpot,,,1,1,0,3,27,5000,3,15000,505,500,53,1500,2484,50,232,150,35509,5,3670,15,59754,5,6186,15,509675,2,52470,6,1348754,1,138469,3
2015-11-10,$180 Million,$108.0 Million,0,Jackpot,,,3,1,0,4,45,5000,6,20000,578,500,66,2000,2909,50,305,200,41691,5,4482,20,66661,5,6956,20,543938,2,55012,8,1377576,1,135609,4
2015-11-13,$200 Million,$121.0 Million,1,Jackpot,,,2,1,0,5,63,5000,5,25000,705,500,55,2500,3888,50,376,250,53481,5,5296,25,90335,5,9078,25,735794,2,72045,10,1881820,1,180895,5
2015-11-17,$15 Million,$9.0 Million,0,Jackpot,,,1,1,0,3,30,5000,11,15000,379,500,46,1500,1737,50,234,150,24335,5,3166,15,34642,5,4444,15,269181,2,33542,6,667605,1,81760,3
2015-11-20,$20 Million,$12.2 Million,0,Jackpot,,,2,1,0,2,23,5000,2,10000,301,500,48,1000,1617,50,194,100,22191,5,2801,10,37083,5,4712,10,292186,2,37005,4,711669,1,87633,2
2015-11-24,$25 Million,$15.2 Million,0,Jackpot,,,1,1,0,4,20,5000,2,20000,249,500,39,2000,1510,50,185,200,20250,5,2517,20,34028,5,4195,20,275756,2,33784,8,686303,1,83194,4
2015-11-27,$31 Million,$18.9 Million,0,Jackpot,,,1,1,0,3,17,5000,3,15000,220,500,35,1500,1190,50,157,150,16727,5,2084,15,27953,5,3435,15,244086,2,30521,6,656309,1,82626,3
2015-12-01,$39 Million,$23.9 Million,0,Jackpot,,,1,1,0,2,16,5000,3,10000,333,500,44,1000,1623,50,193,100,23581,5,3038,10,37140,5,4859,10,286686,2,35987,4,698231,1,85137,2
2015-12-04,$47 Million,$28.5 Million,0,Jackpot,,,2,1,0,5,20,5000,1,25000,248,500,27,2500,1301,50,170,250,18915,5,2197,25,32148,5,3914,25,277772,2,33117,10,781338,1,95356,5
2015-12-08,$57 Million,$35.1 Million,0,Jackpot,,,1,1,0,3,23,5000,2,15000,318,500,37,1500,1622,50,224,150,24000,5,2991,15,36191,5,4406,15,305016,2,37667,6,772264,1,93749,3
2015-12-11,$66 Million,$41.1 Million,0,Jackpot,,,2,1,0,4,26,5000,2,20000,294,500,36,2000,1471,50,163,200,20413,5,2360,20,35148,5,3986,20,309442,2,36455,8,829744,1,98251,4
2015-12-15,$74 Million,$45.4 Million,0,Jackpot,,,1,1,1,5,20,5000,2,25000,281,500,32,2500,1540,50,187,250,20945,5,2491,25,36120,5,4286,25,308460,2,36507,10,813170,1,95749,5
2015-12-18,$85 Million,$52.7 Million,0,Jackpot,,,2,1,0,5,31,5000,5,25000,398,500,47,2500,2211,50,290,250,27462,5,3284,25,48096,5,6139,25,380154,2,47333,10,941055,1,115127,5
2015-12-22,$94 Million,$58.2 Million,0,Jackpot,,,2,1,1,3,32,5000,2,15000,336,500,41,1500,1819,50,205,150,25428,5,2963,15,43084,5,5171,15,362116,2,42754,6,941674,1,111125,3
2015-12-25,$104 Million,$63.6 Million,0,Jackpot,,,0,1,0,4,28,5000,2,20000,399,500,47,2000,1955,50,225,200,28034,5,3032,20,44283,5,4897,20,357297,2,38599,8,908898,1,96385,4
2015-12-29,$117 Million,$72.0 Million,0,Jackpot,,,1,1,0,3,27,5000,2,15000,370,500,44,1500,1972,50,205,150,26460,5,2725,15,48568,5,5329,15,435006,2,49551,6,1196806,1,136303,3
2016-01-01,$130 Million,$78.9 Million,0,Jackpot,,,0,1,0,5,61,5000,7,25000,591,500,64,2500,2701,50,330,250,35978,5,4147,25,57144,5,6449,25,463017,2,52106,10,1150413,1,127229,5
2016-01-05,$145 Million,$88.1 Million,0,Jackpot,,,2,1,0,5,32,5000,2,25000,564,500,57,2500,2825,50,324,250,39881,5,4120,25,68474,5,7473,25,569059,2,61564,10,1474642,1,158135,5
2016-01-08,$165 Million,$101.5 Million,1,Jackpot,,,2,1,0,5,53,5000,4,25000,724,500,66,2500,3307,50,327,250,48970,5,4917,25,77262,5,7523,25,672952,2,66747,10,1813178,1,179527,5
2016-01-12,$15 Million,$9.2 Million,0,Jackpot,,,0,1,0,4,44,5000,7,20000,510,500,66,2000,2606,50,326,200,35632,5,4341,20,56360,5,6923,20,443218,2,52397,8,1112761,1,129338,4
2016-01-15,$22 Million,$13.8 Million,0,Jackpot,,,1,1,0,2,20,5000,3,10000,306,500,36,1000,1707,50,173,100,23741,5,2580,10,39573,5,4463,10,351586,2,40139,4,995072,1,116820,2
2016-01-19,$30 Million,$18.8 Million,0,Jackpot,,,2,1,0,2,29,5000,3,10000,365,500,43,1000,1697,50,228,100,23763,5,3161,10,38259,5,4804,10,296905,2,36944,4,730190,1,88633,2
2016-01-22,$39 Million,$24.4 Million,0,Jackpot,,,0,1,0,5,16,5000,0,25000,324,500,43,2500,1405,50,162,250,20319,5,2444,25,33768,5,4126,25,292047,2,36401,10,764657,1,94395,5
2016-01-26,$48 Million,$30.4 Million,0,Jackpot,,,2,1,1,2,18,5000,1,10000,268,500,39,1000,1259,50,146,100,18301,5,2220,10,28351,5,3435,10,245900,2,30136,4,655356,1,80765,2
2016-01-29,$56 Million,$35.6 Million,0,Jackpot,,,1,1,0,2,46,5000,4,10000,421,500,56,1000,1483,50,183,100,20805,5,2542,10,33285,5,3975,10,284564,2,33800,4,759703,1,91456,2
2016-02-02,$63 Million,$40.5 Million,0,Jackpot,,,0,1,0,4,18,5000,3,20000,329,500,42,2000,1803,50,234,200,23926,5,3137,20,38159,5,4781,20,307873,2,38062,8,772930,1,94569,4
2016-02-05,$71 Million,$45.7 Million,0,Jackpot,,,0,1,0,3,18,5000,2,15000,312,500,33,1500,1504,50,168,150,23147,5,2928,15,35433,5,4304,15,289244,2,34672,6,735040,1,87795,3
2016-02-09,$80 Million,$52.5 Million,0,Jackpot,,,2,1,1,4,14,5000,0,20000,269,500,35,2000,1347,50,143,200,19098,5,2125,20,33017,5,3817,20,298978,2,36763,8,803408,1,99545,4
2016-02-12,$87 Million,$57.7 Million,0,Jackpot,,,0,1,0,3,22,5000,5,15000,285,500,35,1500,1382,50,163,150,20433,5,2520,15,33652,5,4154,15,283658,2,35017,6,729647,1,87197,3
2016-02-16,$94 Million,$61.5 Million,0,Jackpot,,,1,1,0,3,20,5000,3,15000,258,500,20,1500,1463,50,157,150,20312,5,2430,15,33489,5,3981,15,290129,2,35365,6,750655,1,90978,3
2016-02-19,$104 Million,$68.5 Million,0,Jackpot,,,0,1,0,4,19,5000,2,20000,352,500,35,2000,1610,50,174,200,23244,5,2750,20,38642,5,4393,20,333812,2,38722,8,890134,1,103609,4
2016-02-23,$114 Million,$74.4 Million,0,Jackpot,,,1,1,0,5,21,5000,5,25000,372,500,46,2500,1763,50,220,250,24097,5,2737,25,38942,5,4500,25,333407,2,38774,10,914112,1,108485,5
2016-02-26,$125 Million,$81.8 Million,0,Jackpot,,,0,1,0,4,24,5000,2,20000,320,500,39,2000,1686,50,202,200,25359,5,3082,20,40120,5,4746,20,336992,2,39966,8,872287,1,101973,4
2016-03-01,$135 Million,$88.5 Million,0,Jackpot,,,4,1,1,5,28,5000,4,25000,332,500,31,2500,1853,50,199,250,26540,5,3090,25,42475,5,4835,25,357223,2,41512,10,917623,1,106135,5
2016-03-04,$144 Million,$93.5 Million,0,Jackpot,,,1,1,0,4,29,5000,5,20000,356,500,37,2000,1901,50,216,200,27062,5,3047,20,43517,5,5154,20,372578,2,42762,8,980374,1,112773,4
2016-03-08,$157 Million,$102.8 Million,1,Jackpot,,,2,1,1,5,25,5000,3,25000,381,500,48,2500,1914,50,203,250,26688,5,2937,25,45120,5,5017,25,393960,2,44165,10,1103980,1,126711,5
2016-03-11,$15 Million,$9.6 Million,0,Jackpot,,,1,1,0,4,15,5000,1,20000,237,500,37,2000,1192,50,152,200,16741,5,2025,20,28945,5,3909,20,251215,2,33630,8,696694,1,93916,4
2016-03-15,$20 Million,$12.9 Million,0,Jackpot,,,1,1,0,4,12,5000,0,20000,225,500,26,2000,1454,50,168,200,17927,5,2355,20,32591,5,4386,20,272524,2,36820,8,717825,1,98926,4
2016-03-18,$25 Million,$16.2 Million,0,Jackpot,,,0,1,0,5,17,5000,2,25000,217,500,25,2500,1246,50,148,250,16247,5,2029,25,30244,5,4209,25,259007,2,34561,10,681938,1,91325,5
2016-03-22,$30 Million,$19.4 Million,0,Jackpot,,,1,1,1,5,18,5000,2,25000,257,500,30,2500,1229,50,149,250,18422,5,2356,25,30229,5,4008,25,253940,2,33196,10,653575,1,85281,5
2016-03-25,$35 Million,$22.7 Million,0,Jackpot,,,0,1,0,2,26,5000,3,10000,373,500,47,1000,1770,50,290,100,24835,5,3375,10,37499,5,5296,10,275751,2,37474,4,646913,1,83767,2
2016-03-29,$43 Million,$28.1 Million,0,Jackpot,,,0,1,0,5,16,5000,1,25000,249,500,24,2500,1251,50,163,250,16964,5,2007,25,28829,5,3624,25,247492,2,32094,10,698941,1,94564,5
2016-04-01,$50 Million,$32.6 Million,0,Jackpot,,,1,1,1,2,27,5000,3,10000,261,500,43,1000,1351,50,156,100,19430,5,2458,10,30942,5,3864,10,265922,2,33613,4,699775,1,88636,2
2016-04-05,$57 Million,$37.5 Million,0,Jackpot,,,0,1,0,5,12,5000,2,25000,238,500,32,2500,1259,50,196,250,17150,5,2080,25,29187,5,3817,25,255443,2,32262,10,713103,1,91711,5
2016-04-08,$65 Million,$42.9 Million,0,Jackpot,,,0,1,0,3,22,5000,2,15000,258,500,29,1500,1175,50,137,150,17286,5,2085,15,29314,5,3551,15,264354,2,33794,6,773318,1,101604,3
2016-04-12,$72 Million,$47.2 Million,0,Jackpot,,,0,1,0,5,16,5000,4,25000,255,500,24,2500,1330,50,170,250,18337,5,2322,25,34334,5,4443,25,280174,2,35765,10,717248,1,90143,5
2016-04-15,$80 Million,$52.6 Million,0,Jackpot,,,1,1,0,5,23,5000,2,25000,263,500,29,2500,1527,50,190,250,20589,5,2462,25,36444,5,4749,25,308467,2,39604,10,773471,1,96287,5
2016-04-19,$89 Million,$58.3 Million,0,Jackpot,,,1,1,0,5,20,5000,4,25000,278,500,29,2500,1275,50,143,250,18808,5,2228,25,30758,5,3746,25,266922,2,32471,10,702912,1,84954,5
2016-04-22,$97 Million,$62.5 Million,0,Jackpot,,,2,1,0,5,25,5000,4,25000,337,500,53,2500,1830,50,238,250,24461,5,3066,25,39987,5,5340,25,321224,2,41716,10,800843,1,101297,5
2016-04-26,$108 Million,$69.1 Million,0,Jackpot,,,1,1,0,2,29,5000,3,10000,449,500,67,1000,1892,50,258,100,27906,5,3583,10,39397,5,4801,10,311046,2,36703,4,779187,1,90771,2
2016-04-29,$118 Million,$76.0 Million,0,Jackpot,,,0,1,0,5,21,5000,3,25000,318,500,43,2500,1658,50,197,250,23418,5,2769,25,41107,5,4900,25,352264,2,42096,10,908520,1,108716,5
2016-05-03,$128 Million,$83.2 Million,0,Jackpot,,,2,1,0,5,28,5000,1,25000,459,500,63,2500,2043,50,233,250,28110,5,3328,25,47546,5,5756,25,387553,2,47376,10,998878,1,121976,5
2016-05-06,$138 Million,$90.4 Million,0,Jackpot,,,1,1,0,4,46,5000,7,20000,500,500,66,2000,2792,50,310,200,33241,5,3808,20,58287,5,7080,20,466038,2,56557,8,1162783,1,139083,4
2016-05-10,$150 Million,$98.5 Million,0,Jackpot,,,2,1,0,3,20,5000,1,15000,379,500,39,1500,2029,50,228,150,28283,5,3012,15,48278,5,5386,15,411293,2,46921,6,1086115,1,122346,3
2016-05-13,$161 Million,$106.1 Million,0,Jackpot,,,3,1,1,4,22,5000,1,20000,434,500,51,2000,2226,50,229,200,29910,5,3406,20,53744,5,6100,20,472663,2,55445,8,1246015,1,145437,4
2016-05-17,$174 Million,$114.7 Million,0,Jackpot,,,3,1,1,3,26,5000,1,15000,456,500,40,1500,2324,50,277,150,33806,5,3820,15,53927,5,6033,15,441122,2,48159,6,1140950,1,123497,3
2016-05-20,$187 Million,$121.7 Million,0,Jackpot,,,2,1,0,2,36,5000,4,10000,486,500,59,1000,2621,50,308,100,35602,5,4018,10,59835,5,6954,10,487290,2,55357,4,1244717,1,139843,2
2016-05-24,$203 Million,$132.2 Million,0,Jackpot,,,2,1,0,4,28,5000,3,20000,501,500,49,2000,2661,50,271,200,34950,5,3638,20,58695,5,6287,20,517452,2,56600,8,1407951,1,155651,4
2016-05-27,$218 Million,$142.2 Million,0,Jackpot,,,2,1,0,3,45,5000,4,15000,535,500,58,1500,2570,50,272,150,35300,5,3797,15,60197,5,6225,15,529072,2,56538,6,1466970,1,160459,3
2016-05-31,$235 Million,$152.4 Million,0,Jackpot,,,2,1,0,5,29,5000,2,25000,588,500,58,2500,2696,50,321,250,38332,5,4136,25,62273,5,6531,25,525892,2,56008,10,1371112,1,145722,5
2016-06-03,$251 Million,$167.3 Million,0,Jackpot,,,1,1,0,3,38,5000,6,15000,570,500,73,1500,2857,50,296,150,39188,5,4048,15,65067,5,6699,15,566058,2,59276,6,1647744,1,180279,3
2016-06-07,$260 Million,$173.2 Million,0,Jackpot,,,2,1,0,4,37,5000,3,20000,538,500,55,2000,2920,50,278,200,40989,5,4141,20,67116,5,6813,20,582126,2,58934,8,1611390,1,166251,4
2016-06-10,$280 Million,$189.4 Million,0,Jackpot,,,3,1,1,5,47,5000,3,25000,586,500,49,2500,2958,50,320,250,41169,5,4120,25,69465,5,7133,25,616365,2,63929,10,1860563,1,205280,5
2016-06-14,$293 Million,$199.5 Million,0,Jackpot,,,1,1,0,5,60,5000,4,25000,662,500,67,2500,3304,50,336,250,45869,5,4658,25,75568,5,7416,25,648058,2,63674,10,1781080,1,180186,5
2016-06-17,$310 Million,$210.5 Million,0,Jackpot,,,3,1,1,5,65,5000,3,25000,773,500,77,2500,4237,50,428,250,57375,5,5711,25,95406,5,9512,25,790710,2,80485,10,2059799,1,209370,5
2016-06-21,$333 Million,$224.3 Million,0,Jackpot,,,2,1,0,5,64,5000,9,25000,1019,500,96,2500,4846,50,502,250,68737,5,7036,25,109190,5,11006,25,898081,2,89554,10,2315817,1,229435,5
2016-06-24,$363 Million,$247.1 Million,0,Jackpot,,,4,1,1,5,79,5000,7,25000,974,500,109,2500,4851,50,492,250,66047,5,6313,25,115690,5,12186,25,989889,2,105412,10,2593970,1,271944,5
2016-06-28,$390 Million,$270.8 Million,0,Jackpot,,,2,1,0,2,99,5000,9,10000,1191,500,109,1000,6415,50,681,100,81369,5,8278,10,138879,5,14311,10,1118169,2,114951,4,2828028,1,285703,2
2016-07-01,$415 Million,$289.6 Million,0,Jackpot,,,4,1,2,2,127,5000,14,10000,1552,500,156,1000,7606,50,755,100,110212,5,10496,10,173571,5,16489,10,1465067,2,138644,4,3900655,1,372532,2
2016-07-05,$454 Million,$319.7 Million,0,Jackpot,,,7,1,0,5,139,5000,13,25000,1886,500,183,2500,9516,50,905,250,129791,5,11878,25,213774,5,19375,25,1854279,2,171544,10,5131400,1,482686,5
2016-07-08,$540 Million,$381.0 Million,1,Jackpot,,,10,1,3,2,200,5000,22,10000,2854,500,282,1000,15171,50,1454,100,207340,5,19665,10,343997,5,32668,10,2834648,2,266526,4,7278838,1,676548,2
2016-07-12,$15 Million,$10.4 Million,0,Jackpot,,,1,1,0,4,25,5000,4,20000,318,500,36,2000,1760,50,229,200,25293,5,3292,20,40362,5,5112,20,320912,2,40242,8,807999,1,100143,4
2016-07-15,$20 Million,$13.7 Million,0,Jackpot,,,0,1,0,2,25,5000,3,10000,291,500,36,1000,1513,50,192,100,19699,5,2416,10,32173,5,3878,10,286639,2,36085,4,800885,1,102944,2
2016-07-19,$25 Million,$17.2 Million,1,Jackpot,,,1,1,1,5,10,5000,3,25000,263,500,36,2500,1286,50,161,250,18636,5,2375,25,30643,5,3787,25,274783,2,34794,10,763734,1,97470,5
2016-07-22,$15 Million,$10.2 Million,2,Jackpot,,,0,1,0,4,58,5000,8,20000,639,500,104,2000,2752,50,430,200,32207,5,4675,20,47888,5,6854,20,342883,2,47293,8,801889,1,108354,4
2016-07-26,$15 Million,$10.3 Million,0,Jackpot,,,1,1,1,3,22,5000,2,15000,290,500,28,1500,1564,50,214,150,21245,5,2886,15,35360,5,4806,15,286039,2,38247,6,713830,1,94196,3
2016-07-29,$20 Million,$13.9 Million,0,Jackpot,,,1,1,1,5,27,5000,1,25000,435,500,70,2500,2148,50,298,250,29779,5,4162,25,43456,5,5792,25,321116,2,42135,10,761837,1,96778,5
2016-08-02,$25 Million,$17.1 Million,0,Jackpot,,,1,1,0,5,23,5000,5,25000,277,500,41,2500,1527,50,198,250,19787,5,2533,25,35491,5,4812,25,289885,2,38696,10,723876,1,93709,5
2016-08-05,$30 Million,$20.6 Million,0,Jackpot,,,3,1,0,4,26,5000,1,20000,286,500,35,2000,1465,50,195,200,21519,5,2955,20,34302,5,4417,20,287397,2,37092,8,731789,1,92896,4
2016-08-09,$38 Million,$26.1 Million,0,Jackpot,,,2,1,0,5,17,5000,3,25000,281,500,42,2500,1409,50,193,250,22994,5,3096,25,32085,5,4083,25,257137,2,33282,10,644849,1,83215,5
2016-08-12,$45 Million,$31.3 Million,0,Jackpot,,,1,1,0,4,21,5000,1,20000,266,500,45,2000,1371,50,155,200,19353,5,2453,20,32523,5,4188,20,288205,2,37571,8,782465,1,103335,4
2016-08-16,$52 Million,$35.7 Million,0,Jackpot,,,2,1,1,5,19,5000,2,25000,217,500,24,2500,1231,50,150,250,18266,5,2292,25,29904,5,3694,25,269299,2,33773,10,747981,1,94923,5
2016-08-19,$61 Million,$42.0 Million,0,Jackpot,,,0,1,0,5,19,5000,0,25000,243,500,29,2500,1397,50,178,250,18800,5,2295,25,32344,5,4049,25,289199,2,37836,10,826664,1,112387,5
2016-08-23,$69 Million,$47.9 Million,0,Jackpot,,,2,1,0,2,19,5000,2,10000,222,500,22,1000,1281,50,149,100,19208,5,2362,10,31060,5,3878,10,264927,2,33290,4,685994,1,84829,2
2016-08-26,$76 Million,$52.6 Million,0,Jackpot,,,3,1,1,2,27,5000,6,10000,390,500,57,1000,1618,50,210,100,26955,5,3627,10,37585,5,4858,10,294675,2,37555,4,731360,1,91581,2
2016-08-30,$84 Million,$58.2 Million,0,Jackpot,,,0,1,0,4,20,5000,2,20000,245,500,24,2000,1421,50,177,200,19648,5,2375,20,33413,5,4067,20,289770,2,37239,8,809441,1,106002,4
2016-09-02,$92 Million,$63.3 Million,0,Jackpot,,,1,1,0,3,25,5000,4,15000,300,500,34,1500,1627,50,194,150,22115,5,2733,15,37298,5,4628,15,324719,2,41578,6,873884,1,112218,3
2016-09-06,$101 Million,$69.4 Million,0,Jackpot,,,0,1,0,3,14,5000,3,15000,284,500,26,1500,1444,50,179,150,20037,5,2453,15,34418,5,4209,15,304869,2,37913,6,875145,1,109961,3
2016-09-09,$111 Million,$75.1 Million,0,Jackpot,,,3,1,1,4,25,5000,1,20000,328,500,36,2000,1707,50,202,200,24167,5,2792,20,40558,5,4801,20,359586,2,44082,8,968149,1,119522,4
2016-09-13,$122 Million,$82.4 Million,0,Jackpot,,,0,1,0,3,36,5000,5,15000,452,500,37,1500,2196,50,286,150,28100,5,3282,15,47824,5,6219,15,379274,2,48658,6,937645,1,115055,3
2016-09-16,$133 Million,$89.3 Million,1,Jackpot,,,2,1,0,3,30,5000,3,15000,461,500,56,1500,2049,50,238,150,30390,5,3654,15,47768,5,5901,15,383070,2,46577,6,981499,1,119777,3
2016-09-20,$15 Million,$10.1 Million,0,Jackpot,,,0,1,0,5,20,5000,1,25000,204,500,26,2500,1179,50,178,250,15398,5,1969,25,26512,5,3473,25,221479,2,28950,10,586514,1,76544,5
2016-09-23,$20 Million,$13.4 Million,0,Jackpot,,,2,1,0,3,40,5000,7,15000,498,500,82,1500,1789,50,223,150,29360,5,4388,15,32686,5,4444,15,241659,2,31287,6,600714,1,76925,3
2016-09-27,$25 Million,$17.0 Million,0,Jackpot,,,0,1,0,4,18,5000,4,20000,220,500,22,2000,1200,50,163,200,16961,5,2172,20,28375,5,3655,20,241625,2,31877,8,629548,1,82682,4
2016-09-30,$30 Million,$20.6 Million,0,Jackpot,,,0,1,0,5,25,5000,2,25000,269,500,37,2500,1309,50,168,250,17964,5,2310,25,31338,5,4237,25,267887,2,36031,10,715780,1,96841,5
2016-10-04,$35 Million,$23.7 Million,0,Jackpot,,,0,1,0,5,14,5000,2,25000,354,500,30,2500,1088,50,136,250,18517,5,2553,25,26686,5,3369,25,230564,2,29850,10,604687,1,78268,5
2016-10-07,$41 Million,$27.7 Million,0,Jackpot,,,2,1,1,2,19,5000,0,10000,264,500,28,1000,1211,50,154,100,17655,5,2235,10,28101,5,3504,10,241798,2,30160,4,660059,1,84294,2
2016-10-11,$49 Million,$32.3 Million,1,Jackpot,,,3,1,0,2,17,5000,2,10000,286,500,40,1000,1251,50,152,100,18113,5,2376,10,28413,5,3632,10,239418,2,30267,4,680425,1,89156,2
2016-10-14,$15 Million,$9.8 Million,0,Jackpot,,,0,1,0,3,20,5000,1,15000,192,500,35,1500,978,50,124,150,14514,5,1801,15,26551,5,3617,15,237410,2,32298,6,638623,1,85998,3
2016-10-18,$20 Million,$13.1 Million,0,Jackpot,,,1,1,0,2,19,5000,4,10000,223,500,21,1000,1321,50,181,100,15975,5,2113,10,25149,5,3176,10,208999,2,27122,4,535125,1,68593,2
2016-10-21,$25 Million,$16.6 Million,0,Jackpot,,,1,1,0,4,15,5000,1,20000,230,500,24,2000,1211,50,166,200,16256,5,2072,20,27034,5,3407,20,237821,2,30939,8,635639,1,83300,4
2016-10-25,$30 Million,$19.8 Million,0,Jackpot,,,0,1,0,3,20,5000,3,15000,254,500,42,1500,1443,50,210,150,18910,5,2577,15,31675,5,4410,15,251083,2,34655,6,616868,1,83739,3
2016-10-28,$35 Million,$22.7 Million,0,Jackpot,,,1,1,1,5,9,5000,1,25000,246,500,31,2500,1150,50,149,250,16257,5,2074,25,25749,5,3265,25,228397,2,29030,10,609573,1,77730,5
2016-11-01,$40 Million,$25.9 Million,0,Jackpot,,,0,1,0,2,20,5000,3,10000,309,500,47,1000,1494,50,216,100,20522,5,2824,10,32357,5,4471,10,258511,2,35658,4,643162,1,86980,2
2016-11-04,$47 Million,$30.8 Million,0,Jackpot,,,0,1,0,3,14,5000,1,15000,335,500,50,1500,1741,50,241,150,20510,5,2602,15,35069,5,4892,15,281228,2,38064,6,698155,1,90731,3
2016-11-08,$54 Million,$35.2 Million,0,Jackpot,,,1,1,1,4,13,5000,0,20000,223,500,23,2000,1211,50,177,200,16140,5,2052,20,26827,5,3352,20,237891,2,30457,8,718271,1,95234,4
2016-11-11,$65 Million,$40.4 Million,0,Jackpot,,,1,1,1,5,15,5000,1,25000,214,500,24,2500,1305,50,187,250,17722,5,2181,25,30777,5,3950,25,271835,2,36401,10,752731,1,101792,5
2016-11-15,$73 Million,$45.0 Million,0,Jackpot,,,1,1,0,3,22,5000,0,15000,281,500,47,1500,1480,50,197,150,20756,5,2699,15,33157,5,4257,15,271255,2,34266,6,691571,1,88180,3
2016-11-18,$82 Million,$50.2 Million,1,Jackpot,,,2,1,0,5,18,5000,0,25000,244,500,24,2500,1394,50,186,250,19023,5,2368,25,32472,5,4156,25,284894,2,37037,10,808924,1,106360,5
2016-11-22,$15 Million,$9.1 Million,0,Jackpot,,,1,1,0,5,19,5000,3,25000,204,500,30,2500,1077,50,135,250,14158,5,1783,25,25883,5,3489,25,244835,2,34387,10,705924,1,101388,5
2016-11-25,$20 Million,$12.0 Million,0,Jackpot,,,1,1,0,3,11,5000,6,15000,215,500,30,1500,998,50,129,150,14334,5,1918,15,23907,5,3213,15,207689,2,27800,6,626926,1,86618,3
2016-11-29,$25 Million,$15.2 Million,0,Jackpot,,,0,1,0,4,22,5000,2,20000,197,500,23,2000,1161,50,165,200,15057,5,2036,20,26077,5,3496,20,228091,2,30684,8,628317,1,84502,4
2016-12-02,$30 Million,$18.0 Million,0,Jackpot,,,1,1,0,2,16,5000,2,10000,275,500,46,1000,1136,50,148,100,19717,5,2733,10,26783,5,3442,10,225210,2,28956,4,593139,1,77123,2
2016-12-06,$35 Million,$21.1 Million,0,Jackpot,,,1,1,0,4,14,5000,2,20000,236,500,30,2000,1164,50,140,200,16101,5,2049,20,25853,5,3250,20,226508,2,29648,8,643679,1,86278,4
2016-12-09,$43 Million,$25.7 Million,0,Jackpot,,,0,1,0,5,17,5000,3,25000,287,500,31,2500,1161,50,149,250,18000,5,2421,25,26242,5,3119,25,226214,2,28121,10,601571,1,75158,5
2016-12-13,$51 Million,$30.4 Million,0,Jackpot,,,2,1,1,5,19,5000,1,25000,298,500,33,2500,1362,50,167,250,20239,5,2606,25,29662,5,3695,25,239859,2,31135,10,610779,1,77424,5
2016-12-16,$59 Million,$34.9 Million,0,Jackpot,,,1,1,0,5,27,5000,2,25000,325,500,48,2500,1490,50,178,250,22601,5,3163,25,33079,5,4258,25,265620,2,34092,10,657176,1,83539,5
2016-12-20,$67 Million,$39.7 Million,0,Jackpot,,,1,1,0,5,13,5000,0,25000,307,500,34,2500,1292,50,148,250,19992,5,2641,25,30791,5,3840,25,254668,2,31820,10,648192,1,80440,5
2016-12-23,$76 Million,$45.3 Million,0,Jackpot,,,0,1,0,5,26,5000,2,25000,258,500,26,2500,1505,50,185,250,20804,5,2509,25,35576,5,4425,25,313762,2,40122,10,850509,1,109073,5
2016-12-27,$85 Million,$50.5 Million,0,Jackpot,,,2,1,0,4,20,5000,2,20000,304,500,37,2000,1551,50,196,200,22128,5,2805,20,36113,5,4609,20,294595,2,37261,8,748646,1,94706,4
2016-12-30,$96 Million,$57.6 Million,0,Jackpot,,,2,1,2,2,24,5000,4,10000,394,500,52,1000,1663,50,177,100,26683,5,3253,10,39115,5,4607,10,322991,2,38691,4,828750,1,99898,2
2017-01-03,$105 Million,$62.6 Million,0,Jackpot,,,0,1,0,2,20,5000,1,10000,335,500,44,1000,1797,50,212,100,25738,5,3089,10,41331,5,5061,10,343296,2,41646,4,890700,1,107244,2
2017-01-06,$117 Million,$71.1 Million,0,Jackpot,,,0,1,0,5,25,5000,3,25000,370,500,41,2500,1961,50,222,250,26711,5,3175,25,44711,5,5373,25,364057,2,42729,10,914828,1,104861,5
2017-01-10,$126 Million,$76.7 Million,0,Jackpot,,,0,1,0,5,29,5000,7,25000,391,500,44,2500,1783,50,228,250,25613,5,3054,25,42808,5,5383,25,357945,2,44017,10,926727,1,112806,5
2017-01-13,$137 Million,$82.8 Million,0,Jackpot,,,0,1,0,3,23,5000,0,15000,375,500,45,1500,1861,50,205,150,25348,5,2826,15,42232,5,4678,15,379738,2,45062,6,1067431,1,129310,3
2017-01-17,$150 Million,$91.1 Million,0,Jackpot,,,0,1,0,5,20,5000,1,25000,370,500,37,2500,1933,50,244,250,26258,5,2944,25,42517,5,4872,25,371474,2,42710,10,1007808,1,117302,5
2017-01-20,$162 Million,$97.0 Million,0,Jackpot,,,3,1,0,3,30,5000,3,15000,550,500,71,1500,2289,50,254,150,35954,5,4574,15,50993,5,5957,15,400677,2,45875,6,1002823,1,111770,3
2017-01-24,$177 Million,$107.0 Million,0,Jackpot,,,2,1,0,4,29,5000,3,20000,412,500,58,2000,2002,50,229,200,27852,5,3046,20,46742,5,5077,20,413861,2,46158,8,1132284,1,128342,4
2017-01-27,$188 Million,$112.3 Million,1,Jackpot,,,0,1,0,3,36,5000,8,15000,465,500,47,1500,2424,50,228,150,32566,5,3398,15,54777,5,5963,15,462078,2,49493,6,1248370,1,136367,3
2017-01-31,$15 Million,$8.9 Million,0,Jackpot,,,0,1,0,3,17,5000,1,15000,243,500,23,1500,1219,50,166,150,17173,5,2217,15,28750,5,3689,15,244166,2,32227,6,637227,1,83861,3
2017-02-03,$20 Million,$12.0 Million,0,Jackpot,,,0,1,0,5,24,5000,4,25000,322,500,55,2500,1639,50,211,250,23058,5,3242,25,36013,5,5123,25,270500,2,36293,10,657688,1,85137,5
2017-02-07,$25 Million,$15.0 Million,0,Jackpot,,,2,1,0,5,6,5000,0,25000,233,500,25,2500,1139,50,151,250,16085,5,2034,25,27438,5,3635,25,239805,2,32158,10,645848,1,87550,5
2017-02-10,$30 Million,$18.1 Million,0,Jackpot,,,1,1,0,5,23,5000,2,25000,210,500,26,2500,1124,50,150,250,16300,5,2135,25,25902,5,3418,25,224824,2,29409,10,647474,1,86457,5
2017-02-14,$38 Million,$22.9 Million,0,Jackpot,,,1,1,0,5,21,5000,5,25000,257,500,40,2500,1378,50,201,250,20295,5,2735,25,34355,5,4896,25,273834,2,38048,10,690508,1,93594,5
2017-02-17,$46 Million,$27.8 Million,0,Jackpot,,,0,1,0,5,15,5000,1,25000,245,500,43,2500,1251,50,147,250,17093,5,2191,25,28957,5,3773,25,264542,2,34312,10,758312,1,100709,5
2017-02-21,$55 Million,$33.0 Million,0,Jackpot,,,1,1,0,5,25,5000,4,25000,277,500,39,2500,1512,50,187,250,21383,5,2847,25,37190,5,5186,25,301878,2,41267,10,761681,1,101574,5
2017-02-24,$64 Million,$38.9 Million,0,Jackpot,,,0,1,0,3,22,5000,3,15000,467,500,67,1500,1564,50,180,150,23289,5,2924,15,36018,5,4561,15,301925,2,37979,6,787503,1,99981,3
2017-02-28,$73 Million,$44.5 Million,0,Jackpot,,,2,1,0,2,22,5000,7,10000,299,500,38,1000,1424,50,169,100,20579,5,2610,10,33194,5,4007,10,291767,2,36100,4,808169,1,102277,2
2017-03-03,$83 Million,$49.7 Million,0,Jackpot,,,0,1,0,5,20,5000,2,25000,367,500,65,2500,1777,50,222,250,23881,5,3060,25,39713,5,5066,25,332439,2,41699,10,880189,1,111040,5
2017-03-07,$94 Million,$56.1 Million,0,Jackpot,,,2,1,0,3,27,5000,2,15000,331,500,38,1500,1666,50,204,150,22904,5,2797,15,39382,5,4914,15,338661,2,43214,6,885909,1,112761,3
2017-03-10,$106 Million,$62.5 Million,0,Jackpot,,,1,1,0,5,25,5000,5,25000,308,500,40,2500,1720,50,201,250,24348,5,2762,25,40445,5,4711,25,358523,2,43687,10,1007397,1,125168,5
2017-03-14,$119 Million,$70.0 Million,0,Jackpot,,,1,1,0,3,26,5000,2,15000,369,500,43,1500,1953,50,257,150,26552,5,3388,15,43513,5,5816,15,350467,2,45002,6,897052,1,114424,3
2017-03-17,$131 Million,$78.0 Million,0,Jackpot,,,0,1,0,4,26,5000,3,20000,362,500,41,2000,1986,50,211,200,27366,5,3345,20,45120,5,5534,20,382145,2,47228,8,996548,1,121793,4
2017-03-21,$140 Million,$84.0 Million,0,Jackpot,,,0,1,0,3,26,5000,4,15000,324,500,34,1500,1806,50,202,150,23781,5,2754,15,42449,5,5198,15,392166,2,48748,6,1106528,1,141453,3
2017-03-24,$151 Million,$91.5 Million,0,Jackpot,,,1,1,0,5,31,5000,3,25000,360,500,31,2500,1933,50,221,250,28018,5,3194,25,44512,5,5219,25,382769,2,44609,10,1003426,1,116849,5
2017-03-28,$162 Million,$99.0 Million,0,Jackpot,,,2,1,0,5,34,5000,3,25000,493,500,69,2500,2188,50,270,250,31816,5,3654,25,50464,5,5613,25,426864,2,48697,10,1128101,1,130373,5
2017-03-31,$174 Million,$105.3 Million,1,Jackpot,,,1,1,0,3,43,5000,4,15000,522,500,63,1500,2646,50,332,150,36955,5,4318,15,58120,5,7013,15,469874,2,54725,6,1202257,1,139891,3
2017-04-04,$15 Million,$9.1 Million,0,Jackpot,,,0,1,0,5,19,5000,2,25000,269,500,28,2500,1338,50,174,250,18383,5,2492,25,29911,5,3972,25,252100,2,34127,10,660121,1,90101,5
2017-04-07,$20 Million,$12.2 Million,0,Jackpot,,,0,1,0,5,26,5000,6,25000,224,500,33,2500,1219,50,165,250,17011,5,2241,25,30004,5,4270,25,248887,2,35012,10,689197,1,98434,5
2017-04-11,$25 Million,$15.2 Million,0,Jackpot,,,0,1,0,5,24,5000,0,25000,248,500,26,2500,1331,50,187,250,17730,5,2327,25,29568,5,3952,25,248341,2,33571,10,645502,1,87013,5
2017-04-14,$30 Million,$18.4 Million,0,Jackpot,,,1,1,1,5,18,5000,4,25000,247,500,35,2500,1169,50,149,250,16991,5,2316,25,30116,5,4042,25,257094,2,35103,10,679294,1,92784,5
2017-04-18,$37 Million,$22.8 Million,0,Jackpot,,,1,1,0,3,19,5000,0,15000,220,500,20,1500,1255,50,175,150,18140,5,2468,15,29422,5,3982,15,246567,2,33199,6,636108,1,85076,3
2017-04-21,$45 Million,$27.8 Million,0,Jackpot,,,0,1,0,2,22,5000,4,10000,320,500,43,1000,1615,50,222,100,22673,5,3080,10,36204,5,5037,10,284028,2,38300,4,697942,1,92797,2
2017-04-25,$52 Million,$31.8 Million,0,Jackpot,,,2,1,0,4,25,5000,2,20000,372,500,52,2000,1332,50,179,200,23970,5,3266,20,30789,5,4101,20,253168,2,33395,8,652528,1,85449,4
2017-04-28,$61 Million,$37.2 Million,1,Jackpot,,,1,1,0,4,58,5000,5,20000,581,500,88,2000,2478,50,394,200,30340,5,4358,20,44061,5,6577,20,305889,2,42905,8,716923,1,94446,4
2017-05-02,$15 Million,$9.1 Million,0,Jackpot,,,2,1,0,4,17,5000,5,20000,189,500,29,2000,992,50,133,200,15506,5,2031,20,24390,5,3209,20,206664,2,27904,8,539085,1,73146,4
2017-05-05,$20 Million,$12.1 Million,0,Jackpot,,,2,1,0,4,28,5000,1,20000,250,500,40,2000,1701,50,238,200,19343,5,2663,20,34454,5,4952,20,278128,2,39654,8,689496,1,97412,4
2017-05-09,$25 Million,$15.1 Million,0,Jackpot,,,2,1,0,5,14,5000,0,25000,192,500,24,2500,1089,50,126,250,14895,5,1968,25,26417,5,3696,25,234900,2,32753,10,639679,1,90670,5
2017-05-12,$30 Million,$18.2 Million,0,Jackpot,,,0,1,0,4,20,5000,3,20000,269,500,26,2000,1209,50,161,200,17549,5,2294,20,28467,5,3762,20,244717,2,33382,8,670143,1,93505,4
2017-05-16,$36 Million,$21.9 Million,0,Jackpot,,,1,1,0,5,17,5000,1,25000,200,500,21,2500,1147,50,142,250,15414,5,1941,25,27070,5,3567,25,240288,2,32883,10,654785,1,90699,5
2017-05-19,$43 Million,$26.5 Million,0,Jackpot,,,5,1,0,3,46,5000,12,15000,797,500,136,1500,2102,50,341,150,37791,5,5895,15,34511,5,4838,15,243828,2,32352,6,586436,1,75083,3
2017-05-23,$50 Million,$30.9 Million,0,Jackpot,,,2,1,0,2,21,5000,3,10000,310,500,41,1000,1324,50,170,100,22204,5,3129,10,29751,5,4051,10,241249,2,32208,4,614567,1,81526,2
2017-05-26,$58 Million,$35.9 Million,0,Jackpot,,,2,1,1,3,11,5000,1,15000,248,500,35,1500,1507,50,197,150,19923,5,2645,15,34676,5,4709,15,284170,2,38153,6,712651,1,94605,3
2017-05-30,$65 Million,$40.3 Million,0,Jackpot,,,0,1,0,5,15,5000,2,25000,282,500,35,2500,1295,50,176,250,17924,5,2288,25,31461,5,4236,25,260282,2,34942,10,655633,1,85521,5
2017-06-02,$74 Million,$46.4 Million,0,Jackpot,,,0,1,0,3,20,5000,2,15000,315,500,38,1500,1436,50,193,150,18820,5,2378,15,31978,5,4155,15,288642,2,38334,6,795674,1,106601,3
2017-06-06,$80 Million,$50.4 Million,0,Jackpot,,,1,1,0,3,20,5000,4,15000,286,500,36,1500,1675,50,244,150,22684,5,2990,15,38595,5,5319,15,308587,2,40693,6,762087,1,98072,3
2017-06-09,$90 Million,$56.1 Million,0,Jackpot,,,0,1,0,5,40,5000,5,25000,453,500,61,2500,2165,50,301,250,29016,5,3979,25,45103,5,6073,25,341710,2,44610,10,844804,1,108779,5
2017-06-13,$101 Million,$62.9 Million,0,Jackpot,,,2,1,1,3,35,5000,5,15000,348,500,45,1500,1636,50,177,150,23317,5,2730,15,38684,5,4436,15,345297,2,41447,6,997891,1,123237,3
2017-06-16,$113 Million,$71.4 Million,0,Jackpot,,,3,1,0,5,37,5000,5,25000,659,500,76,2500,2426,50,281,250,33931,5,4351,25,51664,5,6360,25,397362,2,48471,10,1001593,1,120178,5
2017-06-20,$123 Million,$78.0 Million,0,Jackpot,,,2,1,0,3,20,5000,2,15000,377,500,47,1500,1927,50,218,150,26738,5,3088,15,44711,5,5412,15,386232,2,46699,6,1030464,1,124860,3
2017-06-23,$134 Million,$85.4 Million,0,Jackpot,,,1,1,0,2,22,5000,2,10000,352,500,39,1000,1859,50,220,100,26219,5,2988,10,45367,5,5435,10,397963,2,48296,4,1081086,1,131164,2
2017-06-27,$145 Million,$92.2 Million,0,Jackpot,,,4,1,0,4,25,5000,1,20000,412,500,55,2000,2004,50,227,200,28516,5,3145,20,45239,5,5094,20,383404,2,44108,8,994897,1,113358,4
2017-06-30,$158 Million,$98.9 Million,0,Jackpot,,,0,1,0,5,33,5000,3,25000,417,500,41,2500,2018,50,229,250,28894,5,3301,25,47614,5,5286,25,416130,2,47850,10,1127095,1,130212,5
2017-07-04,$172 Million,$106.8 Million,0,Jackpot,,,2,1,0,4,31,5000,2,20000,352,500,38,2000,1829,50,206,200,25520,5,2977,20,42321,5,5133,20,372746,2,45127,8,1024076,1,127843,4
2017-07-07,$186 Million,$114.0 Million,0,Jackpot,,,0,1,0,5,55,5000,4,25000,707,500,93,2500,2960,50,374,250,44085,5,5823,25,60727,5,7328,25,460886,2,54769,10,1150503,1,133579,5
2017-07-11,$202 Million,$123.9 Million,0,Jackpot,,,1,1,1,2,40,5000,6,10000,529,500,62,1000,2695,50,309,100,37115,5,4127,10,61363,5,7084,10,505181,2,56531,4,1289774,1,143276,2
2017-07-14,$217 Million,$134.1 Million,0,Jackpot,,,1,1,0,4,36,5000,4,20000,525,500,68,2000,2535,50,292,200,40207,5,4606,20,58614,5,6396,20,478058,2,51941,8,1220348,1,129507,4
2017-07-18,$232 Million,$143.8 Million,0,Jackpot,,,1,1,0,4,31,5000,2,20000,554,500,59,2000,2938,50,331,200,41131,5,4603,20,65558,5,7046,20,534660,2,56463,8,1366816,1,142629,4
2017-07-21,$248 Million,$155.3 Million,0,Jackpot,,,5,1,0,4,47,5000,6,20000,563,500,61,2000,2735,50,321,200,37546,5,3856,20,64495,5,6952,20,549518,2,58966,8,1478832,1,161895,4
2017-07-25,$262 Million,$162.3 Million,0,Jackpot,,,1,1,0,3,28,5000,6,15000,581,500,64,1500,2886,50,297,150,42173,5,4587,15,70358,5,7435,15,560202,2,57946,6,1461441,1,150261,3
2017-07-28,$282 Million,$173.9 Million,0,Jackpot,,,2,1,0,3,39,5000,6,15000,592,500,69,1500,3145,50,358,150,43979,5,4638,15,74360,5,8164,15,613235,2,67238,6,1564084,1,169061,3
2017-08-01,$303 Million,$187.5 Million,0,Jackpot,,,4,1,0,5,51,5000,6,25000,710,500,80,2500,3478,50,366,250,47073,5,4564,25,83642,5,8762,25,736464,2,78260,10,1993076,1,214074,5
2017-08-04,$323 Million,$201.7 Million,0,Jackpot,,,1,1,0,5,60,5000,8,25000,814,500,98,2500,4430,50,465,250,61492,5,6444,25,100174,5,10537,25,825281,2,86970,10,2128404,1,221634,5
2017-08-08,$350 Million,$218.3 Million,0,Jackpot,,,4,1,0,2,87,5000,8,10000,1007,500,99,1000,5049,50,468,100,74501,5,7332,10,118166,5,11816,10,999120,2,100068,4,2619557,1,260027,2
2017-08-11,$393 Million,$247.3 Million,1,Jackpot,,,3,1,1,5,95,5000,10,25000,1414,500,121,2500,7304,50,707,250,103574,5,10162,25,163740,5,15494,25,1385064,2,130817,10,3709276,1,355015,5
2017-08-15,$15 Million,$9.3 Million,0,Jackpot,,,0,1,0,2,19,5000,2,10000,298,500,43,1000,1815,50,243,100,21804,5,2877,10,43234,5,5933,10,356595,2,49197,4,878933,1,116360,2
2017-08-18,$20 Million,$12.6 Million,0,Jackpot,,,2,1,0,3,17,5000,3,15000,315,500,42,1500,1446,50,178,150,21142,5,2761,15,35422,5,4560,15,308866,2,39922,6,830060,1,107632,3
2017-08-22,$25 Million,$15.8 Million,0,Jackpot,,,0,1,0,4,27,5000,3,20000,343,500,42,2000,1754,50,219,200,22549,5,2990,20,39296,5,4979,20,346202,2,46308,8,958301,1,129098,4
2017-08-25,$37 Million,$23.4 Million,0,Jackpot,,,1,1,0,5,25,5000,4,25000,330,500,33,2500,1766,50,249,250,22690,5,2890,25,37893,5,4946,25,327415,2,43556,10,890602,1,120513,5
2017-08-29,$45 Million,$28.7 Million,0,Jackpot,,,0,1,0,3,16,5000,4,15000,282,500,48,1500,1673,50,232,150,20916,5,2934,15,34252,5,4687,15,276061,2,36773,6,692994,1,91201,3
2017-09-01,$53 Million,$33.6 Million,0,Jackpot,,,2,1,0,5,15,5000,4,25000,312,500,41,2500,1498,50,179,250,21454,5,2896,25,35108,5,4825,25,297303,2,40647,10,776163,1,107007,5
2017-09-05,$61 Million,$38.6 Million,0,Jackpot,,,2,1,1,3,19,5000,1,15000,236,500,28,1500,1172,50,162,150,17041,5,2200,15,27800,5,3591,15,242866,2,31613,6,639642,1,83494,3
2017-09-08,$70 Million,$45.0 Million,0,Jackpot,,,0,1,0,3,21,5000,2,15000,401,500,56,1500,1745,50,231,150,26207,5,3590,15,38222,5,5303,15,288254,2,37953,6,711647,1,90552,3
2017-09-12,$76 Million,$48.2 Million,0,Jackpot,,,0,1,0,4,15,5000,2,20000,281,500,40,2000,1291,50,183,200,18368,5,2342,20,29444,5,3732,20,258007,2,32733,8,730786,1,95229,4
2017-09-15,$86 Million,$54.5 Million,0,Jackpot,,,1,1,0,4,18,5000,1,20000,290,500,35,2000,1505,50,207,200,21789,5,2736,20,34502,5,4500,20,290654,2,37430,8,778066,1,101294,4
2017-09-19,$94 Million,$59.3 Million,0,Jackpot,,,1,1,0,2,25,5000,4,10000,318,500,38,1000,1594,50,191,100,21546,5,2763,10,37935,5,4992,10,317060,2,41920,4,807702,1,105275,2
2017-09-22,$104 Million,$65.8 Million,1,Jackpot,,,2,1,1,5,29,5000,3,25000,298,500,37,2500,1694,50,194,250,22881,5,2852,25,37978,5,4682,25,339660,2,43425,10,929097,1,120809,5
2017-09-26,$15 Million,$9.4 Million,0,Jackpot,,,2,1,0,4,14,5000,2,20000,233,500,26,2000,1070,50,145,200,14932,5,2025,20,24978,5,3449,20,219157,2,29696,8,601250,1,82297,4
2017-09-29,$20 Million,$12.4 Million,0,Jackpot,,,0,1,0,5,16,5000,0,25000,226,500,30,2500,1174,50,165,250,14767,5,1952,25,26128,5,3621,25,244587,2,35060,10,747828,1,107290,5
2017-10-03,$25 Million,$15.4 Million,0,Jackpot,,,0,1,0,5,39,5000,5,25000,329,500,41,2500,1946,50,252,250,23105,5,3457,25,39404,5,6020,25,285982,2,41648,10,667131,1,94165,5
2017-10-06,$30 Million,$18.4 Million,0,Jackpot,,,1,1,0,5,14,5000,0,25000,258,500,37,2500,1330,50,189,250,18773,5,2496,25,29211,5,3959,25,245110,2,33848,10,654257,1,91156,5
2017-10-10,$36 Million,$22.2 Million,0,Jackpot,,,1,1,0,5,15,5000,3,25000,254,500,36,2500,1200,50,168,250,17872,5,2537,25,27697,5,3858,25,229148,2,31823,10,583332,1,80751,5
2017-10-13,$43 Million,$26.8 Million,2,Jackpot,,,1,1,0,2,54,5000,15,10000,693,500,117,1000,2475,50,403,100,32312,5,4921,10,40363,5,5798,10,279355,2,39074,4,655578,1,88610,2
2017-10-17,$15 Million,$9.3 Million,0,Jackpot,,,0,1,0,5,9,5000,3,25000,189,500,26,2500,989,50,135,250,13612,5,1877,25,23175,5,3308,25,206894,2,29690,10,601351,1,88142,5
2017-10-20,$20 Million,$12.3 Million,0,Jackpot,,,0,1,0,2,9,5000,2,10000,218,500,36,1000,1045,50,130,100,14481,5,2062,10,25718,5,3670,10,233133,2,33554,4,636092,1,91661,2
2017-10-24,$25 Million,$15.3 Million,0,Jackpot,,,1,1,0,4,12,5000,2,20000,246,500,34,2000,1066,50,139,200,15057,5,1965,20,25357,5,3387,20,218179,2,29719,8,581075,1,79928,4
2017-10-27,$30 Million,$18.3 Million,0,Jackpot,,,1,1,1,5,19,5000,3,25000,269,500,40,2500,1311,50,179,250,17929,5,2491,25,29979,5,4353,25,247007,2,35379,10,642914,1,92488,5
2017-10-31,$40 Million,$24.7 Million,0,Jackpot,,,0,1,0,4,9,10000,2,40000,215,500,41,2000,643,200,104,800,14427,10,2087,40,14536,10,2260,40,112232,4,17347,16,262644,2,39876,8
2017-11-03,$48 Million,$30.0 Million,0,Jackpot,,,2,1,1,2,10,10000,0,20000,209,500,33,1000,607,200,81,400,13886,10,2097,20,14172,10,2259,20,117715,4,18841,8,293290,2,46798,4
2017-11-07,$59 Million,$37.0 Million,0,Jackpot,,,0,1,0,4,8,10000,3,40000,203,500,25,2000,562,200,104,800,12368,10,1891,40,12133,10,2023,40,108426,4,17911,16,299947,2,49997,8
2017-11-10,$71 Million,$44.5 Million,0,Jackpot,,,0,1,0,2,9,10000,1,20000,232,500,27,1000,516,200,74,400,14742,10,2227,20,11317,10,1721,20,88425,4,13199,8,215787,2,32691,4
2017-11-14,$82 Million,$51.1 Million,0,Jackpot,,,2,1,0,3,9,10000,2,30000,488,500,87,1500,606,200,96,600,23085,10,3781,30,12091,10,1721,30,91201,4,13572,12,217372,2,32271,6
2017-11-17,$95 Million,$59.5 Million,0,Jackpot,,,1,1,1,4,6,10000,1,40000,220,500,23,2000,634,200,118,800,14988,10,2255,40,14934,10,2396,40,121854,4,19313,16,304030,2,48621,8
2017-11-21,$106 Million,$66.9 Million,0,Jackpot,,,3,1,0,3,21,10000,2,30000,430,500,67,1500,1274,200,231,600,25206,10,4156,30,22867,10,3901,30,143732,4,22778,12,301867,2,46511,6
2017-11-24,$119 Million,$75.0 Million,0,Jackpot,,,0,1,0,3,10,10000,1,30000,211,500,35,1500,555,200,81,600,14177,10,2195,30,11574,10,1814,30,92028,4,13764,12,233496,2,35906,6
2017-11-28,$132 Million,$83.1 Million,0,Jackpot,,,0,1,0,2,9,10000,0,20000,290,500,41,1000,751,200,114,400,17529,10,2693,20,17528,10,2769,20,139444,4,22190,8,332618,2,52342,4
2017-12-01,$145 Million,$91.0 Million,0,Jackpot,,,3,1,1,4,19,10000,2,40000,285,500,48,2000,825,200,110,800,18117,10,2823,40,17862,10,2723,40,144114,4,22603,16,363347,2,57989,8
2017-12-05,$160 Million,$100.8 Million,0,Jackpot,,,0,1,0,4,16,10000,1,40000,274,500,37,2000,685,200,108,800,18019,10,2549,40,14288,10,2026,40,114638,4,16271,16,282235,2,39986,8
2017-12-08,$176 Million,$110.9 Million,0,Jackpot,,,1,1,1,2,5,10000,1,20000,280,500,45,1000,677,200,87,400,18199,10,2429,20,14670,10,2040,20,117430,4,16538,8,290885,2,41110,4
2017-12-12,$191 Million,$119.9 Million,0,Jackpot,,,1,1,0,2,35,10000,8,20000,577,500,113,1000,1517,200,267,400,29860,10,4865,20,25296,10,3915,20,171845,4,25926,8,369314,2,54251,4
2017-12-15,$208 Million,$132.2 Million,0,Jackpot,,,0,1,0,4,16,10000,4,40000,341,500,46,2000,850,200,128,800,23943,10,3438,40,18782,10,2672,40,145868,4,20348,16,351079,2,48685,8
2017-12-19,$223 Million,$140.1 Million,0,Jackpot,,,0,1,0,3,12,10000,2,30000,359,500,34,1500,1052,200,125,600,24480,10,3194,30,21335,10,2874,30,172008,4,22950,12,439142,2,59253,6
2017-12-22,$253 Million,$157.5 Million,0,Jackpot,,,1,1,0,4,16,10000,3,40000,514,500,77,2000,1236,200,146,800,34354,10,4711,40,26039,10,3276,40,202097,4,25978,16,486850,2,61761,8
2017-12-26,$277 Million,$173.0 Million,0,Jackpot,,,1,1,1,4,23,10000,2,40000,563,500,73,2000,1350,200,198,800,34807,10,4813,40,26715,10,3449,40,198805,4,25729,16,469762,2,59893,8
2017-12-29,$306 Million,$193.1 Million,0,Jackpot,,,1,1,0,2,46,10000,5,20000,1087,500,156,1000,3475,200,484,400,68098,10,8733,20,66748,10,8942,20,472236,4,62367,8,1080533,2,141532,4
2018-01-02,$361 Million,$225.9 Million,0,Jackpot,,,2,1,1,4,37,10000,8,40000,1010,500,119,2000,2670,200,300,800,66577,10,7889,40,55572,10,6378,40,440279,4,50624,16,1086880,2,124274,8
2018-01-05,$450 Million,$281.2 Million,1,Jackpot,,,8,1,2,3,65,10000,9,30000,1583,500,198,1500,4632,200,542,600,103260,10,11779,30,97563,10,11447,30,780569,4,92783,12,1947406,2,233682,6
2018-01-09,$40 Million,$24.7 Million,0,Jackpot,,,0,1,0,3,14,10000,0,30000,220,500,36,1500,662,200,92,600,16584,10,2551,30,13829,10,2137,30,109787,4,16544,12,271043,2,40920,6
2018-01-12,$45 Million,$27.7 Million,0,Jackpot,,,1,1,0,4,6,10000,1,40000,238,500,43,2000,607,200,102,800,15969,10,2587,40,12372,10,1947,40,97799,4,15376,16,236859,2,37493,8
2018-01-16,$50 Million,$31.0 Million,0,Jackpot,,,0,1,0,3,8,10000,1,30000,395,500,65,1500,657,200,125,600,21663,10,3648,30,13182,10,2141,30,95517,4,15080,12,226011,2,35540,6
2018-01-19,$55 Million,$33.6 Million,0,Jackpot,,,1,1,0,3,10,10000,4,30000,284,500,38,1500,630,200,95,600,17848,10,2956,30,13614,10,2134,30,99978,4,15865,12,236200,2,36708,6
2018-01-23,$63 Million,$38.6 Million,0,Jackpot,,,1,1,0,4,16,10000,3,40000,262,500,48,2000,1009,200,160,800,18098,10,2907,40,20417,10,3514,40,145608,4,24871,16,328818,2,55314,8
2018-01-26,$76 Million,$46.6 Million,0,Jackpot,,,0,1,0,4,12,10000,2,40000,276,500,47,2000,722,200,128,800,19078,10,3145,40,15806,10,2543,40,118131,4,19139,16,275252,2,44370,8
2018-01-30,$89 Million,$53.9 Million,0,Jackpot,,,1,1,0,3,12,10000,3,30000,220,500,29,1500,553,200,87,600,14782,10,2363,30,12071,10,1834,30,96657,4,14845,12,242792,2,38112,6
2018-02-02,$104 Million,$62.2 Million,0,Jackpot,,,1,1,0,3,28,10000,5,30000,542,500,104,1500,1432,200,291,600,25922,10,4406,30,22384,10,3758,30,148902,4,24512,12,326542,2,52794,6
2018-02-06,$120 Million,$71.8 Million,0,Jackpot,,,2,1,0,3,9,10000,1,30000,310,500,55,1500,728,200,106,600,18892,10,3082,30,15008,10,2254,30,116921,4,18093,12,279853,2,42603,6
2018-02-09,$136 Million,$80.2 Million,0,Jackpot,,,3,1,0,3,15,10000,3,30000,288,500,45,1500,752,200,134,600,18004,10,2783,30,16621,10,2585,30,131171,4,20417,12,329056,2,52387,6
2018-02-13,$153 Million,$90.6 Million,0,Jackpot,,,3,1,0,4,13,10000,2,40000,326,500,50,2000,904,200,149,800,22193,10,3432,40,18255,10,2824,40,135281,4,20746,16,313268,2,47016,8
2018-02-16,$168 Million,$99.8 Million,0,Jackpot,,,3,1,0,3,11,10000,2,30000,324,500,51,1500,779,200,96,600,19924,10,2949,30,16206,10,2291,30,127205,4,18490,12,318197,2,46394,6
2018-02-20,$185 Million,$109.2 Million,0,Jackpot,,,0,1,0,3,26,10000,4,30000,459,500,68,1500,1001,200,153,600,25797,10,4082,30,20418,10,3182,30,146116,4,22184,12,331586,2,49740,6
2018-02-23,$204 Million,$120.1 Million,0,Jackpot,,,3,1,1,4,29,10000,7,40000,665,500,136,2000,1684,200,303,800,34880,10,6037,40,28325,10,4577,40,185832,4,28814,16,404563,2,61118,8
2018-02-27,$222 Million,$131.4 Million,0,Jackpot,,,0,1,0,3,18,10000,2,30000,440,500,72,1500,1000,200,116,600,28587,10,4307,30,20581,10,2963,30,155952,4,22061,12,371430,2,52077,6
2018-03-02,$243 Million,$144.5 Million,0,Jackpot,,,2,1,0,4,18,10000,3,40000,380,500,62,2000,1017,200,146,800,24561,10,3586,40,23344,10,3380,40,192324,4,28856,16,483251,2,72423,8
2018-03-06,$265 Million,$157.2 Million,0,Jackpot,,,2,1,0,5,22,10000,7,50000,497,500,70,2500,1094,200,132,1000,31500,10,4545,50,23989,10,3304,50,182804,4,25290,20,435609,2,60616,10
2018-03-09,$290 Million,$171.0 Million,0,Jackpot,,,0,1,0,4,11,10000,1,40000,443,500,57,2000,1186,200,168,800,31539,10,4728,40,24989,10,3478,40,188870,4,26625,16,448489,2,62316,8
2018-03-13,$318 Million,$189.2 Million,0,Jackpot,,,4,1,1,5,24,10000,2,50000,470,500,68,2500,1275,200,175,1000,31908,10,4287,50,27726,10,3858,50,219085,4,29856,20,552501,2,76075,10
2018-03-16,$345 Million,$206.5 Million,0,Jackpot,,,4,1,1,3,32,10000,6,30000,677,500,101,1500,2025,200,292,600,43136,10,5936,30,40156,10,5885,30,303972,4,43850,12,715847,2,100672,6
2018-03-20,$377 Million,$224.5 Million,0,Jackpot,,,0,1,0,3,32,10000,5,30000,611,500,82,1500,1704,200,227,600,39337,10,5120,30,36546,10,4829,30,293918,4,39941,12,773914,2,109049,6
2018-03-23,$421 Million,$252.3 Million,0,Jackpot,,,2,1,0,3,30,10000,6,30000,767,500,121,1500,1956,200,254,600,50293,10,7234,30,40827,10,5592,30,307443,4,41338,12,738506,2,98300,6
2018-03-27,$458 Million,$275.0 Million,0,Jackpot,,,2,1,0,3,42,10000,3,30000,798,500,119,1500,2452,200,331,600,54409,10,7030,30,52213,10,7203,30,415862,4,57357,12,1000779,2,137288,6
2018-03-30,$521 Million,$317.2 Million,1,Jackpot,,,2,1,0,3,59,10000,7,30000,1793,500,226,1500,4774,200,598,600,113890,10,13977,30,97673,10,12099,30,746802,4,91084,12,1800134,2,218152,6
2018-04-03,$40 Million,$24.0 Million,0,Jackpot,,,0,1,0,2,9,10000,2,20000,263,500,34,1000,749,200,141,400,17316,10,2915,20,15771,10,2713,20,125085,4,21269,8,302413,2,51233,4
2018-04-06,$45 Million,$26.8 Million,0,Jackpot,,,0,1,0,4,7,10000,0,40000,246,500,62,2000,542,200,91,800,15607,10,2680,40,12695,10,2139,40,100017,4,17014,16,250752,2,42264,8
2018-04-10,$50 Million,$30.0 Million,0,Jackpot,,,1,1,0,2,9,10000,2,20000,276,500,51,1000,604,200,91,400,17631,10,3062,20,12771,10,2103,20,97224,4,16200,8,235235,2,38649,4
2018-04-13,$55 Million,$32.9 Million,0,Jackpot,,,1,1,0,4,10,10000,3,40000,268,500,49,2000,788,200,130,800,17495,10,2921,40,17800,10,3113,40,139850,4,24178,16,326349,2,56137,8
2018-04-17,$67 Million,$40.1 Million,0,Jackpot,,,0,1,0,4,7,10000,0,40000,226,500,33,2000,605,200,72,800,15805,10,2624,40,12431,10,2016,40,99697,4,16725,16,247981,2,41558,8
2018-04-20,$80 Million,$47.1 Million,0,Jackpot,,,1,1,0,2,8,10000,1,20000,277,500,47,1000,821,200,151,400,19072,10,3212,20,17868,10,3015,20,133547,4,22391,8,312436,2,52894,4
2018-04-24,$96 Million,$56.3 Million,0,Jackpot,,,1,1,0,3,11,10000,2,30000,282,500,57,1500,882,200,137,600,19128,10,3269,30,18817,10,3279,30,138675,4,23834,12,311034,2,51721,6
2018-04-27,$111 Million,$65.4 Million,0,Jackpot,,,1,1,1,2,14,10000,1,20000,280,500,49,1000,792,200,130,400,17527,10,2765,20,17927,10,2839,20,149220,4,24616,8,378732,2,64013,4
2018-05-01,$126 Million,$74.3 Million,0,Jackpot,,,1,1,1,4,13,10000,4,40000,322,500,54,2000,900,200,146,800,21542,10,3523,40,18693,10,2948,40,137956,4,22134,16,316713,2,49792,8
2018-05-04,$143 Million,$84.6 Million,1,Jackpot,,,12,1,6,4,45,10000,10,40000,1447,500,278,2000,1371,200,240,800,45620,10,8387,40,19541,10,3286,40,133227,4,21062,16,307200,2,48625,8
2018-05-08,$40 Million,$23.5 Million,0,Jackpot,,,5,1,0,2,10,10000,2,20000,211,500,32,1000,513,200,103,400,13190,10,2163,20,13444,10,2375,20,113739,4,20100,8,289646,2,52351,4
2018-05-11,$45 Million,$26.6 Million,0,Jackpot,,,3,1,1,3,5,10000,1,30000,191,500,34,1500,527,200,78,600,13990,10,2262,30,11660,10,1929,30,91668,4,15333,12,231131,2,39354,6
2018-05-15,$50 Million,$29.1 Million,0,Jackpot,,,0,1,0,2,16,10000,3,20000,186,500,30,1000,490,200,88,400,12957,10,2180,20,10848,10,1815,20,86107,4,14517,8,215687,2,36254,4
2018-05-18,$55 Million,$31.9 Million,0,Jackpot,,,0,1,0,2,14,10000,1,20000,220,500,44,1000,637,200,100,400,13619,10,2382,20,14402,10,2595,20,120326,4,21434,8,300615,2,53557,4
2018-05-22,$60 Million,$34.9 Million,0,Jackpot,,,0,1,0,3,13,10000,3,30000,247,500,34,1500,787,200,140,600,16403,10,2819,30,16048,10,2804,30,119000,4,20655,12,273182,2,47421,6
2018-05-25,$73 Million,$43.4 Million,0,Jackpot,,,0,1,0,4,5,10000,1,40000,220,500,43,2000,599,200,99,800,14572,10,2293,40,12840,10,2137,40,104057,4,16940,16,255934,2,42225,8
2018-05-29,$84 Million,$49.8 Million,0,Jackpot,,,0,1,0,3,10,10000,1,30000,245,500,27,1500,540,200,81,600,13774,10,2268,30,12900,10,2211,30,104080,4,17113,12,252293,2,41033,6
2018-06-01,$97 Million,$57.9 Million,0,Jackpot,,,1,1,0,3,19,10000,3,30000,261,500,37,1500,672,200,114,600,16644,10,2776,30,14207,10,2326,30,111933,4,18630,12,276125,2,45561,6
2018-06-05,$110 Million,$65.6 Million,0,Jackpot,,,0,1,0,2,11,10000,1,20000,291,500,46,1000,745,200,113,400,18122,10,2861,20,16413,10,2490,20,132345,4,20773,8,340244,2,54533,4
2018-06-08,$127 Million,$75.6 Million,0,Jackpot,,,1,1,0,2,15,10000,4,20000,297,500,41,1000,847,200,130,400,19287,10,2908,20,19011,10,3034,20,150361,4,24493,8,377464,2,62157,4
2018-06-12,$144 Million,$85.4 Million,0,Jackpot,,,1,1,0,2,60,10000,6,20000,1049,500,182,1000,1785,200,327,400,38140,10,6651,20,25290,10,4246,20,159705,4,25246,8,345363,2,52894,4
2018-06-15,$161 Million,$96.6 Million,0,Jackpot,,,2,1,1,2,16,10000,4,20000,314,500,48,1000,927,200,155,400,21632,10,3299,20,20221,10,3144,20,158784,4,25003,8,370747,2,57576,4
2018-06-19,$175 Million,$105.3 Million,0,Jackpot,,,0,1,0,3,21,10000,6,30000,300,500,36,1500,875,200,144,600,20916,10,3176,30,18669,10,2860,30,146922,4,22179,12,351138,2,52979,6
2018-06-22,$192 Million,$114.9 Million,0,Jackpot,,,1,1,0,2,18,10000,4,20000,651,500,120,1000,1013,200,167,400,34832,10,5677,20,20028,10,2970,20,144083,4,21095,8,339120,2,49321,4
2018-06-26,$212 Million,$127.4 Million,0,Jackpot,,,2,1,0,2,18,10000,7,20000,368,500,44,1000,983,200,141,400,26514,10,3869,20,20933,10,3061,20,162460,4,23252,8,392180,2,56011,4
2018-06-29,$232 Million,$140.6 Million,0,Jackpot,,,1,1,1,4,15,10000,1,40000,411,500,53,2000,1015,200,119,800,26612,10,3763,40,22276,10,3159,40,177842,4,25385,16,439561,2,63026,8
2018-07-03,$256 Million,$153.8 Million,0,Jackpot,,,0,1,0,2,14,10000,2,20000,451,500,41,1000,1180,200,148,400,28742,10,4048,20,25109,10,3488,20,191501,4,26874,8,477154,2,67581,4
2018-07-06,$283 Million,$171.6 Million,0,Jackpot,,,1,1,0,3,17,10000,2,30000,430,500,69,1500,1167,200,159,600,29828,10,4343,30,24550,10,3499,30,189708,4,26838,12,461385,2,65217,6
2018-07-10,$306 Million,$184.3 Million,0,Jackpot,,,2,1,0,3,39,10000,5,30000,862,500,146,1500,1678,200,257,600,40644,10,6131,30,33822,10,4745,30,257634,4,35456,12,612450,2,83767,6
2018-07-13,$340 Million,$205.5 Million,0,Jackpot,,,1,1,0,2,24,10000,2,20000,611,500,69,1000,1618,200,228,400,40952,10,5375,20,36788,10,4813,20,296911,4,39765,8,739418,2,99321,4
2018-07-17,$375 Million,$226.4 Million,0,Jackpot,,,3,1,0,5,25,10000,2,50000,657,500,97,2500,1775,200,237,1000,41828,10,5211,50,38690,10,5001,50,311413,4,41510,20,854608,2,118439,10
2018-07-20,$433 Million,$260.0 Million,0,Jackpot,,,2,1,0,2,47,10000,5,20000,1093,500,145,1000,2909,200,335,400,72615,10,9113,20,62760,10,7987,20,488160,4,61874,8,1174101,2,146879,4
2018-07-24,$522 Million,$308.1 Million,1,Jackpot,,,8,1,2,3,102,10000,9,30000,3426,500,510,1500,6105,200,818,600,185709,10,25052,30,114778,10,13920,30,833186,4,98785,12,1966046,2,230313,6
2018-07-27,$40 Million,$23.6 Million,0,Jackpot,,,1,1,0,3,9,10000,2,30000,224,500,37,1500,515,200,76,600,14125,10,2328,30,12128,10,1963,30,99637,4,16805,12,242132,2,40747,6
2018-07-31,$45 Million,$26.6 Million,0,Jackpot,,,0,1,0,2,9,10000,1,20000,220,500,30,1000,588,200,97,400,13292,10,2226,20,13806,10,2443,20,114665,4,20107,8,286240,2,50696,4
2018-08-03,$50 Million,$29.5 Million,0,Jackpot,,,1,1,0,2,7,10000,1,20000,222,500,37,1000,682,200,125,400,16663,10,2976,20,14511,10,2440,20,112822,4,18902,8,268135,2,45463,4
2018-08-07,$55 Million,$32.5 Million,0,Jackpot,,,1,1,0,5,12,10000,4,50000,263,500,42,2500,801,200,148,1000,17982,10,3036,50,15465,10,2684,50,113557,4,19244,20,259814,2,43739,10
2018-08-10,$63 Million,$37.6 Million,0,Jackpot,,,1,1,0,5,24,10000,5,50000,470,500,103,2500,1108,200,205,1000,26353,10,4878,50,21218,10,3813,50,125286,4,21498,20,271588,2,45883,10
2018-08-14,$75 Million,$44.8 Million,0,Jackpot,,,0,1,0,2,14,10000,1,20000,277,500,48,1000,817,200,162,400,16674,10,2816,20,17337,10,3233,20,130940,4,23312,8,303791,2,52704,4
2018-08-17,$88 Million,$52.8 Million,0,Jackpot,,,1,1,0,2,15,10000,3,20000,232,500,40,1000,683,200,114,400,16219,10,2691,20,16033,10,2695,20,130268,4,21630,8,322296,2,53998,4
2018-08-21,$102 Million,$61.3 Million,0,Jackpot,,,0,1,0,3,14,10000,2,30000,274,500,40,1500,847,200,147,600,19560,10,3090,30,19315,10,3209,30,150791,4,25180,12,358850,2,59573,6
2018-08-24,$118 Million,$71.1 Million,0,Jackpot,,,4,1,1,2,11,10000,1,20000,446,500,70,1000,1220,200,223,400,26545,10,4446,20,23270,10,3760,20,159571,4,26078,8,356630,2,56879,4
2018-08-28,$134 Million,$80.4 Million,0,Jackpot,,,1,1,1,3,10,10000,1,30000,311,500,50,1500,757,200,111,600,20912,10,3321,30,16774,10,2601,30,127530,4,19509,12,305186,2,46186,6
2018-08-31,$152 Million,$91.7 Million,0,Jackpot,,,1,1,0,3,7,10000,1,30000,438,500,71,1500,945,200,141,600,25562,10,4268,30,19090,10,3082,30,144953,4,22835,12,339854,2,52851,6
2018-09-04,$167 Million,$99.7 Million,0,Jackpot,,,0,1,0,3,19,10000,3,30000,328,500,58,1500,1166,200,178,600,24824,10,4008,30,22936,10,3747,30,163403,4,26565,12,363233,2,57492,6
2018-09-07,$187 Million,$110.9 Million,0,Jackpot,,,2,1,0,2,15,10000,2,20000,337,500,52,1000,932,200,145,400,21284,10,3345,20,22368,10,3682,20,176920,4,28687,8,414330,2,65164,4
2018-09-11,$207 Million,$122.7 Million,0,Jackpot,,,0,1,0,2,18,10000,0,20000,357,500,51,1000,926,200,121,400,22667,10,3237,20,19321,10,2719,20,154233,4,22014,8,388789,2,56423,4
2018-09-14,$227 Million,$133.9 Million,0,Jackpot,,,1,1,0,4,17,10000,2,40000,402,500,52,2000,1071,200,151,800,24420,10,3400,40,24089,10,3591,40,195094,4,29381,16,497477,2,75759,8
2018-09-18,$252 Million,$148.0 Million,0,Jackpot,,,1,1,0,2,15,10000,3,20000,379,500,51,1000,967,200,133,400,24516,10,3343,20,21600,10,3054,20,173730,4,24481,8,441056,2,62757,4
2018-09-21,$275 Million,$160.5 Million,0,Jackpot,,,1,1,0,4,14,10000,2,40000,492,500,74,2000,1414,200,228,800,32764,10,4995,40,30586,10,4636,40,223541,4,32979,16,521153,2,75917,8
2018-09-25,$303 Million,$176.1 Million,0,Jackpot,,,1,1,0,2,21,10000,1,20000,615,500,93,1000,1528,200,203,400,34495,10,4780,20,31329,10,4386,20,245137,4,35115,8,594918,2,84169,4
2018-09-28,$336 Million,$197.4 Million,0,Jackpot,,,1,1,0,3,21,10000,4,30000,527,500,65,1500,1404,200,210,600,32958,10,4450,30,29988,10,4145,30,241256,4,33781,12,639206,2,93133,6
2018-10-02,$367 Million,$213.0 Million,0,Jackpot,,,0,1,0,3,30,10000,6,30000,691,500,98,1500,1716,200,258,600,44545,10,6300,30,36236,10,5118,30,273690,4,37939,12,644230,2,88030,6
2018-10-05,$420 Million,$237.1 Million,0,Jackpot,,,2,1,0,2,30,10000,3,20000,727,500,103,1000,2046,200,255,400,48680,10,6348,20,45789,10,6007,20,364685,4,48798,8,895544,2,120751,4
2018-10-09,$470 Million,$265.2 Million,0,Jackpot,,,4,1,0,3,37,10000,5,30000,920,500,121,1500,2474,200,310,600,58257,10,7193,30,50799,10,6394,30,398306,4,49555,12,983898,2,123540,6
2018-10-12,$548 Million,$312.2 Million,0,Jackpot,,,1,1,1,3,55,10000,7,30000,1370,500,159,1500,3940,200,505,600,89664,10,10769,30,88062,10,11265,30,707925,4,91671,12,1760166,2,228163,6
2018-10-16,$667 Million,$380.0 Million,0,Jackpot,,,9,1,1,5,100,10000,12,50000,2440,500,252,2500,6993,200,815,1000,163877,10,19223,50,149020,10,17691,50,1204564,4,142203,20,3000492,2,356533,10
2018-10-19,$1 Billion,$565.6 Million,0,Jackpot,,,15,1,1,2,289,10000,35,20000,6661,500,728,1000,19037,200,2200,400,437325,10,49211,20,410059,10,47830,20,3294130,4,384323,8,8279174,2,976000,4
2018-10-23,$1.6 Billion,$913.7 Million,1,Jackpot,,,36,1,2,3,419,10000,51,30000,8756,500,987,1500,24462,200,2798,600,579616,10,65813,30,529214,10,60786,30,4209199,4,488017,12,10398311,2,1201176,6
2018-10-26,$40 Million,$22.8 Million,0,Jackpot,,,1,1,0,4,17,10000,5,40000,377,500,76,2000,1089,200,175,800,23540,10,4162,40,27794,10,4785,40,199988,4,35320,16,509383,2,89593,8
2018-10-30,$45 Million,$25.6 Million,0,Jackpot,,,3,1,1,2,14,10000,1,20000,327,500,52,1000,795,200,133,400,21084,10,3612,20,16194,10,2700,20,129702,4,21995,8,327193,2,55797,4
2018-11-02,$52 Million,$29.3 Million,0,Jackpot,,,0,1,0,2,11,10000,3,20000,345,500,59,1000,772,200,143,400,21264,10,3845,20,15799,10,2717,20,121881,4,21573,8,293131,2,51409,4
2018-11-06,$70 Million,$39.4 Million,0,Jackpot,,,1,1,0,2,19,10000,5,20000,279,500,52,1000,747,200,140,400,17767,10,3103,20,16890,10,2921,20,139596,4,24685,8,368351,2,65595,4
2018-11-09,$90 Million,$50.8 Million,0,Jackpot,,,0,1,0,4,9,10000,1,40000,300,500,48,2000,873,200,168,800,19705,10,3409,40,19819,10,3459,40,153057,4,26678,16,366964,2,64169,8
2018-11-13,$106 Million,$60.1 Million,0,Jackpot,,,1,1,1,3,9,10000,2,30000,295,500,44,1500,780,200,125,600,17649,10,3029,30,16693,10,2804,30,139317,4,24032,12,411513,2,72504,6
2018-11-16,$122 Million,$69.5 Million,0,Jackpot,,,3,1,2,3,9,10000,2,30000,307,500,46,1500,737,200,133,600,18227,10,3033,30,15543,10,2578,30,122215,4,20343,12,317427,2,53487,6
2018-11-20,$139 Million,$80.0 Million,0,Jackpot,,,0,1,0,3,12,10000,1,30000,309,500,49,1500,968,200,180,600,21896,10,3530,30,21820,10,3859,30,167732,4,28930,12,391827,2,65432,6
2018-11-23,$155 Million,$89.5 Million,0,Jackpot,,,0,1,0,4,11,10000,2,40000,313,500,46,2000,860,200,139,800,23367,10,4178,40,17142,10,2983,40,127528,4,21471,16,298273,2,50429,8
2018-11-27,$172 Million,$98.8 Million,0,Jackpot,,,0,1,0,4,12,10000,4,40000,371,500,64,2000,810,200,131,800,21898,10,3573,40,17337,10,2890,40,135720,4,22161,16,331918,2,54174,8
2018-11-30,$190 Million,$109.5 Million,0,Jackpot,,,1,1,1,3,12,10000,2,30000,295,500,47,1500,815,200,128,600,20534,10,3389,30,17876,10,2922,30,141258,4,23332,12,350400,2,57918,6
2018-12-04,$208 Million,$121.6 Million,0,Jackpot,,,2,1,1,3,22,10000,4,30000,337,500,65,1500,965,200,151,600,23119,10,3636,30,21610,10,3446,30,172774,4,28195,12,435588,2,71184,6
2018-12-07,$226 Million,$132.9 Million,0,Jackpot,,,1,1,0,3,34,10000,10,30000,418,500,67,1500,1281,200,237,600,27927,10,4741,30,26917,10,4772,30,193271,4,32990,12,442492,2,74528,6
2018-12-11,$245 Million,$145.6 Million,0,Jackpot,,,1,1,0,2,14,10000,0,20000,337,500,57,1000,1039,200,166,400,22896,10,3553,20,22020,10,3529,20,181800,4,29085,8,457498,2,74131,4
2018-12-14,$262 Million,$154.9 Million,0,Jackpot,,,3,1,2,4,24,10000,4,40000,433,500,66,2000,1075,200,171,800,26979,10,4227,40,21152,10,3210,40,165796,4,25659,16,400472,2,62020,8
2018-12-18,$284 Million,$168.9 Million,0,Jackpot,,,1,1,0,3,22,10000,0,30000,381,500,53,1500,1067,200,164,600,24620,10,3798,30,24248,10,3765,30,196779,4,31361,12,494708,2,79692,6
2018-12-21,$305 Million,$184.0 Million,0,Jackpot,,,1,1,0,3,17,10000,1,30000,424,500,62,1500,1255,200,178,600,27563,10,4108,30,27880,10,4351,30,220726,4,34318,12,544721,2,84223,6
2018-12-25,$321 Million,$193.9 Million,0,Jackpot,,,2,1,1,3,22,10000,2,30000,663,500,95,1500,1849,200,240,600,43109,10,5821,30,39293,10,5416,30,311345,4,43471,12,741267,2,102721,6
2018-12-28,$370 Million,$223.2 Million,0,Jackpot,,,6,1,1,2,36,10000,7,20000,861,500,129,1000,2044,200,289,400,55299,10,8261,20,43215,10,6343,20,330619,4,47896,8,779673,2,111974,4
2019-01-01,$425 Million,$254.6 Million,1,Jackpot,,,7,1,1,4,38,10000,9,40000,1086,500,145,2000,3008,200,459,800,72721,10,10029,40,64235,10,8855,40,508056,4,69961,16,1312716,2,182680,8
2019-01-04,$40 Million,$24.2 Million,0,Jackpot,,,1,1,0,4,8,10000,1,40000,272,500,44,2000,688,200,115,800,16274,10,2844,40,15708,10,2799,40,126475,4,23087,16,318512,2,58767,8
2019-01-08,$45 Million,$27.1 Million,0,Jackpot,,,0,1,0,5,10,10000,2,50000,230,500,56,2500,745,200,135,1000,16523,10,2903,50,16877,10,2945,50,131164,4,23572,20,319780,2,58308,10
2019-01-11,$50 Million,$30.0 Million,0,Jackpot,,,2,1,0,3,9,10000,2,30000,242,500,34,1500,615,200,105,600,17072,10,3103,30,13959,10,2398,30,107957,4,19006,12,257055,2,45281,6
2019-01-15,$55 Million,$32.9 Million,0,Jackpot,,,2,1,0,2,5,10000,2,20000,215,500,28,1000,655,200,114,400,14744,10,2667,20,13971,10,2589,20,123703,4,22867,8,369008,2,70048,4
2019-01-18,$68 Million,$40.5 Million,0,Jackpot,,,0,1,0,3,12,10000,2,30000,221,500,32,1500,618,200,129,600,15259,10,2637,30,13299,10,2345,30,108171,4,19370,12,272691,2,48771,6
2019-01-22,$82 Million,$49.0 Million,0,Jackpot,,,1,1,0,5,6,10000,1,50000,236,500,42,2500,605,200,106,1000,15012,10,2632,50,12609,10,2093,50,99344,4,17155,20,244444,2,42475,10
2019-01-25,$96 Million,$57.5 Million,0,Jackpot,,,1,1,1,2,9,10000,2,20000,275,500,49,1000,831,200,149,400,18290,10,3223,20,18242,10,3312,20,138742,4,24867,8,325737,2,58593,4
2019-01-29,$109 Million,$65.2 Million,0,Jackpot,,,2,1,1,2,14,10000,4,20000,259,500,46,1000,699,200,136,400,17635,10,2974,20,15213,10,2509,20,119513,4,20276,8,295905,2,50000,4
2019-02-01,$125 Million,$75.5 Million,0,Jackpot,,,0,1,0,5,15,10000,2,50000,250,500,42,2500,778,200,134,1000,17570,10,2922,50,17132,10,2999,50,145881,4,25929,20,386260,2,70265,10
2019-02-05,$139 Million,$83.5 Million,0,Jackpot,,,0,1,0,2,16,10000,3,20000,293,500,45,1000,859,200,142,400,18616,10,2964,20,19325,10,3253,20,167074,4,29213,8,428249,2,76008,4
2019-02-08,$157 Million,$95.4 Million,0,Jackpot,,,2,1,0,3,17,10000,5,30000,376,500,61,1500,979,200,200,600,22052,10,3812,30,20541,10,3638,30,159540,4,28213,12,392233,2,70380,6
2019-02-12,$173 Million,$104.5 Million,0,Jackpot,,,1,1,0,3,16,10000,3,30000,278,500,51,1500,822,200,135,600,18694,10,3068,30,19013,10,3204,30,156754,4,27045,12,430635,2,75892,6
2019-02-15,$190 Million,$115.0 Million,0,Jackpot,,,1,1,0,2,13,10000,0,20000,301,500,53,1000,912,200,167,400,20610,10,3424,20,19407,10,3278,20,161165,4,27557,8,405590,2,69558,4
2019-02-19,$206 Million,$125.2 Million,0,Jackpot,,,1,1,0,2,14,10000,2,20000,326,500,46,1000,974,200,151,400,21896,10,3533,20,21095,10,3504,20,168608,4,27569,8,417322,2,69024,4
2019-02-22,$224 Million,$135.5 Million,0,Jackpot,,,4,1,0,4,18,10000,2,40000,378,500,63,2000,1105,200,183,800,25531,10,4190,40,23860,10,3819,40,180218,4,28995,16,433988,2,70546,8
2019-02-26,$245 Million,$148.3 Million,0,Jackpot,,,3,1,0,3,18,10000,4,30000,549,500,85,1500,1155,200,192,600,33611,10,5665,30,22392,10,3469,30,168903,4,26115,12,397646,2,60861,6
2019-03-01,$267 Million,$159.0 Million,1,Jackpot,,,0,1,0,2,17,10000,1,20000,420,500,58,1000,1038,200,167,400,26367,10,4163,20,22703,10,3575,20,178662,4,28165,8,451213,2,72603,4
2019-03-05,$40 Million,$23.8 Million,0,Jackpot,,,0,1,0,3,8,10000,1,30000,256,500,38,1500,694,200,116,600,16123,10,2882,30,14933,10,2610,30,117023,4,20569,12,291945,2,52180,6
2019-03-08,$45 Million,$27.1 Million,0,Jackpot,,,0,1,0,4,8,10000,0,40000,262,500,40,2000,828,200,153,800,15829,10,2865,40,18069,10,3313,40,148996,4,27655,16,360799,2,67822,8
2019-03-12,$50 Million,$30.2 Million,1,Jackpot,,,0,1,0,4,8,10000,1,40000,263,500,46,2000,710,200,134,800,18808,10,3484,40,14378,10,2605,40,108983,4,19287,16,257426,2,45060,8
2019-03-15,$40 Million,$24.3 Million,0,Jackpot,,,0,1,0,3,10,10000,4,30000,246,500,33,1500,684,200,138,600,16326,10,2934,30,14759,10,2593,30,122933,4,21517,12,314529,2,54898,6
2019-03-19,$45 Million,$27.1 Million,0,Jackpot,,,1,1,0,3,9,10000,0,30000,227,500,43,1500,655,200,111,600,16251,10,2796,30,14880,10,2543,30,125930,4,22175,12,327450,2,57636,6
2019-03-22,$50 Million,$30.9 Million,0,Jackpot,,,2,1,0,3,14,10000,6,30000,284,500,43,1500,813,200,140,600,18489,10,3174,30,17358,10,2966,30,148227,4,25811,12,379791,2,66573,6
2019-03-26,$57 Million,$35.4 Million,0,Jackpot,,,2,1,0,3,12,10000,3,30000,310,500,55,1500,940,200,163,600,21226,10,3625,30,21020,10,3638,30,161808,4,28351,12,387902,2,68654,6
2019-03-29,$75 Million,$46.9 Million,0,Jackpot,,,0,1,0,3,14,10000,0,30000,271,500,51,1500,842,200,142,600,19753,10,3387,30,19629,10,3450,30,155284,4,27276,12,377264,2,65986,6
2019-04-02,$88 Million,$54.0 Million,0,Jackpot,,,0,1,0,3,15,10000,2,30000,265,500,49,1500,704,200,127,600,16622,10,2916,30,14398,10,2553,30,115468,4,20355,12,308679,2,55004,6
2019-04-05,$104 Million,$63.6 Million,0,Jackpot,,,2,1,1,2,11,10000,1,20000,323,500,54,1000,812,200,126,400,22100,10,3754,20,17288,10,2812,20,135167,4,22775,8,328672,2,55495,4
2019-04-09,$120 Million,$73.6 Million,0,Jackpot,,,1,1,0,2,16,10000,2,20000,377,500,70,1000,1045,200,184,400,22443,10,3842,20,20985,10,3627,20,162705,4,27919,8,394556,2,67613,4
2019-04-12,$140 Million,$85.1 Million,0,Jackpot,,,0,1,0,2,16,10000,5,20000,326,500,49,1000,931,200,173,400,22779,10,3780,20,20754,10,3533,20,164251,4,27490,8,388673,2,65103,4
2019-04-16,$157 Million,$95.2 Million,0,Jackpot,,,2,1,0,2,13,10000,2,20000,362,500,60,1000,990,200,167,400,21809,10,3584,20,20824,10,3522,20,164779,4,28001,8,403332,2,68054,4
2019-04-19,$175 Million,$106.4 Million,0,Jackpot,,,1,1,0,4,19,10000,2,40000,327,500,39,2000,885,200,145,800,21485,10,3540,40,18451,10,2993,40,146909,4,23949,16,362311,2,58721,8
2019-04-23,$192 Million,$116.4 Million,0,Jackpot,,,0,1,0,4,16,10000,4,40000,380,500,44,2000,1045,200,202,800,23866,10,3922,40,22653,10,3781,40,176507,4,29585,16,419217,2,69894,8
2019-04-26,$212 Million,$129.9 Million,0,Jackpot,,,0,1,0,4,30,10000,4,40000,561,500,91,2000,1501,200,253,800,31668,10,5492,40,27787,10,4497,40,198694,4,32939,16,448939,2,73008,8
2019-04-30,$229 Million,$139.8 Million,0,Jackpot,,,1,1,0,3,21,10000,5,30000,366,500,59,1500,953,200,151,600,24382,10,3822,30,20292,10,3109,30,160833,4,24901,12,408073,2,63527,6
2019-05-03,$252 Million,$154.3 Million,0,Jackpot,,,1,1,0,2,18,10000,3,20000,417,500,65,1000,1291,200,214,400,27850,10,4428,20,27475,10,4604,20,214785,4,35769,8,521454,2,86855,4
2019-05-07,$273 Million,$168.3 Million,0,Jackpot,,,0,1,0,3,15,10000,0,30000,437,500,53,1500,1187,200,148,600,27865,10,4391,30,23902,10,3675,30,184798,4,28862,12,443630,2,68824,6
2019-05-10,$295 Million,$182.5 Million,0,Jackpot,,,1,1,0,2,20,10000,3,20000,394,500,52,1000,1127,200,200,400,28894,10,4519,20,24676,10,3760,20,190379,4,29902,8,460965,2,70968,4
2019-05-14,$316 Million,$196.2 Million,0,Jackpot,,,1,1,0,4,27,10000,4,40000,426,500,65,2000,1143,200,163,800,28722,10,4440,40,24572,10,3687,40,197353,4,29820,16,496801,2,74950,8
2019-05-17,$339 Million,$210.6 Million,0,Jackpot,,,3,1,0,3,23,10000,5,30000,573,500,80,1500,1702,200,295,600,36159,10,5831,30,34376,10,5609,30,252183,4,40384,12,588580,2,93161,6
2019-05-21,$367 Million,$228.0 Million,0,Jackpot,,,5,1,2,5,21,10000,1,50000,487,500,76,2500,1334,200,191,1000,31989,10,4818,50,28752,10,4338,50,230668,4,35059,20,585051,2,90016,10
2019-05-24,$393 Million,$247.6 Million,0,Jackpot,,,1,1,1,2,20,10000,4,20000,535,500,78,1000,1501,200,239,400,34350,10,5119,20,32035,10,4758,20,256361,4,39595,8,669282,2,105337,4
2019-05-28,$418 Million,$264.7 Million,0,Jackpot,,,5,1,2,2,22,10000,4,20000,616,500,90,1000,1564,200,237,400,38550,10,5670,20,32423,10,4805,20,251149,4,36688,8,602093,2,87413,4
2019-05-31,$444 Million,$287.0 Million,0,Jackpot,,,2,1,0,3,38,10000,5,30000,734,500,97,1500,2111,200,307,600,48937,10,7204,30,46538,10,6953,30,358538,4,53721,12,842135,2,124819,6
2019-06-04,$475 Million,$308.2 Million,0,Jackpot,,,5,1,1,2,46,10000,8,20000,761,500,113,1000,2136,200,331,400,50912,10,7334,20,43974,10,6196,20,348994,4,49478,8,873589,2,124855,4
2019-06-07,$530 Million,$345.2 Million,1,Jackpot,,,3,1,0,3,48,10000,5,30000,1050,500,144,1500,2782,200,360,600,69646,10,10029,30,61260,10,8800,30,467555,4,65292,12,1108996,2,154033,6
2019-06-11,$40 Million,$25.8 Million,0,Jackpot,,,1,1,1,3,8,10000,1,30000,212,500,43,1500,689,200,125,600,15000,10,2720,30,14660,10,2729,30,120181,4,22524,12,323272,2,62367,6
2019-06-14,$45 Million,$29.2 Million,0,Jackpot,,,1,1,1,2,14,10000,2,20000,226,500,43,1000,593,200,114,400,14605,10,2666,20,13742,10,2531,20,114856,4,20939,8,298706,2,55521,4
2019-06-18,$50 Million,$32.7 Million,0,Jackpot,,,0,1,0,2,8,10000,1,20000,370,500,66,1000,662,200,125,400,21381,10,4261,20,13745,10,2494,20,102935,4,18623,8,244118,2,44355,4
2019-06-21,$55 Million,$36.0 Million,0,Jackpot,,,2,1,0,3,10,10000,2,30000,208,500,48,1500,614,200,109,600,15500,10,2778,30,13124,10,2349,30,103547,4,18683,12,255424,2,46928,6
2019-06-25,$60 Million,$39.4 Million,0,Jackpot,,,1,1,0,3,10,10000,4,30000,243,500,57,1500,611,200,106,600,15265,10,2789,30,13316,10,2540,30,101881,4,19169,12,255145,2,47630,6
2019-06-28,$71 Million,$46.5 Million,0,Jackpot,,,0,1,0,2,16,10000,2,20000,237,500,45,1000,636,200,125,400,15700,10,2882,20,13388,10,2482,20,108895,4,20040,8,279269,2,51418,4
2019-07-02,$83 Million,$54.1 Million,0,Jackpot,,,0,1,0,2,6,10000,2,20000,258,500,47,1000,774,200,121,400,17018,10,3073,20,17030,10,3158,20,135504,4,25992,8,316018,2,59780,4
2019-07-05,$95 Million,$62.5 Million,0,Jackpot,,,0,1,0,2,9,10000,2,20000,229,500,48,1000,663,200,118,400,14623,10,2565,20,14245,10,2693,20,121040,4,22508,8,309686,2,58418,4
2019-07-09,$107 Million,$69.5 Million,0,Jackpot,,,1,1,1,2,11,10000,1,20000,281,500,39,1000,661,200,113,400,17237,10,3006,20,15200,10,2619,20,118596,4,20663,8,292172,2,51540,4
2019-07-12,$121 Million,$77.5 Million,0,Jackpot,,,0,1,0,2,16,10000,4,20000,294,500,37,1000,832,200,144,400,18099,10,3120,20,19044,10,3474,20,156546,4,29042,8,395551,2,72960,4
2019-07-16,$137 Million,$87.9 Million,0,Jackpot,,,1,1,0,3,13,10000,1,30000,340,500,55,1500,850,200,155,600,21428,10,3772,30,16913,10,2892,30,129253,4,22100,12,308399,2,51999,6
2019-07-19,$154 Million,$99.8 Million,0,Jackpot,,,0,1,0,3,12,10000,0,30000,320,500,50,1500,840,200,140,600,21733,10,3738,30,19027,10,3333,30,147270,4,25035,12,355679,2,60719,6
2019-07-23,$168 Million,$108.5 Million,1,Jackpot,,,1,1,0,2,22,10000,3,20000,395,500,70,1000,1098,200,181,400,23623,10,3946,20,23627,10,4333,20,172119,4,30293,8,391571,2,67928,4
2019-07-26,$40 Million,$25.9 Million,0,Jackpot,,,0,1,0,3,15,10000,3,30000,278,500,55,1500,912,200,192,600,19024,10,3663,30,18474,10,3782,30,126283,4,24830,12,270550,2,51447,6
2019-07-30,$45 Million,$29.2 Million,0,Jackpot,,,1,1,1,3,11,10000,1,30000,286,500,57,1500,770,200,138,600,17269,10,3257,30,15136,10,2787,30,107015,4,20037,12,245933,2,45238,6
2019-08-02,$50 Million,$33.3 Million,0,Jackpot,,,1,1,0,2,10,10000,1,20000,271,500,42,1000,647,200,120,400,15789,10,3014,20,12827,10,2392,20,98033,4,18352,8,235455,2,43813,4
2019-08-06,$55 Million,$37.3 Million,0,Jackpot,,,0,1,0,2,4,10000,1,20000,264,500,49,1000,574,200,92,400,16484,10,3124,20,11754,10,2150,20,90391,4,16450,8,218465,2,39702,4
2019-08-09,$60 Million,$41.3 Million,0,Jackpot,,,0,1,0,2,8,10000,0,20000,180,500,38,1000,517,200,96,400,13036,10,2373,20,11327,10,1991,20,93082,4,16835,8,254842,2,46440,4
2019-08-13,$65 Million,$45.5 Million,0,Jackpot,,,0,1,0,3,9,10000,2,30000,274,500,49,1500,774,200,146,600,16944,10,3193,30,16040,10,3010,30,117822,4,22335,12,267021,2,49653,6
2019-08-16,$70 Million,$49.7 Million,0,Jackpot,,,0,1,0,2,16,10000,5,20000,331,500,60,1000,859,200,177,400,19808,10,3799,20,15786,10,3039,20,109241,4,20206,8,245969,2,44634,4
2019-08-20,$79 Million,$56.1 Million,0,Jackpot,,,1,1,0,3,10,10000,2,30000,227,500,36,1500,722,200,134,600,15599,10,2854,30,15033,10,2708,30,116489,4,21202,12,269369,2,48697,6
2019-08-23,$90 Million,$63.2 Million,0,Jackpot,,,1,1,0,2,17,10000,4,20000,246,500,38,1000,603,200,127,400,15893,10,2778,20,14092,10,2445,20,108908,4,19397,8,262949,2,46753,4
2019-08-27,$103 Million,$73.7 Million,0,Jackpot,,,1,1,0,2,17,10000,2,20000,374,500,64,1000,1058,200,182,400,22176,10,3864,20,18976,10,3291,20,134742,4,22897,8,309114,2,51807,4
2019-08-30,$113 Million,$80.7 Million,0,Jackpot,,,0,1,0,4,14,10000,4,40000,470,500,78,2000,1139,200,207,800,27262,10,4928,40,22972,10,4221,40,157272,4,28146,16,348164,2,61830,8
2019-09-03,$127 Million,$90.9 Million,0,Jackpot,,,1,1,0,2,18,10000,2,20000,251,500,40,1000,870,200,170,400,17646,10,3002,20,17702,10,3185,20,139757,4,24568,8,336564,2,58499,4
2019-09-06,$139 Million,$98.7 Million,0,Jackpot,,,2,1,0,4,29,10000,7,40000,715,500,146,2000,1623,200,327,800,34498,10,6668,40,26308,10,4854,40,165669,4,29824,16,354950,2,61513,8
2019-09-10,$154 Million,$107.7 Million,0,Jackpot,,,0,1,0,2,14,10000,3,20000,281,500,39,1000,783,200,134,400,19525,10,3219,20,16072,10,2592,20,127422,4,20834,8,326592,2,53962,4
2019-09-13,$172 Million,$117.1 Million,0,Jackpot,,,1,1,0,2,14,10000,0,20000,363,500,52,1000,869,200,129,400,21922,10,3548,20,20629,10,3463,20,169200,4,28574,8,425455,2,72608,4
2019-09-17,$192 Million,$130.4 Million,0,Jackpot,,,1,1,0,4,18,10000,1,40000,370,500,47,2000,942,200,150,800,23882,10,3798,40,20567,10,3316,40,158434,4,25044,16,379376,2,60150,8
2019-09-20,$211 Million,$145.5 Million,0,Jackpot,,,1,1,0,2,16,10000,4,20000,390,500,54,1000,952,200,154,400,25670,10,4112,20,21218,10,3292,20,166485,4,26024,8,411166,2,64951,4
2019-09-24,$227 Million,$158.4 Million,1,Jackpot,,,1,1,1,4,25,10000,7,40000,488,500,83,2000,1425,200,231,800,30410,10,4720,40,28215,10,4544,40,210218,4,34033,16,499980,2,80298,8
2019-09-27,$40 Million,$27.8 Million,0,Jackpot,,,0,1,0,3,7,10000,2,30000,278,500,53,1500,586,200,95,600,16193,10,2951,30,12019,10,2247,30,92199,4,16839,12,220675,2,39781,6
2019-10-01,$45 Million,$31.7 Million,0,Jackpot,,,0,1,0,2,10,10000,3,20000,243,500,42,1000,653,200,116,400,14473,10,2720,20,15013,10,2964,20,111477,4,21583,8,263788,2,50894,4
2019-10-04,$50 Million,$36.1 Million,0,Jackpot,,,0,1,0,2,5,10000,2,20000,212,500,30,1000,569,200,100,400,14490,10,2643,20,11897,10,2264,20,94960,4,17948,8,233564,2,44089,4
2019-10-08,$55 Million,$39.0 Million,0,Jackpot,,,1,1,1,3,10,10000,4,30000,522,500,106,1500,951,200,201,600,25462,10,5035,30,14187,10,2745,30,94734,4,17409,12,212353,2,38398,6
2019-10-11,$60 Million,$41.2 Million,0,Jackpot,,,2,1,0,3,7,10000,0,30000,216,500,35,1500,632,200,112,600,14422,10,2589,30,14692,10,2729,30,114977,4,22305,12,280610,2,54487,6
2019-10-15,$65 Million,$44.7 Million,0,Jackpot,,,0,1,0,2,9,10000,1,20000,214,500,41,1000,670,200,116,400,16217,10,3080,20,14503,10,2582,20,105342,4,19382,8,241001,2,43940,4
2019-10-18,$71 Million,$48.4 Million,0,Jackpot,,,2,1,1,3,6,10000,0,30000,173,500,36,1500,542,200,95,600,13325,10,2371,30,11215,10,2003,30,91759,4,16463,12,234695,2,42155,6
2019-10-22,$82 Million,$55.8 Million,0,Jackpot,,,2,1,1,4,23,10000,8,40000,645,500,116,2000,1380,200,280,800,26948,10,5341,40,20877,10,4048,40,128688,4,24544,16,271352,2,51041,8
2019-10-25,$93 Million,$63.2 Million,0,Jackpot,,,1,1,0,3,13,10000,4,30000,255,500,54,1500,683,200,126,600,15973,10,2978,30,14896,10,2696,30,117564,4,21627,12,282724,2,51042,6
2019-10-29,$105 Million,$70.6 Million,0,Jackpot,,,2,1,0,2,12,10000,4,20000,521,500,109,1000,832,200,158,400,26335,10,5077,20,15427,10,2863,20,107704,4,18895,8,247330,2,42796,4
2019-11-01,$118 Million,$81.3 Million,0,Jackpot,,,1,1,1,2,10,10000,1,20000,247,500,55,1000,635,200,111,400,17810,10,3128,20,14031,10,2417,20,110834,4,19252,8,271118,2,47914,4
2019-11-05,$127 Million,$85.5 Million,0,Jackpot,,,0,1,0,3,9,10000,1,30000,348,500,53,1500,760,200,128,600,21908,10,3871,30,16998,10,2906,30,127559,4,21946,12,299417,2,51161,6
2019-11-08,$145 Million,$96.2 Million,0,Jackpot,,,0,1,0,3,13,10000,2,30000,312,500,47,1500,963,200,181,600,23339,10,4127,30,19965,10,3400,30,144620,4,24955,12,331335,2,55992,6
2019-11-12,$163 Million,$108.0 Million,0,Jackpot,,,0,1,0,2,20,10000,1,20000,302,500,55,1000,758,200,124,400,19358,10,3129,20,16211,10,2578,20,129337,4,20927,8,320070,2,51622,4
2019-11-15,$178 Million,$119.9 Million,0,Jackpot,,,1,1,0,2,9,10000,1,20000,336,500,62,1000,891,200,136,400,22456,10,3723,20,18722,10,3085,20,144116,4,23016,8,344834,2,55438,4
2019-11-19,$192 Million,$130.2 Million,0,Jackpot,,,0,1,0,3,12,10000,2,30000,316,500,43,1500,975,200,156,600,22756,10,3622,30,19405,10,3201,30,151390,4,23900,12,376857,2,59816,6
2019-11-22,$208 Million,$142.0 Million,0,Jackpot,,,0,1,0,4,18,10000,2,40000,485,500,93,2000,1131,200,191,800,31887,10,5180,40,23386,10,3720,40,173980,4,26974,16,405985,2,62288,8
2019-11-26,$226 Million,$155.7 Million,0,Jackpot,,,1,1,0,2,25,10000,4,20000,450,500,70,1000,1409,200,224,400,30633,10,4925,20,28960,10,4708,20,217815,4,35493,8,509334,2,83535,4
2019-11-29,$243 Million,$166.5 Million,0,Jackpot,,,1,1,0,2,17,10000,6,20000,400,500,60,1000,1206,200,230,400,26431,10,4278,20,25578,10,4338,20,198575,4,33264,8,476813,2,79372,4
2019-12-03,$266 Million,$182.6 Million,0,Jackpot,,,1,1,1,2,21,10000,3,20000,386,500,69,1000,1154,200,191,400,26727,10,4080,20,23571,10,3574,20,189508,4,29326,8,484277,2,76013,4
2019-12-06,$285 Million,$192.6 Million,0,Jackpot,,,0,1,0,5,25,10000,3,50000,464,500,82,2500,1205,200,184,1000,29413,10,4419,50,25604,10,3939,50,198475,4,30335,20,490068,2,74416,10
2019-12-10,$314 Million,$213.1 Million,0,Jackpot,,,2,1,0,2,25,10000,4,20000,546,500,92,1000,1417,200,197,400,36515,10,5530,20,30242,10,4562,20,239660,4,36216,8,607119,2,92615,4
2019-12-13,$340 Million,$230.0 Million,0,Jackpot,,,0,1,0,3,31,10000,5,30000,740,500,107,1500,1738,200,245,600,43927,10,6719,30,36260,10,5515,30,277353,4,41123,12,671565,2,99233,6
2019-12-17,$372 Million,$251.5 Million,1,Jackpot,,,4,1,1,2,22,10000,5,20000,628,500,91,1000,1557,200,226,400,42063,10,6127,20,35423,10,5099,20,278036,4,39971,8,689097,2,100278,4
2019-12-20,$40 Million,$26.7 Million,0,Jackpot,,,1,1,0,3,8,10000,1,30000,233,500,36,1500,571,200,99,600,16419,10,2899,30,12595,10,2241,30,97156,4,17286,12,233283,2,42190,6
2019-12-24,$45 Million,$30.0 Million,0,Jackpot,,,0,1,0,2,8,10000,1,20000,266,500,41,1000,743,200,127,400,15919,10,2704,20,15561,10,2698,20,129833,4,23773,8,345919,2,64200,4
2019-12-27,$50 Million,$33.7 Million,0,Jackpot,,,0,1,0,4,7,10000,0,40000,177,500,30,2000,542,200,103,800,12759,10,2335,40,10978,10,1943,40,88538,4,16487,16,222268,2,41636,8
2019-12-31,$55 Million,$36.6 Million,0,Jackpot,,,1,1,0,3,9,10000,2,30000,262,500,39,1500,809,200,141,600,17282,10,3011,30,16520,10,2945,30,137345,4,24787,12,366483,2,67352,6
2020-01-03,$60 Million,$40.3 Million,0,Jackpot,,,0,1,0,2,9,10000,3,20000,210,500,33,1000,587,200,109,400,13840,10,2589,20,11792,10,2111,20,92567,4,17075,8,236126,2,43642,4
2020-01-07,$69 Million,$46.5 Million,0,Jackpot,,,0,1,0,4,14,10000,4,40000,211,500,37,2000,570,200,94,800,14471,10,2552,40,11873,10,2106,40,96123,4,17206,16,247339,2,45173,8
2020-01-10,$80 Million,$53.7 Million,0,Jackpot,,,1,1,0,2,13,10000,1,20000,240,500,51,1000,639,200,112,400,15784,10,2845,20,13728,10,2409,20,109433,4,19623,8,274749,2,49505,4
2020-01-14,$91 Million,$61.4 Million,0,Jackpot,,,1,1,0,2,12,10000,5,20000,418,500,94,1000,1211,200,261,400,23116,10,4538,20,21417,10,4236,20,139608,4,26778,8,294996,2,54359,4
2020-01-17,$103 Million,$69.2 Million,0,Jackpot,,,1,1,0,3,9,10000,1,30000,276,500,54,1500,845,200,129,600,18823,10,3289,30,18755,10,3306,30,143189,4,26014,12,338432,2,60717,6
2020-01-21,$116 Million,$78.6 Million,0,Jackpot,,,1,1,0,3,15,10000,5,30000,360,500,57,1500,984,200,177,600,20662,10,3638,30,19024,10,3342,30,138946,4,24309,12,322655,2,56709,6
2020-01-24,$130 Million,$89.5 Million,0,Jackpot,,,0,1,0,4,9,10000,2,40000,443,500,93,2000,922,200,157,800,27047,10,4921,40,18275,10,3210,40,132154,4,23151,16,303665,2,52237,8
2020-01-28,$141 Million,$98.6 Million,0,Jackpot,,,0,1,0,3,12,10000,1,30000,305,500,50,1500,752,200,118,600,19835,10,3243,30,16363,10,2601,30,130948,4,22044,12,327170,2,55503,6
2020-01-31,$155 Million,$109.6 Million,0,Jackpot,,,4,1,1,2,12,10000,1,20000,379,500,71,1000,888,200,147,400,22099,10,3935,20,18470,10,3177,20,144243,4,25084,8,362586,2,62853,4
2020-02-04,$168 Million,$117.6 Million,0,Jackpot,,,3,1,0,2,16,10000,2,20000,293,500,48,1000,885,200,148,400,21026,10,3524,20,19635,10,3445,20,159727,4,27325,8,436350,2,77616,4
2020-02-07,$187 Million,$131.5 Million,0,Jackpot,,,3,1,2,3,17,10000,1,30000,469,500,94,1500,1138,200,201,600,26697,10,4530,30,23381,10,3982,30,172410,4,29973,12,400812,2,68703,6
2020-02-11,$202 Million,$142.2 Million,1,Jackpot,,,1,1,0,2,14,10000,2,20000,366,500,55,1000,1112,200,231,400,25379,10,4078,20,24087,10,4028,20,189948,4,31499,8,448614,2,73210,4
2020-02-14,$40 Million,$28.2 Million,0,Jackpot,,,0,1,0,5,9,10000,4,50000,223,500,36,2500,560,200,102,1000,14561,10,2809,50,12089,10,2277,50,96346,4,17899,20,236408,2,44480,10
2020-02-18,$45 Million,$31.7 Million,0,Jackpot,,,2,1,0,3,9,10000,2,30000,202,500,38,1500,552,200,98,600,13424,10,2498,30,13206,10,2484,30,105599,4,20142,12,256264,2,48665,6
2020-02-21,$50 Million,$35.9 Million,0,Jackpot,,,1,1,0,4,8,10000,2,40000,323,500,70,2000,896,200,178,800,20503,10,4025,40,16655,10,3169,40,115917,4,21771,16,254814,2,47231,8
2020-02-25,$55 Million,$39.3 Million,0,Jackpot,,,0,1,0,2,8,10000,2,20000,203,500,32,1000,556,200,113,400,14150,10,2655,20,13801,10,2652,20,106714,4,20675,8,256551,2,50085,4
2020-02-28,$60 Million,$44.9 Million,0,Jackpot,,,0,1,0,2,9,10000,1,20000,244,500,39,1000,601,200,106,400,16283,10,3177,20,13288,10,2596,20,101351,4,19698,8,239392,2,46425,4
2020-03-03,$65 Million,$48.6 Million,0,Jackpot,,,0,1,0,2,4,10000,1,20000,225,500,50,1000,645,200,107,400,15765,10,2948,20,14022,10,2727,20,110211,4,20647,8,257732,2,48178,4
2020-03-06,$70 Million,$56.6 Million,0,Jackpot,,,0,1,0,4,16,10000,4,40000,219,500,40,2000,628,200,116,800,13673,10,2560,40,12642,10,2340,40,107359,4,20361,16,293727,2,57050,8
2020-03-10,$75 Million,$61.3 Million,0,Jackpot,,,1,1,1,5,11,10000,1,50000,229,500,44,2500,658,200,102,1000,14873,10,2848,50,14277,10,2820,50,115432,4,22503,20,278529,2,53845,10
2020-03-13,$80 Million,$61.7 Million,0,Jackpot,,,1,1,0,4,10,10000,2,40000,258,500,43,2000,657,200,135,800,17100,10,3280,40,13733,10,2654,40,101627,4,19701,16,241430,2,45988,8
2020-03-17,$90 Million,$71.3 Million,0,Jackpot,,,1,1,0,3,9,10000,0,30000,195,500,32,1500,540,200,101,600,13333,10,2563,30,11221,10,2132,30,92089,4,17602,12,228488,2,43434,6
2020-03-20,$96 Million,$72.7 Million,0,Jackpot,,,0,1,0,4,12,10000,3,40000,203,500,29,2000,561,200,102,800,12445,10,2470,40,11744,10,2340,40,95003,4,19084,16,264001,2,53186,8
2020-03-24,$101 Million,$79.2 Million,0,Jackpot,,,3,1,0,2,25,10000,8,20000,459,500,117,1000,783,200,167,400,21423,10,4481,20,13848,10,2812,20,93953,4,18891,8,212054,2,41795,4
2020-03-27,$107 Million,$85.5 Million,0,Jackpot,,,1,1,0,4,6,10000,2,40000,214,500,35,2000,550,200,112,800,13655,10,2854,40,11594,10,2356,40,90918,4,18302,16,212146,2,42809,8
2020-03-31,$113 Million,$90.4 Million,0,Jackpot,,,0,1,0,4,10,10000,1,40000,157,500,35,2000,451,200,93,800,11966,10,2391,40,10963,10,2256,40,88616,4,17409,16,215583,2,42790,8
2020-04-03,$121 Million,$98.2 Million,0,Jackpot,,,0,1,0,4,5,10000,1,40000,175,500,39,2000,474,200,95,800,11928,10,2409,40,10248,10,2095,40,83146,4,17062,16,212436,2,44135,8
2020-04-07,$127 Million,$101.1 Million,0,Jackpot,,,1,1,0,2,5,10000,3,20000,176,500,35,1000,474,200,102,400,11388,10,2318,20,9563,10,1902,20,76755,4,15734,8,197814,2,40263,4
2020-04-10,$136 Million,$108.1 Million,0,Jackpot,,,0,1,0,2,11,10000,4,20000,227,500,50,1000,791,200,170,400,15220,10,3107,20,15628,10,3380,20,115255,4,24518,8,266981,2,56778,4
2020-04-14,$145 Million,$114.7 Million,0,Jackpot,,,0,1,0,4,10,10000,3,40000,199,500,38,2000,593,200,111,800,13656,10,2676,40,13271,10,2764,40,114167,4,23599,16,321844,2,67890,8
2020-04-17,$159 Million,$129.7 Million,0,Jackpot,,,1,1,1,4,9,10000,2,40000,251,500,54,2000,643,200,114,800,16484,10,3243,40,13733,10,2687,40,112602,4,22319,16,287780,2,58365,8
2020-04-21,$164 Million,$134.7 Million,0,Jackpot,,,2,1,2,2,11,10000,0,20000,210,500,36,1000,641,200,111,400,15904,10,3144,20,13915,10,2807,20,112000,4,22160,8,274221,2,54692,4
2020-04-24,$174 Million,$141.4 Million,0,Jackpot,,,1,1,1,2,13,10000,3,20000,246,500,57,1000,653,200,116,400,16600,10,3238,20,14551,10,2894,20,115532,4,23204,8,283332,2,55938,4
2020-04-28,$186 Million,$150.4 Million,0,Jackpot,,,0,1,0,3,12,10000,4,30000,277,500,60,1500,750,200,128,600,18345,10,3535,30,15342,10,2919,30,122528,4,23919,12,301346,2,58946,6
2020-05-01,$200 Million,$161.0 Million,0,Jackpot,,,0,1,0,2,16,10000,6,20000,323,500,57,1000,833,200,170,400,21190,10,3973,20,19035,10,3666,20,151030,4,29318,8,369690,2,71929,4
2020-05-05,$215 Million,$172.1 Million,0,Jackpot,,,4,1,0,2,25,10000,2,20000,688,500,172,1000,1243,200,244,400,33734,10,7027,20,22574,10,4382,20,159772,4,30942,8,367892,2,70044,4
2020-05-08,$231 Million,$183.9 Million,0,Jackpot,,,0,1,0,2,10,10000,0,20000,357,500,64,1000,1027,200,188,400,23714,10,4599,20,21888,10,4048,20,172442,4,33205,8,414144,2,80063,4
2020-05-12,$248 Million,$195.8 Million,0,Jackpot,,,2,1,0,5,17,10000,1,50000,484,500,96,2500,1233,200,235,1000,27476,10,5312,50,25617,10,4952,50,189594,4,36210,20,436839,2,82781,10
2020-05-15,$266 Million,$215.3 Million,0,Jackpot,,,0,1,0,3,23,10000,6,30000,462,500,90,1500,1044,200,193,600,29826,10,5894,30,22923,10,4511,30,172905,4,33199,12,411352,2,78284,6
2020-05-19,$274 Million,$216.0 Million,0,Jackpot,,,2,1,0,2,23,10000,7,20000,423,500,80,1000,1228,200,213,400,28475,10,5515,20,26894,10,5133,20,203946,4,39541,8,472565,2,90037,4
2020-05-22,$298 Million,$237.8 Million,0,Jackpot,,,0,1,0,4,22,10000,5,40000,504,500,109,2000,1277,200,283,800,33196,10,6277,40,25699,10,4900,40,190965,4,35285,16,451886,2,83233,8
2020-05-26,$313 Million,$247.4 Million,0,Jackpot,,,0,1,0,3,17,10000,4,30000,387,500,73,1500,1106,200,185,600,26773,10,4779,30,23884,10,4283,30,193567,4,35048,12,538845,2,101048,6
2020-05-29,$336 Million,$264.7 Million,0,Jackpot,,,4,1,2,2,14,10000,1,20000,543,500,87,1000,1465,200,306,400,32650,10,6111,20,30413,10,5739,20,241004,4,45996,8,577004,2,110294,4
2020-06-02,$356 Million,$280.3 Million,0,Jackpot,,,3,1,0,3,45,10000,8,30000,837,500,161,1500,2145,200,422,600,44791,10,8766,30,36466,10,6767,30,256119,4,47741,12,581305,2,105600,6
2020-06-05,$378 Million,$284.2 Million,0,Jackpot,,,3,1,0,3,21,10000,6,30000,501,500,89,1500,1371,200,229,600,34442,10,6364,30,29297,10,5344,30,230424,4,41857,12,579016,2,106741,6
2020-06-09,$410 Million,$316.8 Million,1,Jackpot,,,13,1,4,2,74,10000,13,20000,2387,500,570,1000,2626,200,489,400,80070,10,16393,20,43101,10,7941,20,299651,4,53444,8,702979,2,123505,4
2020-06-12,$20 Million,$15.7 Million,0,Jackpot,,,1,1,0,3,10,10000,4,30000,218,500,36,1500,525,200,98,600,13302,10,2767,30,12304,10,2686,30,102479,4,21389,12,253550,2,52846,6
2020-06-16,$22 Million,$17.0 Million,0,Jackpot,,,1,1,0,3,11,10000,1,30000,245,500,51,1500,649,200,133,600,15622,10,3288,30,13647,10,2900,30,103998,4,21738,12,250974,2,52723,6
2020-06-19,$26 Million,$20.3 Million,0,Jackpot,,,1,1,0,2,11,10000,1,20000,215,500,52,1000,654,200,144,400,13362,10,2813,20,14832,10,3109,20,119711,4,25842,8,301289,2,65292,4
2020-06-23,$35 Million,$27.4 Million,0,Jackpot,,,1,1,0,3,7,10000,2,30000,222,500,42,1500,589,200,120,600,15397,10,3116,30,13716,10,2835,30,105695,4,21950,12,254430,2,53125,6
2020-06-26,$44 Million,$35.0 Million,0,Jackpot,,,1,1,1,2,13,10000,2,20000,213,500,41,1000,633,200,124,400,14364,10,2951,20,13562,10,2755,20,109191,4,22623,8,275313,2,56821,4
2020-06-30,$53 Million,$42.3 Million,0,Jackpot,,,1,1,0,2,16,10000,3,20000,271,500,59,1000,792,200,171,400,17089,10,3567,20,17063,10,3686,20,127053,4,27281,8,292894,2,62414,4
2020-07-03,$62 Million,$48.6 Million,0,Jackpot,,,1,1,1,2,4,10000,0,20000,239,500,50,1000,603,200,122,400,17106,10,3541,20,12696,10,2549,20,101842,4,20609,8,258863,2,53286,4
2020-07-07,$73 Million,$57.6 Million,0,Jackpot,,,0,1,0,3,11,10000,4,30000,296,500,63,1500,661,200,116,600,19319,10,3944,30,13756,10,2799,30,103052,4,21141,12,249415,2,50878,6
2020-07-10,$83 Million,$67.0 Million,0,Jackpot,,,0,1,0,5,7,10000,1,50000,266,500,50,2500,652,200,139,1000,18891,10,3991,50,14278,10,2983,50,109408,4,22593,20,261217,2,53581,10
2020-07-14,$91 Million,$73.5 Million,0,Jackpot,,,2,1,1,4,13,10000,2,40000,253,500,61,2000,651,200,131,800,16195,10,3281,40,13552,10,2776,40,110122,4,22425,16,275363,2,55970,8
2020-07-17,$101 Million,$81.2 Million,0,Jackpot,,,2,1,0,3,8,10000,1,30000,281,500,51,1500,766,200,170,600,19141,10,3914,30,16424,10,3415,30,124034,4,25580,12,290916,2,58071,6
2020-07-21,$113 Million,$91.0 Million,0,Jackpot,,,0,1,0,3,15,10000,3,30000,291,500,62,1500,743,200,151,600,18942,10,3694,30,17120,10,3342,30,130666,4,25569,12,316833,2,62984,6
2020-07-24,$124 Million,$100.8 Million,1,Jackpot,,,2,1,0,3,16,10000,2,30000,281,500,61,1500,766,200,174,600,18764,10,3704,30,16293,10,3278,30,128506,4,25859,12,314842,2,63680,6
2020-07-28,$20 Million,$16.2 Million,0,Jackpot,,,2,1,0,4,12,10000,3,40000,317,500,77,2000,517,200,92,800,17387,10,3807,40,11698,10,2468,40,88343,4,19101,16,207915,2,44437,8
2020-07-31,$22 Million,$17.9 Million,1,Jackpot,,,0,1,0,2,6,10000,0,20000,175,500,41,1000,490,200,107,400,12589,10,2717,20,10774,10,2364,20,86807,4,19138,8,216764,2,48329,4
2020-08-04,$20 Million,$16.4 Million,0,Jackpot,,,1,1,0,3,10,10000,3,30000,218,500,52,1500,506,200,106,600,13439,10,2779,30,10662,10,2256,30,82702,4,17586,12,197811,2,42263,6
2020-08-07,$22 Million,$18.0 Million,0,Jackpot,,,0,1,0,2,6,10000,1,20000,162,500,30,1000,517,200,123,400,12371,10,2657,20,10959,10,2325,20,94905,4,20578,8,256240,2,55462,4
2020-08-11,$24 Million,$19.3 Million,0,Jackpot,,,2,1,1,4,7,10000,1,40000,232,500,52,2000,616,200,126,800,14357,10,3048,40,13536,10,2870,40,102123,4,22114,16,240503,2,51597,8
2020-08-14,$31 Million,$24.5 Million,0,Jackpot,,,0,1,0,2,19,10000,6,20000,241,500,47,1000,758,200,154,400,15329,10,3269,20,15651,10,3434,20,114790,4,25178,8,257523,2,56534,4
2020-08-18,$40 Million,$31.8 Million,0,Jackpot,,,0,1,0,4,17,10000,3,40000,271,500,40,2000,609,200,128,800,17189,10,3640,40,12374,10,2574,40,91827,4,18873,16,215904,2,44182,8
2020-08-21,$49 Million,$39.1 Million,0,Jackpot,,,2,1,1,2,5,10000,1,20000,243,500,45,1000,662,200,124,400,15526,10,3202,20,13773,10,2901,20,105634,4,22165,8,252902,2,53637,4
2020-08-25,$57 Million,$45.2 Million,0,Jackpot,,,0,1,0,3,14,10000,3,30000,335,500,73,1500,820,200,186,600,20875,10,4558,30,17776,10,3815,30,120623,4,25158,12,266668,2,55458,6
2020-08-28,$68 Million,$53.2 Million,0,Jackpot,,,1,1,1,3,13,10000,1,30000,234,500,45,1500,577,200,117,600,15344,10,3087,30,13863,10,2783,30,107583,4,21967,12,254858,2,51717,6
2020-09-01,$78 Million,$61.1 Million,0,Jackpot,,,2,1,0,4,5,10000,2,40000,267,500,58,2000,639,200,140,800,17279,10,3520,40,13865,10,2801,40,106114,4,21929,16,262091,2,54277,8
2020-09-04,$88 Million,$69.9 Million,0,Jackpot,,,1,1,0,3,14,10000,1,30000,347,500,75,1500,766,200,167,600,20762,10,4399,30,15402,10,3123,30,116466,4,23804,12,274104,2,55461,6
2020-09-08,$97 Million,$77.2 Million,0,Jackpot,,,0,1,0,2,14,10000,3,20000,360,500,76,1000,782,200,162,400,22220,10,4730,20,15491,10,3250,20,110968,4,22145,8,254644,2,50253,4
2020-09-11,$108 Million,$85.9 Million,0,Jackpot,,,0,1,0,2,11,10000,1,20000,269,500,49,1000,792,200,156,400,18915,10,3633,20,18526,10,3682,20,147555,4,29672,8,351744,2,70924,4
2020-09-15,$119 Million,$94.6 Million,1,Jackpot,,,1,1,0,4,13,10000,2,40000,261,500,49,2000,732,200,125,800,17940,10,3375,40,15710,10,2979,40,123610,4,23802,16,312795,2,60957,8
2020-09-18,$20 Million,$15.8 Million,0,Jackpot,,,0,1,0,3,5,10000,2,30000,184,500,34,1500,578,200,119,600,12183,10,2524,30,12422,10,2599,30,102843,4,22294,12,266129,2,58318,6
2020-09-22,$22 Million,$17.5 Million,0,Jackpot,,,0,1,0,4,8,10000,1,40000,173,500,35,2000,463,200,91,800,11513,10,2368,40,10793,10,2181,40,89225,4,18640,16,253943,2,53543,8
2020-09-25,$24 Million,$19.1 Million,0,Jackpot,,,0,1,0,2,2,10000,1,20000,183,500,34,1000,476,200,95,400,12462,10,2530,20,10355,10,2237,20,82511,4,17389,8,207474,2,44464,4
2020-09-29,$32 Million,$25.5 Million,0,Jackpot,,,0,1,0,3,5,10000,1,30000,211,500,44,1500,494,200,96,600,12478,10,2571,30,10657,10,2208,30,84133,4,17368,12,216640,2,45280,6
2020-10-02,$41 Million,$32.2 Million,0,Jackpot,,,1,1,0,2,6,10000,1,20000,239,500,53,1000,531,200,119,400,13545,10,2833,20,11591,10,2349,20,93727,4,19375,8,234102,2,48238,4
2020-10-06,$50 Million,$38.6 Million,0,Jackpot,,,1,1,0,3,11,10000,4,30000,216,500,44,1500,578,200,103,600,14044,10,2900,30,11861,10,2449,30,94071,4,19405,12,233097,2,49180,6
2020-10-09,$60 Million,$46.4 Million,0,Jackpot,,,1,1,1,2,16,10000,3,20000,342,500,73,1000,1053,200,241,400,20636,10,4500,20,18730,10,4092,20,124501,4,26767,8,270760,2,57234,4
2020-10-13,$69 Million,$53.9 Million,0,Jackpot,,,0,1,0,2,13,10000,2,20000,227,500,48,1000,524,200,107,400,13851,10,2740,20,11714,10,2374,20,95378,4,18972,8,234616,2,46620,4
2020-10-16,$77 Million,$60.3 Million,0,Jackpot,,,2,1,0,5,5,10000,1,50000,219,500,48,2500,573,200,114,1000,13921,10,2827,50,13094,10,2654,50,108119,4,22037,20,281750,2,58046,10
2020-10-20,$86 Million,$66.6 Million,0,Jackpot,,,0,1,0,3,15,10000,5,30000,190,500,36,1500,567,200,114,600,13233,10,2578,30,12613,10,2522,30,103776,4,21126,12,309222,2,64623,6
2020-10-23,$97 Million,$74.0 Million,0,Jackpot,,,0,1,0,2,10,10000,2,20000,225,500,38,1000,595,200,121,400,14686,10,2962,20,12986,10,2643,20,104586,4,21181,8,267469,2,55035,4
2020-10-27,$109 Million,$84.4 Million,0,Jackpot,,,0,1,0,3,22,10000,2,30000,259,500,50,1500,622,200,111,600,16255,10,3077,30,13684,10,2546,30,110798,4,20733,12,271923,2,51517,6
2020-10-30,$118 Million,$91.0 Million,0,Jackpot,,,1,1,1,2,8,10000,1,20000,238,500,52,1000,796,200,158,400,17270,10,3322,20,16549,10,3416,20,135788,4,27763,8,334253,2,68608,4
2020-11-03,$129 Million,$98.7 Million,0,Jackpot,,,0,1,0,3,12,10000,4,30000,271,500,48,1500,675,200,120,600,18567,10,3714,30,15336,10,2942,30,121361,4,23382,12,288564,2,55509,6
2020-11-06,$142 Million,$109.8 Million,0,Jackpot,,,0,1,0,2,12,10000,1,20000,281,500,51,1000,781,200,156,400,19141,10,3791,20,16387,10,3149,20,124462,4,23998,8,298817,2,57613,4
2020-11-10,$152 Million,$114.8 Million,0,Jackpot,,,2,1,0,5,11,10000,2,50000,224,500,46,2500,739,200,164,1000,16452,10,3069,50,15711,10,3050,50,130015,4,25427,20,353733,2,70453,10
2020-11-13,$165 Million,$126.7 Million,0,Jackpot,,,0,1,0,2,24,10000,6,20000,393,500,68,1000,1721,200,389,400,25540,10,5200,20,24929,10,5127,20,169918,4,34612,8,369749,2,72990,4
2020-11-17,$176 Million,$135.8 Million,0,Jackpot,,,1,1,0,3,12,10000,0,30000,314,500,55,1500,772,200,150,600,18862,10,3456,30,15371,10,2823,30,121683,4,22382,12,294315,2,54389,6
2020-11-20,$188 Million,$146.1 Million,0,Jackpot,,,0,1,0,3,10,10000,7,30000,302,500,59,1500,763,200,137,600,18308,10,3396,30,15880,10,2976,30,129162,4,24560,12,329693,2,63571,6
2020-11-24,$200 Million,$154.9 Million,0,Jackpot,,,0,1,0,2,18,10000,2,20000,324,500,54,1000,875,200,168,400,21376,10,3841,20,19813,10,3515,20,159495,4,28373,8,395888,2,70580,4
2020-11-27,$214 Million,$165.8 Million,0,Jackpot,,,2,1,1,2,24,10000,8,20000,458,500,102,1000,1086,200,239,400,23395,10,4531,20,22816,10,4526,20,163984,4,32111,8,367167,2,68901,4
2020-12-01,$229 Million,$176.1 Million,0,Jackpot,,,1,1,0,2,7,10000,3,20000,330,500,55,1000,914,200,184,400,21876,10,4017,20,19354,10,3476,20,158442,4,29147,8,391385,2,71371,4
2020-12-04,$244 Million,$184.7 Million,0,Jackpot,,,1,1,0,3,13,10000,2,30000,441,500,82,1500,1343,200,252,600,27876,10,5134,30,25683,10,4816,30,189447,4,34623,12,428412,2,78392,6
2020-12-08,$264 Million,$202.6 Million,0,Jackpot,,,2,1,0,3,11,10000,0,30000,382,500,70,1500,998,200,174,600,24892,10,4441,30,21871,10,3849,30,171739,4,30637,12,414050,2,73372,6
2020-12-11,$276 Million,$213.1 Million,0,Jackpot,,,1,1,0,4,9,10000,1,40000,440,500,92,2000,982,200,170,800,25084,10,4545,40,21602,10,3898,40,172613,4,31374,16,426473,2,77673,8
2020-12-15,$291 Million,$223.5 Million,0,Jackpot,,,3,1,0,2,28,10000,3,20000,571,500,101,1000,1488,200,282,400,36224,10,6967,20,27864,10,5269,20,197272,4,36353,8,459272,2,83787,4
2020-12-18,$310 Million,$237.5 Million,0,Jackpot,,,0,1,0,3,19,10000,5,30000,475,500,102,1500,1441,200,262,600,30583,10,5613,30,29955,10,5701,30,222126,4,41796,12,518691,2,96708,6
2020-12-22,$330 Million,$252.8 Million,0,Jackpot,,,0,1,0,2,21,10000,5,20000,486,500,88,1000,1339,200,240,400,31215,10,5370,20,26953,10,4657,20,215357,4,37489,8,554858,2,98096,4
2020-12-25,$352 Million,$269.1 Million,0,Jackpot,,,3,1,0,2,17,10000,2,20000,442,500,73,1000,1242,200,201,400,31294,10,5474,20,27198,10,4727,20,215856,4,37584,8,532770,2,92111,4
2020-12-29,$376 Million,$287.0 Million,0,Jackpot,,,0,1,0,3,20,10000,3,30000,597,500,106,1500,1599,200,262,600,39461,10,6937,30,33599,10,5739,30,267558,4,45920,12,662292,2,114553,6
2021-01-01,$401 Million,$306.1 Million,0,Jackpot,,,1,1,0,5,31,10000,2,50000,741,500,120,2500,2010,200,391,1000,47102,10,8230,50,45598,10,8141,50,367840,4,66184,20,925932,2,168318,10
2021-01-05,$447 Million,$339.6 Million,0,Jackpot,,,4,1,1,2,51,10000,8,20000,1051,500,198,1000,2884,200,459,400,68270,10,11162,20,61223,10,10067,20,501143,4,84061,8,1292423,2,220156,4
2021-01-08,$520 Million,$383.4 Million,0,Jackpot,,,5,1,1,2,84,10000,11,20000,1738,500,295,1000,4841,200,834,400,108107,10,18463,20,96883,10,16386,20,705084,4,118318,8,1656804,2,276207,4
2021-01-12,$625 Million,$458.8 Million,0,Jackpot,,,9,1,1,2,116,10000,20,20000,2614,500,433,1000,7024,200,1170,400,159023,10,25309,20,140025,10,22261,20,1015736,4,159130,8,2376739,2,368062,4
2021-01-15,$750 Million,$554.3 Million,0,Jackpot,,,8,1,0,4,142,10000,22,40000,3179,500,499,2000,8443,200,1353,800,207380,10,32298,40,172523,10,26875,40,1285162,4,197349,16,3005958,2,454699,8
2021-01-19,$865 Million,$638.8 Million,0,Jackpot,,,11,1,2,2,139,10000,15,20000,3955,500,658,1000,9323,200,1506,400,246648,10,39492,20,186491,10,28873,20,1399702,4,215260,8,3347532,2,511047,4
2021-01-22,$1 Billion,$739.6 Million,1,Jackpot,,,10,1,2,2,187,10000,31,20000,4575,500,654,1000,12306,200,1908,400,293395,10,44841,20,253920,10,38770,20,1988413,4,306010,8,4847030,2,747270,4
2021-01-26,$20 Million,$14.9 Million,0,Jackpot,,,0,1,0,3,15,10000,0,30000,331,500,55,1500,878,200,185,600,21208,10,4323,30,18485,10,3741,30,151374,4,30833,12,403401,2,83715,6
2021-01-29,$25 Million,$18.4 Million,0,Jackpot,,,1,1,0,3,11,10000,4,30000,275,500,61,1500,815,200,194,600,18093,10,3934,30,16497,10,3609,30,144436,4,31936,12,388725,2,85636,6
2021-02-02,$42 Million,$30.9 Million,0,Jackpot,,,1,1,0,2,15,10000,2,20000,266,500,46,1000,794,200,188,400,18432,10,3837,20,17325,10,3641,20,141973,4,30448,8,370101,2,81208,4
2021-02-05,$54 Million,$39.4 Million,0,Jackpot,,,0,1,0,4,26,10000,8,40000,436,500,110,2000,1158,200,230,800,26426,10,5907,40,20598,10,4314,40,149591,4,31611,16,347354,2,72889,8
2021-02-09,$68 Million,$49.7 Million,0,Jackpot,,,1,1,1,4,25,10000,5,40000,443,500,93,2000,1238,200,265,800,26958,10,5884,40,22906,10,4945,40,160748,4,34321,16,359136,2,76384,8
2021-02-12,$82 Million,$59.2 Million,0,Jackpot,,,5,1,0,3,21,10000,5,30000,608,500,127,1500,1311,200,310,600,31535,10,6973,30,23108,10,5110,30,154930,4,32860,12,342390,2,70912,6
2021-02-16,$96 Million,$68.5 Million,1,Jackpot,,,1,1,0,3,9,10000,1,30000,236,500,50,1500,717,200,139,600,16847,10,3238,30,16079,10,3102,30,133362,4,26131,12,347868,2,68827,6
2021-02-19,$20 Million,$14.1 Million,0,Jackpot,,,0,1,0,4,4,10000,1,40000,220,500,33,2000,620,200,144,800,14496,10,3014,40,13406,10,2839,40,109638,4,23478,16,284085,2,61921,8
2021-02-23,$22 Million,$15.4 Million,0,Jackpot,,,2,1,1,3,30,10000,7,30000,554,500,145,1500,1169,200,298,600,28215,10,6577,30,18297,10,4211,30,118201,4,25844,12,256494,2,56267,6
2021-02-26,$30 Million,$20.7 Million,0,Jackpot,,,0,1,0,2,16,10000,3,20000,232,500,53,1000,685,200,152,400,15033,10,3361,20,15091,10,3329,20,125031,4,28123,8,303507,2,67773,4
2021-03-02,$43 Million,$29.8 Million,0,Jackpot,,,0,1,0,2,13,10000,3,20000,255,500,51,1000,700,200,153,400,19351,10,4261,20,14574,10,3275,20,109979,4,24868,8,259915,2,58454,4
2021-03-05,$55 Million,$37.4 Million,0,Jackpot,,,2,1,0,2,19,10000,5,20000,471,500,106,1000,933,200,212,400,26464,10,6202,20,16067,10,3555,20,113579,4,25174,8,257957,2,56595,4
2021-03-09,$68 Million,$46.8 Million,0,Jackpot,,,0,1,0,2,9,10000,0,20000,214,500,51,1000,675,200,147,400,15044,10,3263,20,15053,10,3268,20,128416,4,28767,8,326384,2,73261,4
2021-03-12,$79 Million,$53.3 Million,0,Jackpot,,,1,1,0,4,15,10000,4,40000,265,500,43,2000,777,200,164,800,18932,10,4210,40,15360,10,3376,40,116580,4,26075,16,279841,2,62903,8
2021-03-16,$93 Million,$63.0 Million,0,Jackpot,,,0,1,0,2,5,10000,2,20000,231,500,52,1000,707,200,151,400,16244,10,3490,20,15295,10,3224,20,127249,4,27074,8,328431,2,70191,4
2021-03-19,$105 Million,$69.8 Million,0,Jackpot,,,0,1,0,3,12,10000,5,30000,280,500,67,1500,747,200,162,600,18433,10,3858,30,18075,10,3767,30,147483,4,31240,12,364174,2,76623,6
2021-03-23,$122 Million,$82.3 Million,0,Jackpot,,,0,1,0,2,20,10000,4,20000,343,500,70,1000,955,200,207,400,20987,10,4329,20,20353,10,4388,20,157584,4,33313,8,382830,2,81652,4
2021-03-26,$137 Million,$92.6 Million,0,Jackpot,,,2,1,0,3,10,10000,2,30000,353,500,75,1500,850,200,152,600,20047,10,4156,30,17975,10,3717,30,145139,4,30314,12,352057,2,73131,6
2021-03-30,$152 Million,$101.9 Million,0,Jackpot,,,2,1,1,3,15,10000,4,30000,314,500,65,1500,911,200,159,600,21307,10,4318,30,20043,10,4184,30,152948,4,31447,12,376820,2,77028,6
2021-04-02,$168 Million,$113.1 Million,0,Jackpot,,,1,1,0,2,13,10000,0,20000,408,500,91,1000,871,200,172,400,22657,10,4703,20,19455,10,3911,20,153534,4,31283,8,381158,2,78292,4
2021-04-06,$184 Million,$124.4 Million,0,Jackpot,,,1,1,0,3,19,10000,3,30000,401,500,95,1500,984,200,188,600,26136,10,5302,30,20943,10,4199,30,159244,4,32023,12,380016,2,76057,6
2021-04-09,$201 Million,$136.0 Million,0,Jackpot,,,0,1,0,2,9,10000,2,20000,345,500,79,1000,1033,200,212,400,24688,10,4959,20,24125,10,4815,20,193728,4,38596,8,471253,2,93754,4
2021-04-13,$220 Million,$149.0 Million,0,Jackpot,,,1,1,0,4,15,10000,5,40000,400,500,99,2000,1285,200,261,800,29246,10,5875,40,26734,10,5270,40,204105,4,39898,16,477915,2,92210,8
2021-04-16,$240 Million,$164.2 Million,0,Jackpot,,,1,1,1,4,16,10000,4,40000,444,500,76,2000,1180,200,227,800,29402,10,5718,40,23993,10,4602,40,185166,4,35643,16,449004,2,86787,8
2021-04-20,$257 Million,$175.5 Million,0,Jackpot,,,2,1,0,3,17,10000,3,30000,449,500,78,1500,1168,200,230,600,28172,10,5277,30,26268,10,4857,30,208743,4,40040,12,517130,2,100203,6
2021-04-23,$277 Million,$190.3 Million,0,Jackpot,,,0,1,0,3,22,10000,6,30000,504,500,92,1500,1298,200,258,600,33068,10,6487,30,26066,10,5000,30,199470,4,37612,12,476844,2,89931,6
2021-04-27,$297 Million,$203.7 Million,0,Jackpot,,,0,1,0,4,18,10000,6,40000,490,500,95,2000,1287,200,238,800,31117,10,5825,40,26529,10,4899,40,207846,4,38692,16,505796,2,94942,8
2021-04-30,$319 Million,$217.0 Million,0,Jackpot,,,2,1,0,3,25,10000,6,30000,618,500,118,1500,1629,200,308,600,36871,10,7049,30,34815,10,6811,30,254393,4,49179,12,591438,2,112345,6
2021-05-04,$345 Million,$236.9 Million,0,Jackpot,,,4,1,1,3,28,10000,4,30000,539,500,89,1500,1497,200,282,600,35728,10,6518,30,30388,10,5599,30,239363,4,44851,12,583603,2,108340,6
2021-05-07,$370 Million,$254.4 Million,0,Jackpot,,,2,1,0,4,39,10000,12,40000,972,500,186,2000,2520,200,521,800,51343,10,10136,40,43297,10,8768,40,282761,4,54139,16,625047,2,115629,8
2021-05-11,$402 Million,$272.1 Million,0,Jackpot,,,2,1,0,3,25,10000,2,30000,707,500,146,1500,1785,200,331,600,46753,10,8755,30,37525,10,6985,30,283366,4,50953,12,667139,2,119964,6
2021-05-14,$430 Million,$290.5 Million,0,Jackpot,,,1,1,0,2,23,10000,2,20000,659,500,112,1000,1899,200,382,400,45617,10,8109,20,42255,10,7729,20,333874,4,61359,8,806604,2,146204,4
2021-05-18,$475 Million,$319.4 Million,0,Jackpot,,,5,1,1,2,34,10000,3,20000,761,500,121,1000,2034,200,339,400,48852,10,8366,20,45690,10,8106,20,366050,4,63418,8,908068,2,159193,4
2021-05-21,$515 Million,$348.6 Million,1,Jackpot,,,0,1,0,3,53,10000,10,30000,1254,500,211,1500,3313,200,623,600,78031,10,14121,30,67333,10,11625,30,472806,4,81013,12,1079958,2,181487,6
2021-05-25,$20 Million,$13.6 Million,0,Jackpot,,,1,1,0,3,12,10000,1,30000,244,500,49,1500,822,200,184,600,17812,10,3892,30,17869,10,4007,30,131601,4,29055,12,318103,2,70088,6
2021-05-28,$22 Million,$15.0 Million,0,Jackpot,,,1,1,0,2,8,10000,3,20000,243,500,60,1000,694,200,176,400,17503,10,3816,20,15915,10,3497,20,119074,4,26814,8,280170,2,62077,4
2021-06-01,$34 Million,$23.0 Million,0,Jackpot,,,2,1,0,2,11,10000,1,20000,263,500,51,1000,598,200,137,400,17440,10,4024,20,13841,10,3120,20,99731,4,22356,8,235348,2,52136,4
2021-06-04,$45 Million,$30.8 Million,0,Jackpot,,,0,1,0,3,7,10000,1,30000,218,500,38,1500,678,200,149,600,15401,10,3363,30,15116,10,3216,30,124428,4,27089,12,305092,2,66885,6
2021-06-08,$56 Million,$38.7 Million,1,Jackpot,,,2,1,0,3,17,10000,7,30000,255,500,56,1500,644,200,146,600,16563,10,3615,30,14172,10,3127,30,110159,4,24007,12,263953,2,56753,6
2021-06-11,$20 Million,$13.9 Million,0,Jackpot,,,1,1,1,4,7,10000,1,40000,178,500,41,2000,584,200,122,800,12852,10,2884,40,12598,10,2904,40,110140,4,24881,16,293985,2,67216,8
2021-06-15,$22 Million,$15.2 Million,0,Jackpot,,,0,1,0,4,11,10000,0,40000,231,500,45,2000,749,200,160,800,15741,10,3579,40,15489,10,3417,40,116891,4,26502,16,273781,2,62337,8
2021-06-18,$30 Million,$21.2 Million,0,Jackpot,,,0,1,0,2,6,10000,0,20000,213,500,49,1000,613,200,154,400,14278,10,3057,20,12576,10,2852,20,97413,4,22114,8,245186,2,56209,4
2021-06-22,$40 Million,$27.9 Million,0,Jackpot,,,2,1,0,4,9,10000,0,40000,200,500,41,2000,600,200,136,800,13602,10,2932,40,12097,10,2580,40,99065,4,21740,16,247325,2,54250,8
2021-06-25,$50 Million,$35.0 Million,0,Jackpot,,,2,1,1,4,19,10000,4,40000,230,500,51,2000,592,200,115,800,14587,10,3183,40,14170,10,3123,40,113616,4,25121,16,282620,2,63299,8
2021-06-29,$61 Million,$42.8 Million,0,Jackpot,,,1,1,0,3,9,10000,2,30000,210,500,49,1500,627,200,137,600,14490,10,3211,30,12718,10,2826,30,102517,4,22375,12,248838,2,54302,6
2021-07-02,$72 Million,$50.6 Million,0,Jackpot,,,2,1,0,2,8,10000,2,20000,249,500,68,1000,652,200,147,400,17422,10,3863,20,14501,10,3169,20,112353,4,24737,8,271986,2,59847,4
2021-07-06,$82 Million,$58.1 Million,0,Jackpot,,,0,1,0,3,11,10000,4,30000,218,500,59,1500,588,200,120,600,14050,10,3014,30,12602,10,2648,30,103857,4,22469,12,277462,2,60804,6
2021-07-09,$94 Million,$67.0 Million,0,Jackpot,,,0,1,0,2,8,10000,0,20000,255,500,61,1000,611,200,117,400,16828,10,3609,20,14414,10,3140,20,112654,4,24353,8,278991,2,60406,4
2021-07-13,$104 Million,$74.3 Million,0,Jackpot,,,0,1,0,2,10,10000,4,20000,487,500,115,1000,880,200,156,400,25839,10,5806,20,16940,10,3654,20,118963,4,24793,8,273012,2,56262,4
2021-07-16,$117 Million,$83.9 Million,0,Jackpot,,,1,1,0,4,15,10000,6,40000,302,500,65,2000,776,200,173,800,17510,10,3530,40,15007,10,3125,40,117600,4,24572,16,293035,2,60992,8
2021-07-20,$128 Million,$94.1 Million,0,Jackpot,,,0,1,0,2,13,10000,4,20000,294,500,53,1000,942,200,200,400,19286,10,4049,20,19298,10,4168,20,143309,4,30366,8,333611,2,68219,4
2021-07-23,$140 Million,$100.7 Million,0,Jackpot,,,0,1,0,3,13,10000,3,30000,302,500,59,1500,841,200,162,600,20908,10,4416,30,17620,10,3887,30,131042,4,27384,12,307004,2,62995,6
2021-07-27,$153 Million,$111.0 Million,0,Jackpot,,,3,1,1,3,15,10000,1,30000,266,500,57,1500,773,200,169,600,17702,10,3465,30,16765,10,3389,30,144121,4,29435,12,372958,2,78191,6
2021-07-30,$166 Million,$120.1 Million,0,Jackpot,,,0,1,0,3,17,10000,5,30000,347,500,77,1500,971,200,190,600,21223,10,4519,30,20195,10,4281,30,154728,4,32399,12,368782,2,76007,6
2021-08-03,$179 Million,$131.0 Million,0,Jackpot,,,1,1,0,2,29,10000,6,20000,581,500,114,1000,1082,200,210,400,30636,10,6529,20,19383,10,3942,20,139279,4,27752,8,320054,2,63429,4
2021-08-06,$191 Million,$138.0 Million,0,Jackpot,,,0,1,0,2,12,10000,4,20000,342,500,66,1000,942,200,190,400,20816,10,4135,20,20734,10,4356,20,161746,4,32898,8,388814,2,78212,4
2021-08-10,$208 Million,$149.1 Million,0,Jackpot,,,0,1,0,2,15,10000,2,20000,306,500,60,1000,828,200,152,400,20704,10,3866,20,18805,10,3634,20,153871,4,28986,8,411657,2,80122,4
2021-08-13,$225 Million,$161.0 Million,0,Jackpot,,,0,1,0,2,17,10000,5,20000,407,500,85,1000,1149,200,252,400,25038,10,4968,20,23840,10,4738,20,183644,4,37303,8,443610,2,89322,4
2021-08-17,$242 Million,$175.4 Million,0,Jackpot,,,1,1,0,3,11,10000,0,30000,422,500,84,1500,1039,200,192,600,27058,10,5238,30,21304,10,4006,30,159226,4,29644,12,379159,2,71197,6
2021-08-20,$256 Million,$186.5 Million,0,Jackpot,,,2,1,1,2,22,10000,9,20000,368,500,63,1000,891,200,181,400,22072,10,4119,20,19414,10,3658,20,154281,4,29126,8,414289,2,79437,4
2021-08-24,$270 Million,$195.9 Million,0,Jackpot,,,1,1,0,2,18,10000,2,20000,416,500,102,1000,983,200,181,400,25570,10,4936,20,21094,10,3885,20,164258,4,30826,8,398036,2,74682,4
2021-08-27,$288 Million,$208.0 Million,0,Jackpot,,,3,1,1,3,21,10000,3,30000,393,500,77,1500,987,200,181,600,25847,10,4860,30,22009,10,4132,30,170437,4,31839,12,412355,2,76312,6
2021-08-31,$306 Million,$222.5 Million,0,Jackpot,,,2,1,1,3,22,10000,2,30000,414,500,68,1500,1138,200,216,600,27709,10,5241,30,24590,10,4492,30,191690,4,35828,12,466540,2,86393,6
2021-09-03,$323 Million,$232.8 Million,0,Jackpot,,,1,1,1,2,11,10000,2,20000,455,500,85,1000,1533,200,337,400,33573,10,6553,20,31994,10,6435,20,224429,4,43253,8,505345,2,95645,4
2021-09-07,$345 Million,$247.3 Million,0,Jackpot,,,1,1,0,3,19,10000,1,30000,454,500,77,1500,1306,200,237,600,29183,10,5390,30,26472,10,4909,30,202833,4,37954,12,484196,2,89113,6
2021-09-10,$368 Million,$266.4 Million,0,Jackpot,,,2,1,0,2,12,10000,1,20000,444,500,80,1000,1165,200,226,400,29395,10,5277,20,25700,10,4667,20,203142,4,37503,8,509160,2,95063,4
2021-09-14,$383 Million,$278.7 Million,0,Jackpot,,,2,1,2,2,25,10000,3,20000,512,500,98,1000,1327,200,247,400,33623,10,6156,20,27016,10,4741,20,205696,4,36578,8,497079,2,88181,4
2021-09-17,$405 Million,$293.2 Million,0,Jackpot,,,1,1,0,3,18,10000,1,30000,570,500,84,1500,1448,200,252,600,35223,10,6303,30,30803,10,5657,30,241975,4,43382,12,606553,2,109715,6
2021-09-21,$432 Million,$315.0 Million,1,Jackpot,,,1,1,0,3,25,10000,6,30000,565,500,94,1500,1533,200,254,600,36565,10,6199,30,33792,10,5921,30,270270,4,48214,12,722715,2,131887,6
2021-09-24,$20 Million,$14.3 Million,0,Jackpot,,,3,1,0,3,16,10000,4,30000,268,500,62,1500,746,200,156,600,19220,10,4065,30,16273,10,3438,30,123936,4,26182,12,297460,2,62459,6
2021-09-28,$22 Million,$15.4 Million,0,Jackpot,,,1,1,0,4,9,10000,3,40000,224,500,48,2000,544,200,116,800,14467,10,2902,40,12928,10,2657,40,104070,4,21624,16,265444,2,55186,8
2021-10-01,$34 Million,$23.9 Million,0,Jackpot,,,1,1,0,2,9,10000,4,20000,246,500,53,1000,710,200,160,400,17230,10,3602,20,16067,10,3315,20,131351,4,27563,8,329885,2,69304,4
2021-10-05,$45 Million,$31.6 Million,0,Jackpot,,,2,1,0,3,33,10000,9,30000,580,500,112,1500,1357,200,271,600,30127,10,6459,30,24171,10,5126,30,154712,4,31350,12,337387,2,67195,6
2021-10-08,$60 Million,$41.4 Million,0,Jackpot,,,0,1,0,5,2,10000,1,50000,223,500,45,2500,734,200,146,1000,16313,10,3363,50,13544,10,2863,50,109099,4,22861,20,274346,2,58128,10
2021-10-12,$73 Million,$50.7 Million,0,Jackpot,,,0,1,0,3,9,10000,2,30000,242,500,36,1500,627,200,120,600,14900,10,2989,30,14130,10,2930,30,115873,4,24002,12,300688,2,63245,6
2021-10-15,$84 Million,$58.9 Million,0,Jackpot,,,1,1,0,3,13,10000,3,30000,271,500,54,1500,705,200,155,600,17720,10,3693,30,14996,10,3168,30,117068,4,24747,12,283004,2,59728,6
2021-10-19,$94 Million,$65.9 Million,0,Jackpot,,,0,1,0,3,17,10000,5,30000,404,500,71,1500,1018,200,234,600,24961,10,5457,30,18081,10,3720,30,121115,4,24547,12,268342,2,53031,6
2021-10-22,$108 Million,$75.2 Million,1,Jackpot,,,1,1,0,3,13,10000,4,30000,371,500,81,1500,868,200,183,600,22471,10,4655,30,17295,10,3547,30,130093,4,26842,12,309010,2,63768,6
2021-10-26,$20 Million,$14.0 Million,0,Jackpot,,,1,1,0,4,7,10000,1,40000,194,500,47,2000,581,200,126,800,13700,10,3050,40,13049,10,2855,40,102669,4,22562,16,237230,2,51572,8
2021-10-29,$22 Million,$15.5 Million,0,Jackpot,,,1,1,0,3,12,10000,2,30000,238,500,50,1500,680,200,148,600,15533,10,3345,30,13566,10,3036,30,104230,4,22997,12,250283,2,55988,6
2021-11-02,$26 Million,$18.4 Million,0,Jackpot,,,1,1,0,2,10,10000,1,20000,211,500,45,1000,637,200,144,400,14543,10,3362,20,13730,10,3013,20,102094,4,22293,8,242749,2,53285,4
2021-11-05,$36 Million,$25.8 Million,0,Jackpot,,,1,1,0,2,12,10000,0,20000,193,500,48,1000,527,200,118,400,14892,10,3370,20,12197,10,2761,20,92112,4,20526,8,223781,2,49324,4
2021-11-09,$45 Million,$32.7 Million,0,Jackpot,,,0,1,0,3,16,10000,4,30000,278,500,63,1500,691,200,180,600,17103,10,3776,30,13831,10,3081,30,97948,4,21191,12,219894,2,47209,6
2021-11-12,$53 Million,$37.9 Million,0,Jackpot,,,1,1,0,2,9,10000,2,20000,209,500,45,1000,575,200,135,400,13895,10,3060,20,12479,10,2791,20,99934,4,21702,8,255030,2,56040,4
2021-11-16,$63 Million,$44.5 Million,0,Jackpot,,,0,1,0,3,13,10000,4,30000,201,500,46,1500,528,200,111,600,13059,10,2756,30,12579,10,2626,30,103574,4,22139,12,256179,2,54935,6
2021-11-19,$74 Million,$52.9 Million,0,Jackpot,,,0,1,0,5,8,10000,2,50000,208,500,46,2500,547,200,119,1000,13932,10,3022,50,12310,10,2601,50,98390,4,21254,20,239658,2,52272,10
2021-11-23,$83 Million,$58.6 Million,0,Jackpot,,,0,1,0,3,13,10000,1,30000,200,500,43,1500,547,200,108,600,14210,10,3000,30,12682,10,2609,30,103232,4,21395,12,256683,2,53252,6
2021-11-26,$94 Million,$67.5 Million,0,Jackpot,,,1,1,1,2,9,10000,3,20000,222,500,47,1000,606,200,128,400,15793,10,3266,20,12878,10,2698,20,100597,4,21600,8,238006,2,50510,4
2021-11-30,$102 Million,$74.2 Million,0,Jackpot,,,1,1,0,2,18,10000,5,20000,341,500,63,1000,810,200,185,400,21870,10,4765,20,15568,10,3346,20,113240,4,23920,8,254255,2,52458,4
2021-12-03,$112 Million,$81.9 Million,0,Jackpot,,,2,1,0,5,6,10000,1,50000,228,500,49,2500,708,200,143,1000,15599,10,3134,50,14741,10,3063,50,122719,4,25757,20,335240,2,71363,10
2021-12-07,$122 Million,$89.0 Million,0,Jackpot,,,1,1,0,2,12,10000,4,20000,229,500,45,1000,672,200,135,400,16836,10,3264,20,15032,10,3057,20,114565,4,22877,8,268500,2,52950,4
2021-12-10,$135 Million,$97.7 Million,0,Jackpot,,,0,1,0,2,7,10000,2,20000,244,500,49,1000,764,200,149,400,17011,10,3321,20,16319,10,3320,20,131616,4,26786,8,327576,2,67143,4
2021-12-14,$148 Million,$107.0 Million,0,Jackpot,,,0,1,0,3,13,10000,2,30000,236,500,53,1500,699,200,155,600,17443,10,3478,30,14032,10,2755,30,110298,4,21187,12,282429,2,55837,6
2021-12-17,$160 Million,$116.6 Million,0,Jackpot,,,1,1,1,3,10,10000,2,30000,275,500,58,1500,798,200,145,600,18032,10,3687,30,16992,10,3403,30,138523,4,28122,12,353287,2,73140,6
2021-12-21,$171 Million,$122.8 Million,0,Jackpot,,,1,1,0,3,13,10000,4,30000,240,500,46,1500,669,200,125,600,16939,10,3159,30,14876,10,2795,30,120607,4,23440,12,309981,2,60935,6
2021-12-24,$187 Million,$134.1 Million,0,Jackpot,,,3,1,1,2,13,10000,0,20000,390,500,83,1000,923,200,170,400,26106,10,4980,20,21011,10,4050,20,158427,4,30055,8,379574,2,71130,4
2021-12-28,$201 Million,$145.2 Million,0,Jackpot,,,0,1,0,3,35,10000,7,30000,675,500,141,1500,1406,200,283,600,33997,10,7062,30,25037,10,4973,30,173996,4,33642,12,390331,2,74929,6
2021-12-31,$221 Million,$157.1 Million,0,Jackpot,,,2,1,1,3,22,10000,6,30000,572,500,102,1500,1596,200,264,600,35678,10,6553,30,33444,10,6161,30,255561,4,47117,12,610180,2,112667,6
2022-01-04,$253 Million,$175.6 Million,0,Jackpot,,,4,1,0,3,34,10000,11,30000,863,500,166,1500,1880,200,351,600,47418,10,9221,30,33010,10,6049,30,225531,4,40567,12,514020,2,91066,6
2022-01-07,$278 Million,$191.5 Million,0,Jackpot,,,2,1,1,3,13,10000,4,30000,482,500,74,1500,1349,200,244,600,32348,10,5995,30,28253,10,5153,30,228418,4,42031,12,562742,2,104164,6
2022-01-11,$300 Million,$206.8 Million,0,Jackpot,,,2,1,2,2,20,10000,3,20000,511,500,93,1000,1261,200,225,400,33805,10,6322,20,26259,10,4895,20,202433,4,37260,8,484998,2,88287,4
2022-01-14,$325 Million,$224.2 Million,0,Jackpot,,,3,1,0,2,32,10000,10,20000,809,500,181,1000,1693,200,336,400,44334,10,8685,20,33185,10,6338,20,236435,4,43757,8,542941,2,100155,4
2022-01-18,$347 Million,$236.6 Million,0,Jackpot,,,4,1,3,4,21,10000,4,40000,526,500,88,2000,1473,200,283,800,33574,10,6156,40,31715,10,5713,40,241885,4,44246,16,570658,2,103208,8
2022-01-21,$376 Million,$259.8 Million,0,Jackpot,,,1,1,0,2,23,10000,6,20000,458,500,87,1000,1333,200,247,400,31418,10,5609,20,27968,10,5112,20,222156,4,40895,8,572638,2,107588,4
2022-01-25,$396 Million,$273.6 Million,0,Jackpot,,,2,1,1,3,26,10000,4,30000,570,500,113,1500,1619,200,303,600,36425,10,6462,30,35159,10,6544,30,273748,4,50598,12,643676,2,117142,6
2022-01-28,$421 Million,$289.5 Million,1,Jackpot,,,4,1,1,3,30,10000,6,30000,715,500,120,1500,2087,200,367,600,45622,10,8271,30,42468,10,7907,30,323129,4,60422,12,753128,2,139006,6
2022-02-01,$20 Million,$13.6 Million,0,Jackpot,,,1,1,1,4,9,10000,1,40000,225,500,51,2000,561,200,142,800,14386,10,3117,40,12667,10,2716,40,102646,4,22079,16,250072,2,53658,8
2022-02-04,$22 Million,$14.9 Million,0,Jackpot,,,0,1,0,4,12,10000,2,40000,265,500,61,2000,591,200,131,800,15417,10,3388,40,12132,10,2671,40,95185,4,20986,16,227433,2,49332,8
2022-02-08,$31 Million,$20.7 Million,0,Jackpot,,,2,1,0,3,11,10000,2,30000,242,500,43,1500,622,200,129,600,15090,10,3258,30,13141,10,2826,30,100793,4,21466,12,238490,2,50851,6
2022-02-11,$42 Million,$27.8 Million,0,Jackpot,,,1,1,0,3,13,10000,6,30000,536,500,124,1500,802,200,191,600,23594,10,5356,30,14744,10,3314,30,104438,4,23558,12,235685,2,51587,6
2022-02-15,$53 Million,$34.9 Million,0,Jackpot,,,0,1,0,3,11,10000,5,30000,311,500,69,1500,643,200,137,600,19224,10,4196,30,14028,10,3102,30,100529,4,21841,12,233485,2,50395,6
2022-02-18,$64 Million,$42.7 Million,0,Jackpot,,,1,1,0,4,4,10000,2,40000,238,500,48,2000,619,200,134,800,14983,10,3151,40,13567,10,2961,40,109425,4,23948,16,266167,2,58222,8
2022-02-22,$75 Million,$50.2 Million,0,Jackpot,,,0,1,0,3,12,10000,2,30000,260,500,59,1500,802,200,165,600,18414,10,3861,30,17712,10,3802,30,135892,4,28465,12,314097,2,65282,6
2022-02-25,$87 Million,$57.7 Million,0,Jackpot,,,0,1,0,3,12,10000,6,30000,256,500,46,1500,633,200,130,600,15014,10,3182,30,14306,10,2987,30,118578,4,25173,12,307279,2,65683,6
2022-03-01,$102 Million,$69.5 Million,0,Jackpot,,,0,1,0,2,15,10000,3,20000,292,500,51,1000,756,200,164,400,18451,10,3759,20,16178,10,3433,20,124834,4,25694,8,300048,2,61760,4
2022-03-04,$113 Million,$77.2 Million,0,Jackpot,,,0,1,0,4,10,10000,0,40000,376,500,93,2000,1034,200,218,800,22968,10,4886,40,20660,10,4375,40,150981,4,32068,16,339426,2,71493,8
2022-03-08,$126 Million,$84.5 Million,1,Jackpot,,,0,1,0,3,9,10000,3,30000,276,500,50,1500,782,200,177,600,18976,10,3807,30,16207,10,3300,30,125269,4,25549,12,300061,2,60703,6
2022-03-11,$20 Million,$13.1 Million,0,Jackpot,,,0,1,0,3,10,10000,4,30000,167,500,38,1500,478,200,100,600,13071,10,2867,30,10879,10,2431,30,89885,4,19393,12,229094,2,50204,6
2022-03-15,$22 Million,$14.3 Million,0,Jackpot,,,1,1,0,5,7,10000,2,50000,187,500,47,2500,513,200,118,1000,13159,10,2960,50,10763,10,2388,50,84275,4,18722,20,203319,2,45496,10
2022-03-18,$29 Million,$18.8 Million,0,Jackpot,,,0,1,0,4,8,10000,1,40000,221,500,56,2000,741,200,175,800,15625,10,3448,40,14619,10,3183,40,106378,4,23793,16,244790,2,54227,8
2022-03-22,$39 Million,$24.7 Million,0,Jackpot,,,1,1,0,3,13,10000,5,30000,272,500,64,1500,747,200,164,600,16265,10,3601,30,14581,10,3277,30,104489,4,22693,12,229764,2,49217,6
2022-03-25,$50 Million,$31.6 Million,0,Jackpot,,,0,1,0,2,11,10000,5,20000,244,500,57,1000,552,200,127,400,13647,10,2972,20,12072,10,2647,20,94349,4,20935,8,227022,2,50880,4
2022-03-29,$60 Million,$38.4 Million,0,Jackpot,,,1,1,0,2,12,10000,2,20000,243,500,59,1000,621,200,148,400,14329,10,3081,20,13436,10,2811,20,103169,4,22135,8,236827,2,50989,4
2022-04-01,$70 Million,$44.5 Million,0,Jackpot,,,0,1,0,5,6,10000,0,50000,206,500,42,2500,626,200,134,1000,13608,10,2856,50,11916,10,2551,50,95034,4,20515,20,243892,2,53550,10
2022-04-05,$81 Million,$51.4 Million,0,Jackpot,,,0,1,0,2,4,10000,1,20000,178,500,30,1000,501,200,97,400,12582,10,2673,20,11299,10,2355,20,92606,4,19626,8,242302,2,52762,4
2022-04-08,$94 Million,$57.9 Million,0,Jackpot,,,3,1,0,3,13,10000,5,30000,305,500,60,1500,826,200,169,600,18983,10,4144,30,15561,10,3261,30,111278,4,23563,12,248407,2,51829,6
2022-04-12,$106 Million,$64.5 Million,1,Jackpot,,,4,1,1,2,14,10000,6,20000,478,500,112,1000,940,200,206,400,25299,10,5524,20,15560,10,3288,20,110334,4,23114,8,255858,2,52998,4
2022-04-15,$20 Million,$11.9 Million,1,Jackpot,,,1,1,0,4,7,10000,2,40000,225,500,43,2000,503,200,104,800,15281,10,3271,40,11624,10,2560,40,88514,4,19013,16,211369,2,45249,8
2022-04-19,$20 Million,$11.7 Million,0,Jackpot,,,0,1,0,3,3,10000,0,30000,200,500,49,1500,520,200,102,600,13461,10,2913,30,10857,10,2409,30,84306,4,18563,12,198323,2,43407,6
2022-04-22,$22 Million,$13.0 Million,0,Jackpot,,,2,1,0,3,5,10000,3,30000,198,500,40,1500,624,200,131,600,14072,10,3078,30,13939,10,3221,30,106697,4,23794,12,250929,2,55104,6
2022-04-26,$31 Million,$18.6 Million,0,Jackpot,,,0,1,0,4,12,10000,1,40000,308,500,79,2000,809,200,179,800,18422,10,4060,40,15127,10,3157,40,106040,4,22218,16,237172,2,48640,8
2022-04-29,$43 Million,$25.5 Million,0,Jackpot,,,0,1,0,2,6,10000,2,20000,236,500,50,1000,641,200,138,400,15915,10,3477,20,14435,10,3110,20,113187,4,24349,8,267850,2,57781,4
2022-05-03,$57 Million,$33.6 Million,0,Jackpot,,,0,1,0,2,5,10000,1,20000,237,500,48,1000,641,200,130,400,16192,10,3481,20,13631,10,2900,20,103130,4,22098,8,248430,2,52822,4
2022-05-06,$70 Million,$40.0 Million,0,Jackpot,,,0,1,0,2,19,10000,1,20000,244,500,49,1000,633,200,121,400,15239,10,3222,20,14551,10,3089,20,117937,4,25292,8,292479,2,62513,4
2022-05-10,$86 Million,$49.5 Million,0,Jackpot,,,2,1,0,3,9,10000,1,30000,219,500,52,1500,650,200,140,600,15258,10,3105,30,14851,10,3104,30,118587,4,24423,12,287203,2,59295,6
2022-05-13,$99 Million,$57.4 Million,0,Jackpot,,,1,1,0,3,9,10000,0,30000,256,500,49,1500,754,200,145,600,17421,10,3590,30,16731,10,3546,30,141398,4,30809,12,355444,2,77516,6
2022-05-17,$112 Million,$64.1 Million,0,Jackpot,,,1,1,1,4,9,10000,4,40000,285,500,66,2000,766,200,148,800,19122,10,3904,40,15899,10,3394,40,120265,4,24473,16,280374,2,56555,8
2022-05-20,$131 Million,$76.6 Million,0,Jackpot,,,1,1,0,3,10,10000,3,30000,258,500,59,1500,671,200,155,600,16760,10,3394,30,14758,10,2943,30,117390,4,23451,12,311783,2,64397,6
2022-05-24,$143 Million,$84.3 Million,0,Jackpot,,,2,1,0,3,8,10000,4,30000,286,500,65,1500,838,200,149,600,20645,10,4174,30,17253,10,3536,30,126600,4,24890,12,291100,2,56923,6
2022-05-27,$157 Million,$93.1 Million,0,Jackpot,,,1,1,0,3,13,10000,1,30000,295,500,69,1500,779,200,167,600,18309,10,3584,30,17533,10,3451,30,142283,4,28647,12,340880,2,68122,6
2022-05-31,$170 Million,$98.8 Million,0,Jackpot,,,1,1,0,4,8,10000,2,40000,256,500,51,2000,695,200,131,800,16316,10,2994,40,14800,10,2945,40,117777,4,23675,16,289195,2,57880,8
2022-06-03,$189 Million,$108.9 Million,0,Jackpot,,,1,1,0,4,18,10000,3,40000,302,500,58,2000,989,200,218,800,21609,10,4409,40,21267,10,4614,40,160702,4,34134,16,369115,2,75433,8
2022-06-07,$207 Million,$118.8 Million,0,Jackpot,,,0,1,0,4,16,10000,1,40000,281,500,49,2000,780,200,141,800,20206,10,3858,40,17934,10,3420,40,147666,4,28510,16,375247,2,73580,8
2022-06-10,$226 Million,$128.7 Million,0,Jackpot,,,0,1,0,5,18,10000,3,50000,526,500,120,2500,1333,200,284,1000,30143,10,6359,50,24490,10,4932,50,168320,4,33825,20,375457,2,73823,10
2022-06-14,$247 Million,$137.2 Million,0,Jackpot,,,0,1,0,2,5,10000,0,20000,313,500,61,1000,878,200,168,400,21565,10,4179,20,17983,10,3394,20,142715,4,26640,8,365299,2,69975,4
2022-06-17,$273 Million,$152.8 Million,0,Jackpot,,,3,1,2,2,19,10000,4,20000,339,500,56,1000,826,200,166,400,21191,10,3995,20,18201,10,3397,20,144288,4,27390,8,363331,2,69314,4
2022-06-21,$290 Million,$161.3 Million,0,Jackpot,,,0,1,0,3,14,10000,3,30000,419,500,74,1500,901,200,157,600,26768,10,5051,30,20117,10,3750,30,151945,4,27731,12,362216,2,65855,6
2022-06-24,$312 Million,$177.2 Million,0,Jackpot,,,1,1,0,2,18,10000,4,20000,708,500,164,1000,1491,200,333,400,39872,10,8447,20,26915,10,5426,20,185807,4,35793,8,427418,2,81357,4
2022-06-28,$333 Million,$185.6 Million,0,Jackpot,,,0,1,0,2,25,10000,6,20000,508,500,98,1000,1479,200,275,400,32243,10,6226,20,29457,10,5847,20,210165,4,41040,8,479151,2,90918,4
2022-07-01,$360 Million,$207.6 Million,0,Jackpot,,,3,1,0,3,22,10000,5,30000,423,500,87,1500,1337,200,250,600,31026,10,5984,30,28808,10,5469,30,223467,4,42775,12,536784,2,103318,6
2022-07-05,$370 Million,$214.3 Million,0,Jackpot,,,2,1,0,4,17,10000,4,40000,407,500,77,2000,1153,200,207,800,28597,10,5350,40,24421,10,4445,40,194066,4,35873,16,484815,2,91122,8
2022-07-08,$410 Million,$230.9 Million,0,Jackpot,,,2,1,0,3,20,10000,5,30000,587,500,103,1500,1459,200,262,600,36882,10,6971,30,31796,10,5773,30,253453,4,46457,12,631085,2,116751,6
2022-07-12,$440 Million,$253.0 Million,0,Jackpot,,,1,1,0,2,38,10000,5,20000,693,500,138,1000,2311,200,419,400,51722,10,10029,20,46231,10,8758,20,331840,4,61819,8,764229,2,139607,4
2022-07-15,$480 Million,$276.0 Million,0,Jackpot,,,1,1,0,5,28,10000,6,50000,854,500,159,2500,2261,200,398,1000,56006,10,10142,50,49224,10,9007,50,384057,4,70044,20,930992,2,169631,10
2022-07-19,$555 Million,$316.9 Million,0,Jackpot,,,4,1,0,3,52,10000,11,30000,1379,500,253,1500,3810,200,642,600,90249,10,15460,30,80761,10,14056,30,642522,4,111664,12,1561570,2,271526,6
2022-07-22,$660 Million,$388.0 Million,0,Jackpot,,,4,1,3,3,105,10000,16,30000,1976,500,311,1500,5532,200,870,600,132488,10,22228,30,114591,10,19344,30,903569,4,153072,12,2270147,2,388533,6
2022-07-26,$830 Million,$487.9 Million,0,Jackpot,,,9,1,1,3,156,10000,36,30000,4057,500,683,1500,10977,200,1819,600,263598,10,43630,30,229921,10,38394,30,1820119,4,305468,12,4446493,2,747150,6
2022-07-29,$1.28 Billion,$747.2 Million,1,Jackpot,,,26,1,6,2,375,10000,68,20000,8517,500,1466,1000,22596,200,3864,400,551159,10,91945,20,480665,10,80001,20,3806290,4,641004,8,9522111,2,1610258,4
2022-08-02,$20 Million,$11.8 Million,0,Jackpot,,,1,1,1,3,13,10000,2,30000,367,500,70,1500,1071,200,234,600,25128,10,5752,30,23659,10,5603,30,174205,4,40711,12,411897,2,94836,6
2022-08-05,$36 Million,$20.9 Million,0,Jackpot,,,1,1,0,3,9,10000,1,30000,271,500,51,1500,806,200,192,600,19845,10,4752,30,17014,10,4056,30,129794,4,30581,12,313072,2,74040,6
2022-08-09,$52 Million,$30.3 Million,0,Jackpot,,,3,1,0,3,24,10000,6,30000,554,500,145,1500,1409,200,378,600,28650,10,6711,30,23838,10,5740,30,153285,4,35668,12,336585,2,77394,6
2022-08-12,$65 Million,$37.3 Million,0,Jackpot,,,0,1,0,3,6,10000,1,30000,262,500,53,1500,746,200,165,600,18200,10,4054,30,16324,10,3588,30,137832,4,31002,12,351778,2,79859,6
2022-08-16,$82 Million,$46.8 Million,0,Jackpot,,,1,1,0,2,7,10000,1,20000,317,500,84,1000,690,200,160,400,17711,10,3952,20,14707,10,3278,20,116060,4,25078,8,306390,2,67000,4
2022-08-19,$99 Million,$56.0 Million,0,Jackpot,,,1,1,0,4,14,10000,3,40000,316,500,88,2000,965,200,204,800,21925,10,4848,40,20133,10,4533,40,152030,4,33672,16,356998,2,79115,8
2022-08-23,$116 Million,$65.2 Million,0,Jackpot,,,1,1,0,2,14,10000,3,20000,299,500,60,1000,924,200,213,400,19183,10,3934,20,21836,10,4847,20,168827,4,38421,8,389857,2,87472,4
2022-08-26,$135 Million,$75.8 Million,0,Jackpot,,,0,1,0,2,10,10000,0,20000,299,500,76,1000,826,200,186,400,21161,10,4415,20,17449,10,3696,20,136681,4,29176,8,329146,2,70163,4
2022-08-30,$153 Million,$86.4 Million,0,Jackpot,,,2,1,1,3,16,10000,3,30000,281,500,75,1500,730,200,176,600,18557,10,3810,30,16390,10,3472,30,133791,4,28156,12,341242,2,72711,6
2022-09-02,$169 Million,$93.2 Million,0,Jackpot,,,1,1,1,2,12,10000,1,20000,305,500,50,1000,729,200,155,400,19712,10,4115,20,17040,10,3629,20,133109,4,27268,8,344306,2,71877,4
2022-09-06,$191 Million,$103.7 Million,0,Jackpot,,,1,1,0,4,11,10000,2,40000,287,500,64,2000,726,200,137,800,18821,10,3883,40,16360,10,3293,40,133040,4,27382,16,327493,2,67529,8
2022-09-09,$210 Million,$114.3 Million,0,Jackpot,,,1,1,0,2,6,10000,3,20000,303,500,63,1000,899,200,163,400,20757,10,4312,20,18665,10,3768,20,147932,4,30861,8,373695,2,77952,4
2022-09-13,$231 Million,$123.9 Million,0,Jackpot,,,1,1,0,4,12,10000,1,40000,334,500,67,2000,922,200,189,800,21282,10,4173,40,18215,10,3525,40,144728,4,27974,16,363670,2,73148,8
2022-09-16,$256 Million,$137.7 Million,0,Jackpot,,,1,1,0,4,21,10000,3,40000,376,500,75,2000,951,200,198,800,22915,10,4530,40,21320,10,4266,40,172084,4,34710,16,432693,2,88312,8
2022-09-20,$277 Million,$147.5 Million,0,Jackpot,,,2,1,0,5,15,10000,4,50000,454,500,85,2500,1244,200,257,1000,27878,10,5604,50,24658,10,5046,50,177691,4,36142,20,405424,2,81469,10
2022-09-23,$301 Million,$159.6 Million,0,Jackpot,,,1,1,1,4,16,10000,2,40000,328,500,64,2000,1004,200,199,800,24329,10,4631,40,21602,10,4225,40,175641,4,35164,16,440480,2,88815,8
2022-09-27,$325 Million,$168.1 Million,0,Jackpot,,,0,1,0,3,12,10000,3,30000,404,500,80,1500,1198,200,232,600,27820,10,5391,30,25996,10,5131,30,195574,4,38109,12,468570,2,91958,6
2022-09-30,$355 Million,$187.0 Million,0,Jackpot,,,0,1,0,4,22,10000,4,40000,459,500,83,2000,1192,200,223,800,28187,10,5540,40,25562,10,5102,40,196988,4,38552,16,485783,2,96094,8
2022-10-04,$380 Million,$198.2 Million,0,Jackpot,,,2,1,0,2,18,10000,4,20000,486,500,105,1000,1299,200,263,400,31439,10,6075,20,26169,10,5033,20,195776,4,38793,8,464970,2,90385,4
2022-10-07,$410 Million,$208.2 Million,0,Jackpot,,,2,1,1,2,19,10000,6,20000,538,500,111,1000,1457,200,267,400,36531,10,7192,20,29405,10,5669,20,222835,4,42995,8,526533,2,100729,4
2022-10-11,$445 Million,$224.0 Million,0,Jackpot,,,0,1,0,3,53,10000,5,30000,1756,500,420,1500,2307,200,452,600,63105,10,13457,30,36688,10,6968,30,245155,4,44940,12,557086,2,100177,6
2022-10-14,$494 Million,$247.9 Million,2,Jackpot,,,3,1,1,2,25,10000,7,20000,716,500,139,1000,1786,200,329,400,46133,10,8818,20,38478,10,7514,20,286539,4,54469,8,680516,2,128987,4
2022-10-18,$20 Million,$9.9 Million,0,Jackpot,,,2,1,1,3,8,10000,2,30000,239,500,51,1500,622,200,121,600,15660,10,3355,30,12625,10,2835,30,100679,4,21638,12,243886,2,53017,6
2022-10-21,$30 Million,$14.3 Million,0,Jackpot,,,0,1,0,2,6,10000,1,20000,213,500,53,1000,589,200,130,400,14143,10,3077,20,12553,10,2751,20,101219,4,22294,8,274988,2,62814,4
2022-10-25,$45 Million,$21.8 Million,0,Jackpot,,,0,1,0,3,16,10000,2,30000,248,500,50,1500,691,200,137,600,16946,10,3571,30,14738,10,3189,30,115696,4,24642,12,287755,2,60940,6
2022-10-28,$64 Million,$31.5 Million,0,Jackpot,,,3,1,2,2,18,10000,4,20000,354,500,75,1000,1051,200,209,400,22091,10,4619,20,22373,10,4841,20,174037,4,37677,8,418577,2,89685,4
2022-11-01,$87 Million,$43.2 Million,0,Jackpot,,,7,1,1,3,41,10000,7,30000,911,500,209,1500,2069,200,453,600,43241,10,9483,30,31665,10,6708,30,200069,4,41317,12,447520,2,92546,6
2022-11-04,$119 Million,$57.7 Million,0,Jackpot,,,2,1,0,2,20,10000,6,20000,491,500,104,1000,1324,200,260,400,32240,10,6622,20,28894,10,6075,20,229059,4,47667,8,558556,2,116192,4
2022-11-08,$154 Million,$74.2 Million,0,Jackpot,,,4,1,1,4,27,10000,0,40000,685,500,130,2000,1651,200,334,800,41766,10,8292,40,35063,10,6752,40,270630,4,53220,16,649938,2,128844,8
2022-11-11,$189 Million,$93.9 Million,0,Jackpot,,,0,1,0,3,17,10000,2,30000,413,500,91,1500,1277,200,275,600,30204,10,6507,30,26130,10,5755,30,193968,4,42642,12,458322,2,98631,6
2022-11-15,$207 Million,$103.6 Million,0,Jackpot,,,2,1,0,2,12,10000,1,20000,415,500,79,1000,1110,200,218,400,28650,10,5942,20,23817,10,4898,20,178764,4,36943,8,428754,2,87784,4
2022-11-18,$238 Million,$120.8 Million,0,Jackpot,,,3,1,2,4,19,10000,5,40000,414,500,93,2000,1184,200,245,800,27569,10,5388,40,25534,10,5249,40,198763,4,40768,16,478648,2,97699,8
2022-11-22,$259 Million,$132.1 Million,0,Jackpot,,,1,1,0,3,18,10000,5,30000,559,500,98,1500,1430,200,291,600,31784,10,6608,30,25190,10,4944,30,191117,4,38042,12,454170,2,89177,6
2022-11-25,$284 Million,$147.3 Million,0,Jackpot,,,1,1,0,2,15,10000,4,20000,369,500,64,1000,1001,200,206,400,24024,10,4847,20,21443,10,4341,20,168929,4,34660,8,420221,2,87012,4
2022-11-29,$305 Million,$157.8 Million,0,Jackpot,,,0,1,0,4,15,10000,4,40000,454,500,83,2000,1215,200,246,800,28769,10,5615,40,25348,10,4927,40,200913,4,39918,16,493124,2,97982,8
2022-12-02,$333 Million,$175.8 Million,0,Jackpot,,,0,1,0,3,23,10000,1,30000,427,500,107,1500,1136,200,224,600,29976,10,6008,30,25363,10,4988,30,201979,4,40605,12,491770,2,99739,6
2022-12-06,$354 Million,$189.3 Million,0,Jackpot,,,1,1,0,3,24,10000,7,30000,543,500,121,1500,1581,200,313,600,34882,10,7090,30,31715,10,6563,30,236223,4,48447,12,553555,2,113304,6
2022-12-09,$379 Million,$204.8 Million,0,Jackpot,,,2,1,0,4,23,10000,6,40000,655,500,142,2000,1224,200,255,800,31983,10,6646,40,26950,10,5534,40,210132,4,42430,16,505281,2,100852,8
2022-12-13,$400 Million,$217.8 Million,0,Jackpot,,,0,1,0,2,23,10000,5,20000,501,500,93,1000,1340,200,272,400,32530,10,6253,20,28815,10,5315,20,230819,4,43806,8,581159,2,111560,4
2022-12-16,$429 Million,$231.0 Million,0,Jackpot,,,1,1,0,3,21,10000,3,30000,502,500,92,1500,1505,200,303,600,33415,10,6635,30,31243,10,6140,30,254254,4,51476,12,637173,2,129845,6
2022-12-20,$465 Million,$243.3 Million,0,Jackpot,,,4,1,0,4,19,10000,1,40000,583,500,121,2000,1589,200,321,800,39318,10,7370,40,33995,10,6631,40,258925,4,50080,16,614481,2,117860,8
2022-12-23,$510 Million,$265.0 Million,0,Jackpot,,,2,1,0,4,31,10000,4,40000,796,500,141,2000,2046,200,368,800,48402,10,8856,40,43861,10,8119,40,346505,4,64476,16,847884,2,158632,8
2022-12-27,$565 Million,$289.8 Million,0,Jackpot,,,5,1,0,2,44,10000,3,20000,1036,500,182,1000,3114,200,518,400,70760,10,12482,20,65495,10,12047,20,524354,4,95944,8,1280889,2,234268,4
2022-12-30,$685 Million,$347.8 Million,0,Jackpot,,,1,1,0,3,82,10000,16,30000,1546,500,283,1500,5172,200,981,600,110214,10,20235,30,103697,10,19212,30,756608,4,138141,12,1799279,2,329080,6
2023-01-03,$785 Million,$403.8 Million,0,Jackpot,,,6,1,3,4,68,10000,12,40000,1830,500,338,2000,4921,200,855,800,116974,10,20671,40,99890,10,17532,40,777594,4,136892,16,1903454,2,334398,8
2023-01-06,$940 Million,$486.0 Million,0,Jackpot,,,5,1,0,3,115,10000,15,30000,2569,500,463,1500,7154,200,1256,600,162674,10,28707,30,149529,10,26726,30,1189942,4,214636,12,2899416,2,521709,6
2023-01-10,$1.1 Billion,$576.8 Million,0,Jackpot,,,16,1,3,3,215,10000,41,30000,5110,500,996,1500,12021,200,2212,600,285385,10,52109,30,234078,10,41896,30,1701199,4,301212,12,3916143,2,684104,6
2023-01-13,$1.35 Billion,$724.6 Million,1,Jackpot,,,14,1,0,2,164,10000,27,20000,3970,500,693,1000,11198,200,1922,400,267753,10,46927,20,236229,10,41324,20,1871654,4,330026,8,4681849,2,828701,4
2023-01-17,$20 Million,$10.6 Million,1,Jackpot,,,1,1,1,3,25,10000,9,30000,503,500,137,1500,1201,200,301,600,29893,10,7126,30,20736,10,4965,30,144127,4,34066,12,330649,2,77380,6
2023-01-20,$20 Million,$10.7 Million,0,Jackpot,,,1,1,1,4,17,10000,3,40000,244,500,60,2000,732,200,161,800,16878,10,3848,40,15860,10,3615,40,124615,4,29034,16,312531,2,73371,8
2023-01-24,$31 Million,$16.3 Million,1,Jackpot,,,2,1,0,4,10,10000,1,40000,241,500,58,2000,670,200,130,800,16671,10,3739,40,14065,10,3086,40,110880,4,24525,16,289006,2,64942,8
2023-01-27,$20 Million,$10.6 Million,0,Jackpot,,,0,1,0,4,14,10000,2,40000,232,500,49,2000,696,200,169,800,16807,10,3964,40,14847,10,3423,40,118566,4,27790,16,297415,2,70251,8
2023-01-31,$31 Million,$16.5 Million,1,Jackpot,,,1,1,1,4,24,10000,5,40000,474,500,118,2000,1351,200,313,800,26514,10,6430,40,23167,10,5575,40,150178,4,35550,16,316213,2,73577,8
2023-02-03,$20 Million,$10.7 Million,0,Jackpot,,,0,1,0,2,11,10000,3,20000,257,500,63,1000,641,200,143,400,17240,10,3833,20,15593,10,3564,20,124300,4,29011,8,305293,2,70806,4
2023-02-07,$31 Million,$16.4 Million,0,Jackpot,,,2,1,0,2,13,10000,2,20000,254,500,48,1000,753,200,158,400,17801,10,3936,20,16939,10,3770,20,136389,4,30528,8,336220,2,75708,4
2023-02-10,$50 Million,$26.2 Million,0,Jackpot,,,1,1,0,3,5,10000,0,30000,255,500,67,1500,731,200,171,600,18391,10,4134,30,15687,10,3544,30,125957,4,28548,12,310239,2,70044,6
2023-02-14,$67 Million,$35.1 Million,0,Jackpot,,,0,1,0,3,8,10000,2,30000,271,500,66,1500,731,200,154,600,18108,10,3872,30,15046,10,3305,30,121043,4,26467,12,298238,2,65035,6
2023-02-17,$84 Million,$42.9 Million,0,Jackpot,,,0,1,0,3,14,10000,5,30000,292,500,65,1500,730,200,180,600,17526,10,3945,30,17255,10,3995,30,146457,4,33713,12,374685,2,88300,6
2023-02-21,$104 Million,$52.8 Million,0,Jackpot,,,1,1,1,2,9,10000,1,20000,301,500,58,1000,787,200,164,400,20860,10,4427,20,18004,10,3832,20,138848,4,29930,8,334189,2,73612,4
2023-02-24,$126 Million,$64.5 Million,0,Jackpot,,,0,1,0,4,12,10000,1,40000,279,500,61,2000,881,200,208,800,19695,10,4216,40,20505,10,4528,40,167657,4,37733,16,422762,2,95602,8
2023-02-28,$145 Million,$73.4 Million,0,Jackpot,,,1,1,0,2,10,10000,0,20000,289,500,47,1000,862,200,174,400,19707,10,4134,20,18965,10,4052,20,157025,4,34831,8,403671,2,91381,4
2023-03-03,$167 Million,$85.0 Million,0,Jackpot,,,1,1,1,4,15,10000,4,40000,340,500,68,2000,1029,200,233,800,22785,10,5009,40,21832,10,4715,40,174126,4,38805,16,424195,2,94705,8
2023-03-07,$188 Million,$99.2 Million,0,Jackpot,,,1,1,0,4,18,10000,5,40000,394,500,88,2000,920,200,183,800,25261,10,5424,40,19680,10,4108,40,155750,4,32894,16,378522,2,80098,8
2023-03-10,$203 Million,$106.9 Million,0,Jackpot,,,0,1,0,2,13,10000,4,20000,442,500,88,1000,1037,200,211,400,25435,10,5389,20,23215,10,5058,20,189539,4,41228,8,473199,2,103379,4
2023-03-14,$229 Million,$120.5 Million,0,Jackpot,,,3,1,0,3,17,10000,2,30000,430,500,86,1500,1135,200,256,600,29310,10,6074,30,24148,10,4912,30,180029,4,36518,12,416835,2,83433,6
2023-03-17,$254 Million,$136.8 Million,0,Jackpot,,,2,1,1,3,23,10000,3,30000,421,500,79,1500,1211,200,244,600,28767,10,6066,30,24153,10,4958,30,187989,4,38455,12,466774,2,96464,6
2023-03-21,$272 Million,$143.9 Million,0,Jackpot,,,0,1,0,2,22,10000,3,20000,488,500,99,1000,1506,200,333,400,30920,10,6354,20,29656,10,6419,20,215634,4,45155,8,492778,2,102219,4
2023-03-24,$302 Million,$163.5 Million,0,Jackpot,,,2,1,0,3,22,10000,5,30000,476,500,109,1500,1207,200,263,600,30119,10,6044,30,26526,10,5451,30,206716,4,42437,12,505390,2,104007,6
2023-03-28,$322 Million,$170.1 Million,0,Jackpot,,,1,1,0,4,18,10000,1,40000,467,500,106,2000,1193,200,228,800,32107,10,6361,40,26856,10,5385,40,203798,4,40241,16,474754,2,93537,8
2023-03-31,$355 Million,$188.8 Million,0,Jackpot,,,1,1,0,4,13,10000,2,40000,435,500,103,2000,1236,200,246,800,32188,10,6460,40,27634,10,5600,40,213256,4,43217,16,523171,2,105137,8
2023-04-04,$385 Million,$205.5 Million,0,Jackpot,,,0,1,0,3,16,10000,4,30000,440,500,86,1500,1264,200,214,600,29637,10,5572,30,27052,10,5193,30,223228,4,44175,12,577249,2,115459,6
2023-04-07,$414 Million,$224.2 Million,0,Jackpot,,,1,1,0,2,17,10000,4,20000,560,500,119,1000,1405,200,252,400,33546,10,6565,20,29397,10,5715,20,235691,4,46563,8,579014,2,114122,4
2023-04-11,$441 Million,$237.2 Million,0,Jackpot,,,3,1,1,3,16,10000,3,30000,582,500,99,1500,1352,200,273,600,34846,10,6731,30,29299,10,5520,30,234094,4,44916,12,598624,2,117778,6
2023-04-14,$476 Million,$253.1 Million,1,Jackpot,,,2,1,0,2,21,10000,4,20000,618,500,122,1000,1554,200,312,400,38586,10,7566,20,32444,10,6399,20,257100,4,50631,8,644289,2,129218,4
2023-04-18,$20 Million,$10.5 Million,1,Jackpot,,,4,1,0,2,27,10000,7,20000,696,500,174,1000,1442,200,330,400,29895,10,7276,20,20333,10,4783,20,119544,4,27362,8,249452,2,56215,4
2023-04-21,$20 Million,$10.5 Million,0,Jackpot,,,0,1,0,3,7,10000,1,30000,240,500,71,1500,668,200,136,600,15631,10,3606,30,14959,10,3468,30,113894,4,26019,12,263988,2,60419,6
2023-04-25,$26 Million,$13.9 Million,0,Jackpot,,,1,1,0,2,6,10000,2,20000,248,500,55,1000,620,200,131,400,14316,10,3280,20,13355,10,3013,20,105892,4,24119,8,254178,2,58118,4
2023-04-28,$38 Million,$20.2 Million,0,Jackpot,,,1,1,1,3,8,10000,0,30000,208,500,59,1500,576,200,126,600,14386,10,3243,30,12011,10,2660,30,96010,4,21884,12,243679,2,55070,6
2023-05-02,$52 Million,$27.4 Million,0,Jackpot,,,0,1,0,2,18,10000,5,20000,254,500,63,1000,855,200,227,400,17508,10,3955,20,16378,10,3678,20,120778,4,27523,8,275870,2,62261,4
2023-05-05,$68 Million,$35.9 Million,0,Jackpot,,,1,1,0,3,19,10000,1,30000,251,500,56,1500,767,200,169,600,17325,10,3983,30,17075,10,3960,30,131777,4,30781,12,319184,2,74869,6
2023-05-09,$83 Million,$43.7 Million,0,Jackpot,,,1,1,0,3,7,10000,0,30000,212,500,40,1500,598,200,131,600,15474,10,3439,30,13337,10,2900,30,106192,4,23185,12,261768,2,58133,6
2023-05-12,$99 Million,$52.9 Million,0,Jackpot,,,1,1,0,3,5,10000,2,30000,291,500,52,1500,763,200,179,600,18701,10,4228,30,16364,10,3722,30,124558,4,27912,12,288559,2,65168,6
2023-05-16,$113 Million,$58.9 Million,0,Jackpot,,,0,1,0,3,11,10000,4,30000,256,500,46,1500,652,200,142,600,15297,10,3237,30,13840,10,3003,30,112575,4,24419,12,292645,2,64637,6
2023-05-19,$132 Million,$67.9 Million,0,Jackpot,,,0,1,0,2,16,10000,1,20000,419,500,97,1000,842,200,192,400,20624,10,4638,20,17210,10,3758,20,129929,4,28631,8,308349,2,67850,4
2023-05-23,$150 Million,$76.7 Million,0,Jackpot,,,0,1,0,2,9,10000,3,20000,290,500,63,1000,805,200,158,400,18979,10,4241,20,15868,10,3419,20,121506,4,25994,8,288099,2,61189,4
2023-05-26,$169 Million,$86.1 Million,0,Jackpot,,,0,1,0,3,15,10000,3,30000,275,500,53,1500,684,200,143,600,18508,10,3953,30,15851,10,3320,30,126519,4,26575,12,308623,2,65032,6
2023-05-30,$187 Million,$96.3 Million,0,Jackpot,,,0,1,0,2,5,10000,0,20000,249,500,60,1000,623,200,145,400,16117,10,3358,20,14288,10,2922,20,115312,4,23929,8,288473,2,60954,4
2023-06-02,$203 Million,$106.0 Million,0,Jackpot,,,0,1,0,2,11,10000,2,20000,326,500,76,1000,952,200,203,400,23046,10,5064,20,19581,10,4188,20,146374,4,31226,8,341174,2,71997,4
2023-06-06,$218 Million,$113.0 Million,0,Jackpot,,,3,1,0,2,22,10000,10,20000,443,500,86,1000,1206,200,264,400,25541,10,5443,20,21529,10,4622,20,151060,4,31721,8,345045,2,71144,4
2023-06-09,$240 Million,$124.0 Million,0,Jackpot,,,2,1,1,3,11,10000,1,30000,323,500,70,1500,922,200,234,600,21287,10,4568,30,20996,10,4550,30,167539,4,36400,12,401314,2,86964,6
2023-06-13,$260 Million,$134.4 Million,0,Jackpot,,,0,1,0,4,20,10000,3,40000,352,500,83,2000,1238,200,284,800,26146,10,5453,40,23230,10,4886,40,163116,4,34106,16,359432,2,73323,8
2023-06-16,$281 Million,$146.1 Million,0,Jackpot,,,1,1,1,3,18,10000,2,30000,333,500,63,1500,931,200,196,600,22798,10,4754,30,18945,10,3862,30,149609,4,31059,12,367391,2,76220,6
2023-06-20,$300 Million,$157.2 Million,0,Jackpot,,,0,1,0,4,15,10000,5,40000,356,500,71,2000,883,200,173,800,22975,10,4576,40,19744,10,3860,40,158189,4,31223,16,388231,2,76266,8
2023-06-23,$320 Million,$168.0 Million,0,Jackpot,,,1,1,0,5,13,10000,4,50000,353,500,79,2500,990,200,202,1000,23192,10,4708,50,20998,10,4201,50,167526,4,33955,20,443456,2,91441,10
2023-06-27,$343 Million,$180.3 Million,0,Jackpot,,,0,1,0,4,22,10000,5,40000,385,500,83,2000,1065,200,212,800,24648,10,4843,40,23001,10,4545,40,186290,4,37596,16,459001,2,94092,8
2023-06-30,$368 Million,$190.7 Million,0,Jackpot,,,1,1,0,3,23,10000,5,30000,447,500,102,1500,1158,200,255,600,27810,10,5598,30,25975,10,5290,30,204115,4,42312,12,505872,2,105419,6
2023-07-04,$400 Million,$206.7 Million,0,Jackpot,,,2,1,1,3,27,10000,6,30000,430,500,84,1500,1252,200,272,600,28785,10,5651,30,26800,10,5150,30,213419,4,42183,12,544530,2,108374,6
2023-07-07,$450 Million,$225.6 Million,0,Jackpot,,,1,1,0,3,28,10000,3,30000,681,500,146,1500,2308,200,507,600,47398,10,9350,30,43868,10,8956,30,325591,4,65411,12,755216,2,150000,6
2023-07-11,$500 Million,$251.0 Million,0,Jackpot,,,3,1,0,2,59,10000,14,20000,916,500,163,1000,2391,200,432,400,59291,10,11024,20,53612,10,9835,20,418337,4,77625,8,1000828,2,184370,4
2023-07-14,$560 Million,$287.0 Million,0,Jackpot,,,4,1,1,2,50,10000,5,20000,1049,500,194,1000,2733,200,477,400,66402,10,12340,20,58238,10,10786,20,454792,4,84375,8,1111802,2,206736,4
2023-07-18,$640 Million,$328.5 Million,0,Jackpot,,,8,1,1,4,46,10000,8,40000,1443,500,231,2000,3913,200,736,800,94718,10,16807,40,80414,10,14538,40,618266,4,111649,16,1503567,2,269702,8
2023-07-21,$720 Million,$370.5 Million,0,Jackpot,,,8,1,0,2,67,10000,14,20000,1381,500,244,1000,3840,200,719,400,92051,10,16673,20,81854,10,15003,20,650187,4,119190,8,1656300,2,307553,4
2023-07-25,$820 Million,$418.3 Million,0,Jackpot,,,2,1,1,4,54,10000,7,40000,1539,500,294,2000,4447,200,810,800,107536,10,20270,40,93194,10,17520,40,689735,4,127487,16,1622896,2,295939,8
2023-07-28,$940 Million,$472.5 Million,0,Jackpot,,,5,1,1,5,92,10000,14,50000,1968,500,366,2500,5391,200,1039,1000,131365,10,24303,50,111789,10,20996,50,857044,4,160428,20,2049943,2,379756,10
2023-08-01,$1.1 Billion,$550.2 Million,0,Jackpot,,,7,1,1,4,135,10000,28,40000,2946,500,524,2000,8224,200,1575,800,191584,10,35455,40,174874,10,32574,40,1335826,4,248726,16,3191314,2,590702,8
2023-08-04,$1.35 Billion,$659.5 Million,0,Jackpot,,,9,1,2,2,128,10000,24,20000,3272,500,581,1000,8712,200,1584,400,213589,10,39955,20,183909,10,34129,20,1434896,4,267233,8,3486599,2,645838,4
2023-08-08,$1.58 Billion,$783.3 Million,1,Jackpot,,,7,1,2,2,166,10000,28,20000,4589,500,847,1000,11909,200,2164,400,292574,10,54095,20,249787,10,46167,20,1918215,4,351945,8,4579205,2,838077,4
2023-08-11,$20 Million,$9.7 Million,0,Jackpot,,,1,1,0,3,24,10000,5,30000,364,500,88,1500,1081,200,269,600,25806,10,6318,30,21645,10,5400,30,153095,4,37715,12,348006,2,84329,6
2023-08-15,$36 Million,$17.4 Million,1,Jackpot,,,1,1,0,3,10,10000,1,30000,282,500,58,1500,702,200,163,600,16935,10,3857,30,16278,10,3778,30,138964,4,32580,12,380276,2,90025,6
2023-08-18,$20 Million,$9.5 Million,0,Jackpot,,,1,1,1,3,11,10000,2,30000,267,500,63,1500,830,200,217,600,18489,10,4407,30,18473,10,4465,30,138768,4,33555,12,330214,2,79776,6
2023-08-22,$33 Million,$15.6 Million,0,Jackpot,,,1,1,0,2,23,10000,8,20000,279,500,50,1000,958,200,236,400,18957,10,4412,20,19836,10,4653,20,144624,4,34160,8,331529,2,77991,4
2023-08-25,$52 Million,$25.1 Million,0,Jackpot,,,1,1,0,2,7,10000,2,20000,387,500,86,1000,1019,200,243,400,22103,10,5303,20,17209,10,3985,20,123031,4,28388,8,279142,2,64071,4
2023-08-29,$67 Million,$32.5 Million,0,Jackpot,,,0,1,0,3,17,10000,4,30000,215,500,57,1500,691,200,176,600,15435,10,3552,30,13855,10,3252,30,114514,4,26445,12,289878,2,68006,6
2023-09-01,$85 Million,$41.3 Million,0,Jackpot,,,0,1,0,2,11,10000,2,20000,287,500,65,1000,760,200,173,400,18027,10,4232,20,16805,10,4047,20,134836,4,31660,8,329594,2,76832,4
2023-09-05,$101 Million,$48.6 Million,0,Jackpot,,,0,1,0,2,10,10000,2,20000,261,500,63,1000,768,200,194,400,16439,10,3604,20,16436,10,3894,20,140911,4,33788,8,350347,2,84014,4
2023-09-08,$122 Million,$59.1 Million,0,Jackpot,,,0,1,0,3,11,10000,3,30000,344,500,73,1500,865,200,198,600,22255,10,5198,30,18456,10,4290,30,134165,4,30457,12,310203,2,69513,6
2023-09-12,$141 Million,$67.7 Million,0,Jackpot,,,1,1,0,5,13,10000,4,50000,304,500,59,2500,863,200,199,1000,20630,10,4536,50,17042,10,3749,50,132491,4,29888,20,321550,2,72612,10
2023-09-15,$162 Million,$77.4 Million,0,Jackpot,,,0,1,0,3,19,10000,5,30000,377,500,73,1500,866,200,194,600,22760,10,5107,30,19594,10,4513,30,147239,4,33784,12,348445,2,79245,6
2023-09-19,$183 Million,$87.6 Million,0,Jackpot,,,1,1,0,2,10,10000,2,20000,404,500,102,1000,1028,200,252,400,28422,10,6661,20,19811,10,4589,20,141420,4,31682,8,328321,2,71927,4
2023-09-22,$205 Million,$96.1 Million,0,Jackpot,,,1,1,0,2,15,10000,6,20000,337,500,85,1000,1032,200,228,400,23967,10,5305,20,22514,10,4959,20,176505,4,39007,8,414182,2,90450,4
2023-09-26,$230 Million,$106.4 Million,0,Jackpot,,,2,1,1,4,10,10000,0,40000,361,500,74,2000,973,200,191,800,24254,10,4859,40,20127,10,4119,40,158495,4,32912,16,393915,2,82901,8
2023-09-29,$267 Million,$123.3 Million,0,Jackpot,,,2,1,0,4,11,10000,3,40000,386,500,76,2000,1177,200,233,800,25938,10,5339,40,25332,10,5369,40,206766,4,45043,16,536300,2,119005,8
2023-10-03,$315 Million,$140.3 Million,0,Jackpot,,,0,1,0,3,32,10000,9,30000,509,500,113,1500,1379,200,269,600,34856,10,7351,30,29301,10,6067,30,227054,4,47268,12,542203,2,112171,6
2023-10-06,$360 Million,$156.9 Million,1,Jackpot,,,6,1,2,3,25,10000,3,30000,566,500,144,1500,1371,200,294,600,35257,10,7328,30,30282,10,6363,30,242944,4,51608,12,594719,2,125580,6
2023-10-10,$20 Million,$8.8 Million,0,Jackpot,,,1,1,0,4,20,10000,3,40000,460,500,116,2000,1359,200,318,800,30135,10,6993,40,28526,10,6325,40,205909,4,45825,16,453947,2,99597,8
2023-10-13,$48 Million,$21.6 Million,0,Jackpot,,,0,1,0,3,13,10000,4,30000,315,500,74,1500,914,200,212,600,22206,10,4989,30,20559,10,4652,30,158036,4,36532,12,380584,2,86795,6
2023-10-17,$69 Million,$30.1 Million,0,Jackpot,,,0,1,0,4,10,10000,0,40000,280,500,59,2000,725,200,161,800,19453,10,4424,40,15673,10,3355,40,120644,4,26696,16,285533,2,63153,8
2023-10-20,$91 Million,$39.2 Million,0,Jackpot,,,0,1,0,4,9,10000,6,40000,289,500,73,2000,763,200,170,800,19212,10,4310,40,16737,10,3747,40,133002,4,30297,16,321913,2,73943,8
2023-10-24,$114 Million,$49.6 Million,0,Jackpot,,,0,1,0,3,16,10000,5,30000,283,500,55,1500,938,200,207,600,19815,10,4352,30,20245,10,4367,30,157393,4,35258,12,398566,2,88845,6
2023-10-27,$137 Million,$59.8 Million,0,Jackpot,,,4,1,2,4,12,10000,3,40000,287,500,53,2000,837,200,195,800,18952,10,4051,40,17461,10,3877,40,141461,4,31333,16,357235,2,79196,8
2023-10-31,$159 Million,$69.6 Million,0,Jackpot,,,0,1,0,3,12,10000,1,30000,291,500,69,1500,764,200,158,600,18599,10,3912,30,16635,10,3580,30,135013,4,28862,12,345128,2,74848,6
2023-11-03,$181 Million,$82.3 Million,0,Jackpot,,,1,1,0,4,10,10000,0,40000,321,500,68,2000,882,200,200,800,20307,10,4322,40,18543,10,4023,40,151632,4,33612,16,393165,2,87219,8
2023-11-07,$196 Million,$87.9 Million,0,Jackpot,,,0,1,0,2,14,10000,4,20000,423,500,90,1000,863,200,181,400,25836,10,5730,20,19148,10,4105,20,141793,4,29674,8,335133,2,69615,4
2023-11-10,$223 Million,$100.8 Million,0,Jackpot,,,1,1,1,3,10,10000,2,30000,282,500,69,1500,821,200,157,600,21005,10,4332,30,18863,10,3991,30,157286,4,33105,12,416741,2,88534,6
2023-11-14,$245 Million,$112.0 Million,0,Jackpot,,,1,1,1,4,10,10000,1,40000,334,500,51,2000,871,200,178,800,20199,10,4168,40,17849,10,3668,40,142621,4,29771,16,372406,2,79358,8
2023-11-17,$267 Million,$121.9 Million,0,Jackpot,,,3,1,0,3,15,10000,2,30000,373,500,75,1500,992,200,227,600,24626,10,5474,30,21021,10,4711,30,158308,4,35096,12,372199,2,82384,6
2023-11-21,$289 Million,$133.3 Million,0,Jackpot,,,1,1,0,4,21,10000,3,40000,427,500,97,2000,918,200,193,800,26195,10,5680,40,19623,10,4121,40,150502,4,31492,16,360087,2,75845,8
2023-11-24,$308 Million,$140.8 Million,0,Jackpot,,,0,1,0,4,8,10000,2,40000,314,500,67,2000,759,200,147,800,20266,10,4237,40,17392,10,3640,40,141136,4,29578,16,351382,2,73995,8
2023-11-28,$335 Million,$154.8 Million,0,Jackpot,,,0,1,0,3,12,10000,4,30000,396,500,77,1500,1025,200,225,600,21921,10,4426,30,20816,10,4413,30,169368,4,35968,12,442423,2,95887,6
2023-12-01,$355 Million,$165.1 Million,0,Jackpot,,,3,1,0,4,14,10000,3,40000,336,500,77,2000,1003,200,222,800,23417,10,4803,40,22379,10,4762,40,178267,4,38409,16,443617,2,94618,8
2023-12-05,$377 Million,$179.6 Million,0,Jackpot,,,0,1,0,4,23,10000,8,40000,342,500,74,2000,1005,200,216,800,22378,10,4561,40,20407,10,4387,40,163791,4,34900,16,414789,2,87736,8
2023-12-08,$395 Million,$189.0 Million,2,Jackpot,,,0,1,0,3,12,10000,2,30000,350,500,68,1500,961,200,211,600,23539,10,4935,30,22740,10,4859,30,188998,4,41237,12,479352,2,105336,6
2023-12-12,$20 Million,$9.5 Million,0,Jackpot,,,1,1,0,4,17,10000,6,40000,205,500,42,2000,634,200,152,800,14920,10,3380,40,13875,10,3169,40,108699,4,25001,16,258457,2,59357,8
2023-12-15,$28 Million,$13.9 Million,0,Jackpot,,,1,1,1,2,9,10000,4,20000,227,500,43,1000,746,200,164,400,17425,10,4145,20,15388,10,3618,20,115309,4,26736,8,270634,2,63112,4
2023-12-19,$41 Million,$20.4 Million,0,Jackpot,,,0,1,0,3,3,10000,2,30000,174,500,32,1500,614,200,129,600,13429,10,3021,30,13928,10,3124,30,114148,4,26795,12,290433,2,67982,6
2023-12-22,$57 Million,$28.5 Million,0,Jackpot,,,0,1,0,4,12,10000,4,40000,286,500,61,2000,696,200,166,800,17497,10,3993,40,15942,10,3657,40,128758,4,29596,16,312197,2,71510,8
2023-12-26,$73 Million,$36.4 Million,0,Jackpot,,,2,1,0,3,14,10000,4,30000,300,500,85,1500,728,200,159,600,19434,10,4412,30,15198,10,3419,30,116747,4,25899,12,279681,2,61617,6
2023-12-29,$92 Million,$46.1 Million,0,Jackpot,,,0,1,0,3,16,10000,3,30000,310,500,82,1500,941,200,246,600,22087,10,4903,30,21149,10,4954,30,163740,4,37614,12,393324,2,90353,6
2024-01-02,$114 Million,$56.1 Million,0,Jackpot,,,4,1,2,2,22,10000,4,20000,461,500,92,1000,1130,200,245,400,28624,10,6462,20,22058,10,4926,20,163064,4,35980,8,385395,2,84801,4
2024-01-05,$140 Million,$67.8 Million,0,Jackpot,,,1,1,0,3,15,10000,5,30000,395,500,99,1500,1012,200,258,600,25442,10,5738,30,20850,10,4726,30,158641,4,36226,12,372385,2,84160,6
2024-01-09,$165 Million,$80.3 Million,0,Jackpot,,,3,1,1,3,17,10000,5,30000,328,500,71,1500,883,200,189,600,22313,10,4823,30,19096,10,4153,30,147565,4,31924,12,352291,2,76522,6
2024-01-12,$187 Million,$91.3 Million,0,Jackpot,,,0,1,0,3,14,10000,5,30000,351,500,67,1500,1001,200,223,600,22350,10,4842,30,22092,10,4964,30,181640,4,40493,12,460551,2,103036,6
2024-01-16,$208 Million,$100.1 Million,0,Jackpot,,,3,1,0,2,10,10000,3,20000,315,500,61,1000,983,200,197,400,22028,10,4607,20,21950,10,4692,20,171041,4,37229,8,409665,2,88694,4
2024-01-19,$236 Million,$111.3 Million,0,Jackpot,,,1,1,0,2,22,10000,9,20000,714,500,160,1000,1381,200,316,400,35477,10,8141,20,23988,10,5396,20,168583,4,37021,8,383088,2,81963,4
2024-01-23,$262 Million,$124.2 Million,0,Jackpot,,,0,1,0,2,15,10000,2,20000,356,500,76,1000,827,200,166,400,21644,10,4305,20,18947,10,3719,20,151514,4,30382,8,385333,2,78216,4
2024-01-26,$285 Million,$134.7 Million,0,Jackpot,,,2,1,0,3,19,10000,5,30000,361,500,72,1500,1035,200,180,600,23606,10,4796,30,22092,10,4650,30,179784,4,38415,12,465568,2,101706,6
2024-01-30,$311 Million,$149.5 Million,0,Jackpot,,,1,1,0,4,22,10000,6,40000,424,500,93,2000,1254,200,265,800,27213,10,5624,40,27051,10,5856,40,205131,4,43634,16,478394,2,100006,8
2024-02-02,$333 Million,$162.1 Million,0,Jackpot,,,2,1,1,3,17,10000,3,30000,434,500,95,1500,1168,200,259,600,28226,10,5982,30,24972,10,5240,30,195187,4,42158,12,478574,2,102922,6
2024-02-06,$365 Million,$174.6 Million,0,Jackpot,,,3,1,0,4,23,10000,6,40000,441,500,104,2000,1309,200,296,800,29102,10,6090,40,27670,10,6029,40,206161,4,43662,16,477694,2,97755,8
2024-02-09,$394 Million,$187.3 Million,0,Jackpot,,,0,1,0,3,29,10000,3,30000,423,500,91,1500,1157,200,231,600,29751,10,6297,30,25259,10,5087,30,190718,4,39086,12,463014,2,93867,6
2024-02-13,$425 Million,$201.7 Million,0,Jackpot,,,0,1,0,3,21,10000,5,30000,648,500,122,1500,1409,200,286,600,37842,10,8109,30,27205,10,5423,30,199367,4,38656,12,468553,2,90669,6
2024-02-16,$457 Million,$214.2 Million,0,Jackpot,,,1,1,1,4,21,10000,5,40000,540,500,123,2000,1276,200,283,800,31604,10,6451,40,27608,10,5774,40,212509,4,44813,16,523304,2,109960,8
2024-02-20,$493 Million,$232.1 Million,0,Jackpot,,,0,1,0,2,28,10000,7,20000,436,500,75,1000,1252,200,274,400,30032,10,6053,20,28205,10,5795,20,233121,4,47565,8,614214,2,127945,4
2024-02-23,$525 Million,$247.5 Million,0,Jackpot,,,0,1,0,5,22,10000,7,50000,541,500,122,2500,1638,200,342,1000,36528,10,7431,50,35557,10,7484,50,277652,4,57565,20,675606,2,140993,10
2024-02-27,$563 Million,$266.1 Million,0,Jackpot,,,1,1,0,3,27,10000,6,30000,666,500,148,1500,1981,200,415,600,43965,10,8877,30,38158,10,7839,30,278834,4,56127,12,654205,2,131659,6
2024-03-01,$607 Million,$288.2 Million,0,Jackpot,,,0,1,0,4,28,10000,3,40000,652,500,140,2000,1781,200,356,800,42610,10,8541,40,36865,10,7284,40,289383,4,58209,16,728153,2,148846,8
2024-03-05,$650 Million,$314.4 Million,0,Jackpot,,,2,1,0,2,23,10000,4,20000,663,500,125,1000,1788,200,344,400,42523,10,8164,20,38076,10,7252,20,306670,4,59879,8,784750,2,155262,4
2024-03-08,$687 Million,$333.4 Million,0,Jackpot,,,2,1,0,3,22,10000,2,30000,697,500,133,1500,1967,200,404,600,48597,10,9650,30,41135,10,8107,30,317301,4,62275,12,761576,2,148488,6
2024-03-12,$735 Million,$354.3 Million,0,Jackpot,,,2,1,0,3,32,10000,5,30000,843,500,159,1500,2191,200,424,600,53582,10,10134,30,46901,10,8968,30,367037,4,70586,12,898352,2,172982,6
2024-03-15,$815 Million,$385.1 Million,0,Jackpot,,,1,1,0,5,39,10000,9,50000,897,500,174,2500,2408,200,453,1000,60109,10,11240,50,53303,10,10133,50,421993,4,80105,20,1048350,2,200122,10
2024-03-19,$893 Million,$421.4 Million,0,Jackpot,,,4,1,0,2,41,10000,11,20000,1152,500,212,1000,3174,200,589,400,73266,10,13506,20,68410,10,12481,20,560553,4,105278,8,1461046,2,280129,4
2024-03-22,$977 Million,$467.0 Million,0,Jackpot,,,6,1,1,3,80,10000,12,30000,1775,500,323,1500,4447,200,858,600,113727,10,21413,30,91653,10,16919,30,695322,4,128025,12,1657104,2,303280,6
2024-03-26,$1.13 Billion,$537.5 Million,1,Jackpot,,,13,1,1,2,171,10000,34,20000,3474,500,723,1000,7813,200,1604,400,179681,10,35141,20,143479,10,27488,20,1012237,4,187348,8,2346985,2,427969,4
2024-03-29,$20 Million,$9.5 Million,0,Jackpot,,,1,1,0,4,16,10000,2,40000,324,500,76,2000,883,200,192,800,23605,10,5410,40,18982,10,4301,40,147828,4,33376,16,356287,2,79590,8
2024-04-02,$45 Million,$20.8 Million,0,Jackpot,,,0,1,0,3,10,10000,1,30000,299,500,68,1500,829,200,187,600,21469,10,4717,30,19062,10,4201,30,153199,4,34060,12,389937,2,87035,6
2024-04-05,$67 Million,$31.1 Million,0,Jackpot,,,4,1,1,3,15,10000,3,30000,347,500,87,1500,970,200,178,600,23950,10,5256,30,21739,10,4758,30,174076,4,38247,12,444811,2,99527,6
2024-04-09,$97 Million,$45.1 Million,0,Jackpot,,,2,1,0,4,8,10000,3,40000,345,500,68,2000,1011,200,217,800,24103,10,5202,40,20321,10,4439,40,163376,4,35716,16,437265,2,96922,8
2024-04-12,$125 Million,$57.3 Million,0,Jackpot,,,4,1,1,2,11,10000,2,20000,426,500,96,1000,1017,200,214,400,28734,10,6760,20,20345,10,4685,20,154711,4,34657,8,368977,2,82331,4
2024-04-16,$148 Million,$66.1 Million,0,Jackpot,,,0,1,0,4,15,10000,3,40000,350,500,73,2000,943,200,187,800,22857,10,5106,40,20009,10,4321,40,156952,4,33998,16,391067,2,84700,8
2024-04-19,$178 Million,$80.4 Million,0,Jackpot,,,1,1,0,3,10,10000,1,30000,395,500,87,1500,1002,200,218,600,23881,10,5373,30,21708,10,4789,30,173692,4,38900,12,430467,2,95882,6
2024-04-23,$202 Million,$91.6 Million,0,Jackpot,,,5,1,1,4,18,10000,4,40000,427,500,99,2000,1134,200,265,800,28044,10,6203,40,22746,10,4851,40,173303,4,36719,16,410541,2,86535,8
2024-04-26,$228 Million,$102.5 Million,0,Jackpot,,,0,1,0,3,13,10000,1,30000,372,500,83,1500,979,200,235,600,23923,10,5193,30,22546,10,4881,30,180088,4,39483,12,458498,2,101280,6
2024-04-30,$257 Million,$115.5 Million,0,Jackpot,,,3,1,0,3,14,10000,1,30000,413,500,80,1500,1217,200,235,600,27619,10,5965,30,25529,10,5420,30,190474,4,41120,12,444302,2,95405,6
2024-05-03,$284 Million,$130.0 Million,0,Jackpot,,,1,1,0,2,20,10000,5,20000,384,500,77,1000,1120,200,250,400,26283,10,5616,20,25819,10,5747,20,201911,4,44626,8,487926,2,108910,4
2024-05-07,$306 Million,$141.6 Million,0,Jackpot,,,3,1,0,3,12,10000,2,30000,368,500,71,1500,1023,200,204,600,25413,10,5094,30,22932,10,4723,30,181023,4,37629,12,453331,2,95361,6
2024-05-10,$331 Million,$152.2 Million,0,Jackpot,,,0,1,0,4,20,10000,4,40000,408,500,85,2000,1156,200,254,800,29178,10,6187,40,25244,10,5393,40,194074,4,42037,16,470442,2,101633,8
2024-05-14,$363 Million,$167.6 Million,0,Jackpot,,,2,1,1,3,20,10000,3,30000,427,500,82,1500,1129,200,240,600,27410,10,5504,30,24844,10,5051,30,199952,4,40482,12,494845,2,100815,6
2024-05-17,$393 Million,$182.9 Million,0,Jackpot,,,1,1,0,2,20,10000,4,20000,432,500,88,1000,1216,200,257,400,29241,10,6152,20,26823,10,5512,20,214228,4,45266,8,521774,2,110365,4
2024-05-21,$421 Million,$196.4 Million,0,Jackpot,,,2,1,1,2,29,10000,6,20000,795,500,173,1000,1716,200,383,400,43309,10,9508,20,30716,10,6442,20,218262,4,45194,8,511721,2,104128,4
2024-05-24,$453 Million,$209.8 Million,0,Jackpot,,,2,1,1,3,13,10000,3,30000,457,500,99,1500,1083,200,207,600,28604,10,5890,30,25120,10,5076,30,197762,4,40103,12,516452,2,106596,6
2024-05-28,$489 Million,$226.1 Million,0,Jackpot,,,0,1,0,5,12,10000,2,50000,473,500,105,2500,1254,200,260,1000,30064,10,6081,50,27967,10,5663,50,222242,4,45894,20,546966,2,112720,10
2024-05-31,$522 Million,$240.8 Million,0,Jackpot,,,1,1,0,4,33,10000,6,40000,750,500,167,2000,1755,200,397,800,42791,10,9414,40,35330,10,7891,40,252886,4,54429,16,581026,2,122969,8
2024-06-04,$560 Million,$264.0 Million,1,Jackpot,,,2,1,0,3,27,10000,4,30000,554,500,101,1500,1500,200,333,600,35436,10,6993,30,31274,10,6333,30,249545,4,50528,12,626514,2,127807,6
2024-06-07,$20 Million,$9.3 Million,0,Jackpot,,,2,1,0,4,42,10000,10,40000,441,500,97,2000,1375,200,339,800,24324,10,6016,40,23154,10,5501,40,140625,4,34250,16,298404,2,71955,8
2024-06-11,$30 Million,$13.9 Million,0,Jackpot,,,7,1,3,4,24,10000,6,40000,701,500,200,2000,1442,200,335,800,30258,10,7556,40,19526,10,4653,40,117863,4,27729,16,253498,2,58937,8
2024-06-14,$47 Million,$22.6 Million,0,Jackpot,,,1,1,0,3,10,10000,4,30000,262,500,66,1500,714,200,167,600,17486,10,4126,30,14328,10,3420,30,112596,4,25928,12,267457,2,61509,6
2024-06-18,$61 Million,$29.1 Million,0,Jackpot,,,1,1,0,2,9,10000,3,20000,245,500,43,1000,615,200,138,400,15432,10,3433,20,13356,10,2977,20,105722,4,23366,8,264827,2,59658,4
2024-06-21,$80 Million,$38.3 Million,0,Jackpot,,,1,1,0,4,9,10000,3,40000,340,500,97,2000,796,200,183,800,20986,10,4877,40,16129,10,3705,40,120248,4,27973,16,283004,2,65169,8
2024-06-25,$97 Million,$46.3 Million,0,Jackpot,,,0,1,0,4,7,10000,3,40000,293,500,59,2000,838,200,166,800,19000,10,4261,40,17743,10,3948,40,135678,4,31003,16,314177,2,71579,8
2024-06-28,$116 Million,$55.2 Million,0,Jackpot,,,0,1,0,3,5,10000,0,30000,298,500,73,1500,816,200,166,600,18957,10,4374,30,16053,10,3719,30,127168,4,29178,12,318631,2,73852,6
2024-07-02,$137 Million,$63.0 Million,0,Jackpot,,,2,1,0,4,18,10000,7,40000,440,500,112,2000,1319,200,332,800,26622,10,6296,40,23696,10,5689,40,160060,4,37739,16,352801,2,80941,8
2024-07-05,$162 Million,$75.5 Million,0,Jackpot,,,3,1,0,3,12,10000,3,30000,277,500,79,1500,795,200,164,600,19406,10,4400,30,18047,10,4172,30,147000,4,34334,12,362719,2,84338,6
2024-07-09,$181 Million,$84.6 Million,0,Jackpot,,,3,1,0,3,8,10000,0,30000,301,500,66,1500,804,200,173,600,19908,10,4331,30,18371,10,3985,30,151068,4,33213,12,388188,2,86593,6
2024-07-12,$203 Million,$96.0 Million,0,Jackpot,,,0,1,0,3,16,10000,5,30000,333,500,79,1500,961,200,220,600,21986,10,4862,30,20530,10,4380,30,164580,4,35674,12,428544,2,94442,6
2024-07-16,$226 Million,$106.9 Million,0,Jackpot,,,0,1,0,2,10,10000,1,20000,362,500,92,1000,969,200,205,400,23004,10,4790,20,20304,10,4308,20,163586,4,35120,8,408880,2,89231,4
2024-07-19,$251 Million,$118.0 Million,0,Jackpot,,,3,1,0,3,15,10000,5,30000,379,500,92,1500,1176,200,249,600,26972,10,5843,30,24812,10,5472,30,185336,4,40554,12,429268,2,93200,6
2024-07-23,$279 Million,$131.1 Million,0,Jackpot,,,5,1,3,4,19,10000,3,40000,762,500,198,2000,1343,200,309,800,34037,10,7669,40,25003,10,5490,40,176131,4,37362,16,406939,2,85129,8
2024-07-26,$306 Million,$144.4 Million,0,Jackpot,,,3,1,0,3,16,10000,4,30000,405,500,66,1500,1098,200,253,600,25517,10,5368,30,23557,10,4946,30,193492,4,41144,12,479875,2,103155,6
2024-07-30,$331 Million,$156.9 Million,0,Jackpot,,,2,1,0,2,17,10000,1,20000,424,500,86,1000,1254,200,253,400,30432,10,6482,20,24757,10,5117,20,190383,4,39647,8,451832,2,93093,4
2024-08-02,$358 Million,$176.0 Million,0,Jackpot,,,2,1,0,4,22,10000,5,40000,469,500,95,2000,1513,200,348,800,32796,10,7141,40,31825,10,7253,40,227961,4,50430,16,511710,2,111497,8
2024-08-06,$374 Million,$185.9 Million,0,Jackpot,,,1,1,0,4,13,10000,1,40000,397,500,70,2000,1091,200,232,800,27060,10,5475,40,23668,10,4789,40,186934,4,38493,16,475131,2,98085,8
2024-08-09,$405 Million,$197.7 Million,0,Jackpot,,,2,1,0,2,20,10000,3,20000,453,500,93,1000,1139,200,249,400,29711,10,6162,20,25448,10,5295,20,201469,4,41688,8,497197,2,103901,4
2024-08-13,$435 Million,$213.9 Million,0,Jackpot,,,1,1,0,4,17,10000,4,40000,467,500,100,2000,1208,200,246,800,28884,10,5690,40,27135,10,5569,40,215849,4,44190,16,590840,2,123334,8
2024-08-16,$464 Million,$228.5 Million,0,Jackpot,,,2,1,0,3,23,10000,4,30000,525,500,106,1500,1376,200,294,600,32669,10,6558,30,29089,10,5925,30,237985,4,49425,12,613332,2,130070,6
2024-08-20,$498 Million,$247.5 Million,0,Jackpot,,,2,1,1,4,23,10000,6,40000,580,500,130,2000,1458,200,296,800,39286,10,7878,40,32574,10,6570,40,253658,4,51534,16,617769,2,125088,8
2024-08-23,$535 Million,$265.6 Million,0,Jackpot,,,2,1,1,3,26,10000,5,30000,567,500,129,1500,1578,200,293,600,39366,10,8215,30,33785,10,6879,30,271359,4,54860,12,678556,2,137231,6
2024-08-27,$582 Million,$286.9 Million,0,Jackpot,,,2,1,1,2,30,10000,10,20000,673,500,126,1000,1948,200,412,400,45002,10,9002,20,41634,10,8321,20,325656,4,64849,8,787244,2,157693,4
2024-08-30,$627 Million,$309.4 Million,0,Jackpot,,,2,1,1,4,50,10000,6,40000,1105,500,239,2000,2996,200,691,800,66642,10,14249,40,56224,10,11545,40,397014,4,80623,16,921601,2,184951,8
2024-09-03,$681 Million,$337.1 Million,0,Jackpot,,,2,1,0,4,32,10000,11,40000,779,500,149,2000,2334,200,469,800,55839,10,11167,40,50854,10,10313,40,403741,4,80754,16,1008430,2,203150,8
2024-09-06,$740 Million,$371.6 Million,0,Jackpot,,,6,1,1,2,49,10000,10,20000,1051,500,223,1000,2616,200,514,400,64926,10,12676,20,56537,10,11159,20,454299,4,90142,8,1120000,2,221789,4
2024-09-10,$800 Million,$404.2 Million,1,Jackpot,,,4,1,0,4,47,10000,10,40000,1329,500,255,2000,3721,200,738,800,88361,10,17159,40,80597,10,15651,40,574207,4,109366,16,1361470,2,258153,8
2024-09-13,$20 Million,$10.1 Million,0,Jackpot,,,0,1,0,3,8,10000,2,30000,255,500,61,1500,638,200,153,600,15575,10,3679,30,13220,10,3084,30,108939,4,25654,12,288576,2,68265,6
2024-09-17,$31 Million,$15.8 Million,0,Jackpot,,,1,1,1,3,7,10000,1,30000,212,500,51,1500,642,200,167,600,14240,10,3388,30,13752,10,3301,30,110417,4,26499,12,292413,2,69695,6
2024-09-20,$47 Million,$23.5 Million,0,Jackpot,,,2,1,0,3,10,10000,3,30000,232,500,69,1500,677,200,154,600,14914,10,3545,30,14876,10,3576,30,122464,4,30031,12,309692,2,77508,6
2024-09-24,$62 Million,$30.8 Million,0,Jackpot,,,8,1,1,5,19,10000,2,50000,822,500,234,2500,960,200,257,1000,29364,10,7327,50,16470,10,4094,50,110835,4,26964,20,251230,2,59695,10
2024-09-27,$77 Million,$38.5 Million,0,Jackpot,,,1,1,1,2,11,10000,5,20000,231,500,50,1000,556,200,136,400,14305,10,3330,20,12625,10,3039,20,102060,4,24691,8,268712,2,65078,4
2024-10-01,$93 Million,$46.4 Million,0,Jackpot,,,1,1,0,2,5,10000,2,20000,231,500,50,1000,642,200,141,400,15310,10,3456,20,13614,10,3165,20,108414,4,25277,8,279783,2,66412,4
2024-10-04,$108 Million,$52.2 Million,0,Jackpot,,,0,1,0,2,14,10000,4,20000,259,500,74,1000,841,200,203,400,17555,10,4124,20,16658,10,3821,20,130356,4,30728,8,333483,2,79076,4
2024-10-08,$129 Million,$61.5 Million,0,Jackpot,,,1,1,0,3,12,10000,1,30000,398,500,106,1500,1010,200,248,600,22798,10,5458,30,19919,10,4616,30,141142,4,32582,12,312962,2,70925,6
2024-10-11,$150 Million,$71.0 Million,0,Jackpot,,,0,1,0,3,16,10000,4,30000,307,500,71,1500,716,200,166,600,19862,10,4775,30,15601,10,3565,30,118325,4,26993,12,276034,2,62195,6
2024-10-15,$169 Million,$80.7 Million,0,Jackpot,,,1,1,0,3,15,10000,2,30000,286,500,60,1500,812,200,189,600,17038,10,3928,30,16353,10,3660,30,126611,4,28952,12,328948,2,75563,6
2024-10-18,$185 Million,$88.0 Million,0,Jackpot,,,0,1,0,4,16,10000,5,40000,303,500,54,2000,829,200,211,800,21166,10,4997,40,16759,10,3879,40,125742,4,29036,16,296318,2,68083,8
2024-10-22,$205 Million,$96.1 Million,0,Jackpot,,,2,1,1,3,9,10000,0,30000,289,500,53,1500,746,200,176,600,17586,10,3839,30,16203,10,3616,30,135843,4,30321,12,346205,2,78490,6
2024-10-25,$229 Million,$107.5 Million,0,Jackpot,,,2,1,0,2,19,10000,4,20000,346,500,73,1000,949,200,216,400,21296,10,4580,20,21551,10,4760,20,169665,4,38371,8,425802,2,97557,4
2024-10-29,$250 Million,$115.5 Million,0,Jackpot,,,1,1,0,4,13,10000,1,40000,460,500,111,2000,986,200,212,800,24068,10,5098,40,19270,10,4044,40,149589,4,31653,16,362996,2,76970,8
2024-11-01,$281 Million,$131.5 Million,0,Jackpot,,,0,1,0,2,18,10000,2,20000,391,500,84,1000,1022,200,225,400,25086,10,5443,20,23424,10,5228,20,177404,4,39625,8,423508,2,93451,4
2024-11-05,$303 Million,$141.3 Million,0,Jackpot,,,2,1,0,2,19,10000,4,20000,396,500,83,1000,1170,200,256,400,27122,10,5741,20,25534,10,5586,20,197854,4,42779,8,477135,2,103064,4
2024-11-08,$334 Million,$156.5 Million,0,Jackpot,,,3,1,2,3,19,10000,6,30000,357,500,73,1500,1001,200,204,600,24846,10,5291,30,22085,10,4800,30,176562,4,37769,12,442286,2,95838,6
2024-11-12,$361 Million,$169.2 Million,0,Jackpot,,,1,1,1,3,16,10000,1,30000,371,500,83,1500,1085,200,221,600,25410,10,5169,30,22861,10,4851,30,180694,4,38158,12,449592,2,95634,6
2024-11-15,$387 Million,$176.7 Million,0,Jackpot,,,2,1,0,2,21,10000,4,20000,486,500,117,1000,1136,200,232,400,28778,10,6252,20,24230,10,5211,20,187942,4,40159,8,452479,2,97076,4
2024-11-19,$420 Million,$194.3 Million,0,Jackpot,,,2,1,0,4,14,10000,2,40000,424,500,105,2000,1267,200,290,800,28538,10,5654,40,26130,10,5339,40,213346,4,43793,16,543362,2,113616,8
2024-11-22,$453 Million,$208.7 Million,0,Jackpot,,,1,1,0,2,10,10000,3,20000,510,500,125,1000,1277,200,267,400,31836,10,6889,20,26437,10,5600,20,206431,4,43442,8,499261,2,105221,4
2024-11-26,$489 Million,$229.3 Million,0,Jackpot,,,3,1,1,3,19,10000,5,30000,531,500,109,1500,1679,200,360,600,35813,10,7467,30,33161,10,7007,30,246387,4,51452,12,574094,2,119913,6
2024-11-29,$514 Million,$244.7 Million,0,Jackpot,,,1,1,0,2,22,10000,6,20000,516,500,102,1000,1466,200,302,400,34667,10,7513,20,29973,10,6336,20,232653,4,49878,8,554758,2,117787,4
2024-12-03,$541 Million,$258.4 Million,0,Jackpot,,,3,1,0,4,18,10000,5,40000,506,500,113,2000,1406,200,297,800,34401,10,6999,40,30108,10,6058,40,242185,4,48705,16,639948,2,131663,8
2024-12-06,$579 Million,$278.4 Million,0,Jackpot,,,0,1,0,2,26,10000,4,20000,756,500,177,1000,1612,200,311,400,42893,10,8940,20,34414,10,7270,20,267526,4,55645,8,656599,2,135451,4
2024-12-10,$619 Million,$293.6 Million,0,Jackpot,,,4,1,1,5,29,10000,6,50000,802,500,162,2500,1983,200,414,1000,49844,10,10139,50,41326,10,8300,50,315762,4,63608,20,758972,2,152085,10
2024-12-13,$695 Million,$322.0 Million,0,Jackpot,,,4,1,1,3,28,10000,4,30000,769,500,136,1500,2021,200,406,600,47512,10,9316,30,41704,10,8325,30,327824,4,65481,12,836436,2,170309,6
2024-12-17,$760 Million,$352.1 Million,0,Jackpot,,,5,1,1,4,55,10000,17,40000,1611,500,362,2000,2437,200,472,800,59544,10,11697,40,51482,10,9951,40,411650,4,80980,16,1075937,2,213518,8
2024-12-20,$862 Million,$392.1 Million,0,Jackpot,,,5,1,0,2,48,10000,11,20000,1210,500,261,1000,3308,200,649,400,77308,10,14963,20,69748,10,13237,20,552963,4,107332,8,1364398,2,265197,4
2024-12-24,$1 Billion,$448.8 Million,0,Jackpot,,,4,1,0,3,106,10000,13,30000,2621,500,452,1500,6748,200,1205,600,165252,10,30004,30,147780,10,26991,30,1153045,4,211268,12,2816782,2,517461,6
2024-12-27,$1.22 Billion,$549.7 Million,1,Jackpot,,,5,1,0,3,157,10000,28,30000,3582,500,674,1500,9368,200,1777,600,234168,10,44050,30,200145,10,37494,30,1549764,4,290866,12,3694110,2,689299,6
2024-12-31,$20 Million,$9.0 Million,0,Jackpot,,,3,1,0,2,9,10000,2,20000,585,500,120,1000,1005,200,235,400,27041,10,6509,20,21699,10,5093,20,150676,4,35540,8,358205,2,84846,4
2025-01-03,$42 Million,$18.8 Million,0,Jackpot,,,0,1,0,4,8,10000,4,40000,228,500,63,2000,593,200,147,800,14590,10,3706,40,13313,10,3261,40,106950,4,26064,16,275918,2,68115,8
2025-01-07,$62 Million,$27.4 Million,0,Jackpot,,,1,1,0,2,10,10000,3,20000,252,500,60,1000,664,200,166,400,16230,10,3786,20,13942,10,3358,20,107171,4,25916,8,261080,2,63231,4
2025-01-10,$77 Million,$33.7 Million,0,Jackpot,,,0,1,0,3,13,10000,3,30000,237,500,51,1500,624,200,147,600,15161,10,3622,30,13384,10,3248,30,107947,4,26037,12,266391,2,64512,6
2025-01-14,$95 Million,$41.3 Million,0,Jackpot,,,0,1,0,3,10,10000,3,30000,236,500,51,1500,606,200,131,600,15243,10,3513,30,14043,10,3164,30,113734,4,26152,12,277954,2,64473,6
2025-01-17,$113 Million,$50.4 Million,1,Jackpot,,,2,1,0,3,13,10000,1,30000,308,500,73,1500,765,200,179,600,18223,10,4399,30,15807,10,3796,30,124458,4,30006,12,292724,2,69157,6
2025-01-21,$20 Million,$8.9 Million,0,Jackpot,,,0,1,0,4,10,10000,1,40000,169,500,35,2000,456,200,89,800,11608,10,2653,40,10672,10,2451,40,85888,4,20260,16,224308,2,53491,8
2025-01-24,$28 Million,$12.4 Million,0,Jackpot,,,1,1,1,2,8,10000,1,20000,186,500,45,1000,592,200,161,400,14282,10,3314,20,12638,10,3052,20,97004,4,23948,8,234024,2,57858,4
2025-01-28,$44 Million,$19.8 Million,0,Jackpot,,,0,1,0,5,13,10000,4,50000,250,500,64,2500,653,200,139,1000,17156,10,4095,50,14294,10,3274,50,105660,4,24481,20,249734,2,57511,10
2025-01-31,$59 Million,$26.6 Million,0,Jackpot,,,2,1,2,2,7,10000,2,20000,224,500,50,1000,575,200,140,400,14676,10,3499,20,13043,10,3133,20,104639,4,24751,8,254982,2,59763,4
2025-02-04,$77 Million,$34.6 Million,0,Jackpot,,,1,1,0,3,10,10000,5,30000,247,500,47,1500,581,200,116,600,15898,10,3716,30,12929,10,3031,30,102730,4,23765,12,251260,2,57561,6
2025-02-07,$94 Million,$42.9 Million,0,Jackpot,,,1,1,0,2,11,10000,3,20000,245,500,53,1000,577,200,127,400,16549,10,3861,20,13210,10,3132,20,104201,4,24629,8,250685,2,59295,4
2025-02-11,$110 Million,$50.0 Million,0,Jackpot,,,0,1,0,3,4,10000,1,30000,227,500,37,1500,695,200,158,600,15965,10,3621,30,15697,10,3587,30,128804,4,30342,12,304834,2,72053,6
2025-02-14,$129 Million,$59.0 Million,0,Jackpot,,,2,1,0,3,9,10000,3,30000,274,500,61,1500,663,200,140,600,19399,10,4662,30,14489,10,3377,30,112205,4,25943,12,266819,2,61744,6
2025-02-18,$145 Million,$65.9 Million,0,Jackpot,,,0,1,0,2,10,10000,1,20000,229,500,55,1000,664,200,151,400,16867,10,3894,20,13961,10,3227,20,111339,4,25869,8,276492,2,63870,4
2025-02-21,$165 Million,$75.4 Million,0,Jackpot,,,0,1,0,2,25,10000,1,20000,294,500,67,1000,893,200,221,400,18411,10,4205,20,17226,10,4127,20,133259,4,31627,8,316164,2,75771,4
2025-02-25,$181 Million,$84.5 Million,0,Jackpot,,,2,1,0,2,14,10000,3,20000,374,500,80,1000,1091,200,280,400,23819,10,5566,20,21023,10,4950,20,143023,4,33286,8,316115,2,72294,4
2025-02-28,$197 Million,$92.4 Million,0,Jackpot,,,0,1,0,3,6,10000,1,30000,293,500,77,1500,776,200,178,600,20679,10,4722,30,16067,10,3611,30,124040,4,28387,12,294099,2,66803,6
2025-03-04,$215 Million,$101.9 Million,0,Jackpot,,,1,1,0,2,11,10000,0,20000,314,500,61,1000,826,200,175,400,18918,10,4090,20,16704,10,3684,20,134007,4,29523,8,330571,2,72493,4
2025-03-07,$233 Million,$108.8 Million,0,Jackpot,,,2,1,1,3,14,10000,5,30000,294,500,65,1500,857,200,187,600,18640,10,4217,30,18890,10,4346,30,155174,4,35577,12,398381,2,91887,6
2025-03-11,$256 Million,$119.7 Million,0,Jackpot,,,1,1,0,3,15,10000,4,30000,316,500,60,1500,819,200,169,600,21016,10,4619,30,17989,10,3901,30,140160,4,30897,12,333017,2,72979,6
2025-03-14,$277 Million,$128.4 Million,0,Jackpot,,,0,1,0,3,6,10000,0,30000,333,500,77,1500,784,200,157,600,20200,10,4588,30,17727,10,4026,30,138337,4,31151,12,327789,2,73006,6
2025-03-18,$301 Million,$140.0 Million,0,Jackpot,,,1,1,0,3,15,10000,3,30000,374,500,94,1500,884,200,200,600,22976,10,5096,30,18255,10,3920,30,145229,4,31199,12,350634,2,75309,6
2025-03-21,$324 Million,$152.1 Million,0,Jackpot,,,1,1,0,3,20,10000,5,30000,373,500,74,1500,934,200,219,600,23346,10,5113,30,19635,10,4185,30,153275,4,32800,12,374328,2,80107,6
2025-03-25,$344 Million,$159.1 Million,1,Jackpot,,,1,1,0,2,18,10000,7,20000,337,500,60,1000,1008,200,238,400,24887,10,5339,20,23095,10,4924,20,171377,4,36397,8,399166,2,84801,4
2025-03-28,$20 Million,$9.2 Million,0,Jackpot,,,1,1,1,5,7,10000,0,50000,225,500,41,2500,580,200,121,1000,14430,10,3362,50,12820,10,3045,50,96856,4,22901,20,230258,2,54187,10
2025-04-01,$29 Million,$13.5 Million,0,Jackpot,,,1,1,1,2,9,10000,1,20000,328,500,84,1000,976,200,241,400,18806,10,4738,20,16956,10,4225,20,111485,4,26933,8,239981,2,56959,4
2025-04-04,$43 Million,$20.5 Million,0,Jackpot,,,0,1,0,2,9,10000,5,20000,217,500,60,1000,603,200,142,400,14781,10,3574,20,12934,10,3036,20,102864,4,24701,8,248208,2,59235,4
2025-04-08,$54 Million,$25.7 Million,,,,,,,,,,,,,,,,,,,,,,,,,,,,,,,,,,,,
2025-04-11,$72 Million,$34.3 Million,,,,,,,,,,,,,,,,,,,,,,,,,,,,,,,,,,,,
2025-04-15,$96 Million,$42.2 Million,,,,,,,,,,,,,,,,,,,,,,,,,,,,,,,,,,,,
2025-04-18,$112 Million,$49.3 Million,,,,,,,,,,,,,,,,,,,,,,,,,,,,,,,,,,,,
2025-04-22,$50 Million,$22.4 Million,,,,,,,,,,,,,,,,,,,,,,,,,,,,,,,,,,,,
2025-04-25,$60 Million,$26.9 Million,,,,,,,,,,,,,,,,,,,,,,,,,,,,,,,,,,,,
2025-04-29,$70 Million,$31.8 Million,,,,,,,,,,,,,,,,,,,,,,,,,,,,,,,,,,,,
2025-05-02,$80 Million,$36.4 Million,,,,,,,,,,,,,,,,,,,,,,,,,,,,,,,,,,,,
2025-05-06,$90 Million,$40.8 Million,,,,,,,,,,,,,,,,,,,,,,,,,,,,,,,,,,,,
2025-05-09,$100 Million,$45.3 Million,,,,,,,,,,,,,,,,,,,,,,,,,,,,,,,,,,,,
2025-05-13,$110 Million,$49.4 Million,,,,,,,,,,,,,,,,,,,,,,,,,,,,,,,,,,,,
2025-05-16,$122 Million,$54.8 Million,,,,,,,,,,,,,,,,,,,,,,,,,,,,,,,,,,,,
2025-05-20,$139 Million,$62.3 Million,,,,,,,,,,,,,,,,,,,,,,,,,,,,,,,,,,,,
2025-05-23,$154 Million,$69.0 Million,,,,,,,,,,,,,,,,,,,,,,,,,,,,,,,,,,,,
2025-05-27,$173 Million,$75.7 Million,,,,,,,,,,,,,,,,,,,,,,,,,,,,,,,,,,,,
2025-05-30,$189 Million,$82.7 Million,,,,,,,,,,,,,,,,,,,,,,,,,,,,,,,,,,,,
2025-06-03,$202 Million,$90.0 Million,,,,,,,,,,,,,,,,,,,,,,,,,,,,,,,,,,,,
2025-06-06,$223 Million,$99.4 Million,,,,,,,,,,,,,,,,,,,,,,,,,,,,,,,,,,,,
2025-06-10,$243 Million,$108.0 Million,,,,,,,,,,,,,,,,,,,,,,,,,,,,,,,,,,,,
2025-06-13,$264 Million,$117.3 Million,,,,,,,,,,,,,,,,,,,,,,,,,,,,,,,,,,,,
2025-06-17,$280 Million,$126.1 Million,,,,,,,,,,,,,,,,,,,,,,,,,,,,,,,,,,,,
2025-06-20,$302 Million,$136.0 Million,,,,,,,,,,,,,,,,,,,,,,,,,,,,,,,,,,,,
2025-06-24,$326 Million,$145.7 Million,,,,,,,,,,,,,,,,,,,,,,,,,,,,,,,,,,,,
2025-06-27,$348 Million,$155.5 Million,,,,,,,,,,,,,,,,,,,,,,,,,,,,,,,,,,,,
2025-07-01,$50 Million,$22.4 Million,,,,,,,,,,,,,,,,,,,,,,,,,,,,,,,,,,,,
2025-07-04,$60 Million,$26.9 Million,,,,,,,,,,,,,,,,,,,,,,,,,,,,,,,,,,,,
2025-07-08,$70 Million,$31.3 Million,,,,,,,,,,,,,,,,,,,,,,,,,,,,,,,,,,,,
2025-07-11,$80 Million,$35.8 Million,,,,,,,,,,,,,,,,,,,,,,,,,,,,,,,,,,,,
2025-07-15,$90 Million,$39.9 Million,,,,,,,,,,,,,,,,,,,,,,,,,,,,,,,,,,,,
2025-07-18,$100 Million,$44.3 Million,,,,,,,,,,,,,,,,,,,,,,,,,,,,,,,,,,,,
2025-07-22,$110 Million,$48.4 Million,,,,,,,,,,,,,,,,,,,,,,,,,,,,,,,,,,,,
2025-07-25,$120 Million,$52.8 Million,,,,,,,,,,,,,,,,,,,,,,,,,,,,,,,,,,,,
2025-07-29,$130 Million,$57.5 Million,,,,,,,,,,,,,,,,,,,,,,,,,,,,,,,,,,,,
2025-08-01,$140 Million,$62.0 Million,,,,,,,,,,,,,,,,,,,,,,,,,,,,,,,,,,,,
2025-08-05,$150 Million,$67.9 Million,,,,,,,,,,,,,,,,,,,,,,,,,,,,,,,,,,,,
2025-08-08,$166 Million,$75.2 Million,,,,,,,,,,,,,,,,,,,,,,,,,,,,,,,,,,,,
2025-08-12,$182 Million,$82.1 Million,,,,,,,,,,,,,,,,,,,,,,,,,,,,,,,,,,,,
2025-08-15,$198 Million,$89.3 Million,,,,,,,,,,,,,,,,,,,,,,,,,,,,,,,,,,,,
2025-08-19,$216 Million,$97.0 Million,,,,,,,,,,,,,,,,,,,,,,,,,,,,,,,,,,,,
2025-08-22,$234 Million,$105.1 Million,,,,,,,,,,,,,,,,,,,,,,,,,,,,,,,,,,,,
2025-08-26,$253 Million,$113.8 Million,,,,,,,,,,,,,,,,,,,,,,,,,,,,,,,,,,,,
2025-08-29,$277 Million,$124.6 Million,,,,,,,,,,,,,,,,,,,,,,,,,,,,,,,,,,,,
2025-09-02,$302 Million,$136.0 Million,,,,,,,,,,,,,,,,,,,,,,,,,,,,,,,,,,,,
2025-09-05,$336 Million,$151.3 Million,,,,,,,,,,,,,,,,,,,,,,,,,,,,,,,,,,,,
2025-09-09,$358 Million,$164.5 Million,,,,,,,,,,,,,,,,,,,,,,,,,,,,,,,,,,,,
2025-09-12,$381 Million,$175.0 Million,,,,,,,,,,,,,,,,,,,,,,,,,,,,,,,,,,,,
2025-09-16,$400 Million,$185.8 Million,,,,,,,,,,,,,,,,,,,,,,,,,,,,,,,,,,,,
2025-09-19,$423 Million,$196.5 Million,,,,,,,,,,,,,,,,,,,,,,,,,,,,,,,,,,,,
2025-09-23,$451 Million,$208.7 Million,,,,,,,,,,,,,,,,,,,,,,,,,,,,,,,,,,,,
2025-09-26,$474 Million,$219.4 Million,,,,,,,,,,,,,,,,,,,,,,,,,,,,,,,,,,,,
2025-09-30,$497 Million,$229.5 Million,,,,,,,,,,,,,,,,,,,,,,,,,,,,,,,,,,,,
2025-10-03,$520 Million,$240.1 Million,,,,,,,,,,,,,,,,,,,,,,,,,,,,,,,,,,,,
2025-10-07,$547 Million,$251.7 Million,,,,,,,,,,,,,,,,,,,,,,,,,,,,,,,,,,,,
2025-10-10,$575 Million,$264.6 Million,,,,,,,,,,,,,,,,,,,,,,,,,,,,,,,,,,,,
2025-10-14,$600 Million,$277.2 Million,,,,,,,,,,,,,,,,,,,,,,,,,,,,,,,,,,,,
2025-10-17,$625 Million,$288.8 Million,,,,,,,,,,,,,,,,,,,,,,,,,,,,,,,,,,,,
2025-10-21,$650 Million,$304.1 Million,,,,,,,,,,,,,,,,,,,,,,,,,,,,,,,,,,,,
2025-10-24,$680 Million,$318.2 Million,,,,,,,,,,,,,,,,,,,,,,,,,,,,,,,,,,,,
2025-10-28,$714 Million,$334.1 Million,,,,,,,,,,,,,,,,,,,,,,,,,,,,,,,,,,,,
2025-10-31,$754 Million,$352.8 Million,,,,,,,,,,,,,,,,,,,,,,,,,,,,,,,,,,,,
2025-11-04,$800 Million,$371.7 Million,,,,,,,,,,,,,,,,,,,,,,,,,,,,,,,,,,,,
2025-11-07,$843 Million,$391.7 Million,,,,,,,,,,,,,,,,,,,,,,,,,,,,,,,,,,,,
