lottery,date,jackpot,cash_value,match_5_bonus_winners,match_5_bonus_prize,match_5_bonus_multiplier_winners,match_5_bonus_multiplier_prize,match_5_winners,match_5_prize,match_5_multiplier_winners,match_5_multiplier_prize,match_4_bonus_winners,match_4_bonus_prize,match_4_bonus_multiplier_winners,match_4_bonus_multiplier_prize,match_4_winners,match_4_prize,match_4_multiplier_winners,match_4_multiplier_prize,match_3_bonus_winners,match_3_bonus_prize,match_3_bonus_multiplier_winners,match_3_bonus_multiplier_prize,match_3_winners,match_3_prize,match_3_multiplier_winners,match_3_multiplier_prize,match_2_bonus_winners,match_2_bonus_prize,match_2_bonus_multiplier_winners,match_2_bonus_multiplier_prize,match_1_bonus_winners,match_1_bonus_prize,match_1_bonus_multiplier_winners,match_1_bonus_multiplier_prize,match_0_bonus_winners,match_0_bonus_prize,match_0_bonus_multiplier_winners,match_0_bonus_multiplier_prize
powerball,1992-04-22,6 Million,N/A,,,,,3,100000,,,,,,,467,100,,,,,,,20434,5,,,,,,,,,,,,,,
powerball,1992-04-25,2 Million,N/A,,,,,2,100000,,,,,,,558,100,,,,,,,24470,5,,,,,,,,,,,,,,
powerball,1992-04-29,4 Million,N/A,,,,,0,100000,,,,,,,557,100,,,,,,,23739,5,,,,,,,,,,,,,,
powerball,1992-05-02,6 Million,N/A,,,,,1,100000,,,,,,,2565,100,,,,,,,24630,5,,,,,,,,,,,,,,
powerball,1992-05-06,8 Million,N/A,,,,,2,100000,,,,,,,559,100,,,,,,,19524,5,,,,,,,,,,,,,,
powerball,1992-05-09,10 Million,N/A,,,,,6,100000,,,,,,,879,100,,,,,,,33645,5,,,,,,,,,,,,,,
powerball,1992-05-13,13 Million,N/A,,,,,7,100000,,,,,,,2336,100,,,,,,,30645,5,,,,,,,,,,,,,,
powerball,1992-05-16,2 Million,N/A,,,,,4,100000,,,,,,,710,100,,,,,,,25016,5,,,,,,,,,,,,,,
powerball,1992-05-20,4 Million,N/A,,,,,1,100000,,,,,,,565,100,,,,,,,21004,5,,,,,,,,,,,,,,
powerball,1992-05-23,6 Million,N/A,,,,,3,100000,,,,,,,441,100,,,,,,,19281,5,,,,,,,,,,,,,,
powerball,1992-05-27,7 Million,N/A,,,,,1,100000,,,,,,,372,100,,,,,,,15582,5,,,,,,,,,,,,,,
powerball,1992-05-30,2 Million,N/A,,,,,4,100000,,,,,,,552,100,,,,,,,21297,5,,,,,,,,,,,,,,
powerball,1992-06-03,4 Million,N/A,,,,,2,100000,,,,,,,609,100,,,,,,,22175,5,,,,,,,,,,,,,,
powerball,1992-06-06,5 Million,N/A,,,,,4,100000,,,,,,,751,100,,,,,,,28052,5,,,,,,,,,,,,,,
powerball,1992-06-10,7 Million,N/A,,,,,1,100000,,,,,,,528,100,,,,,,,20329,5,,,,,,,,,,,,,,
powerball,1992-06-13,9 Million,N/A,,,,,1,100000,,,,,,,608,100,,,,,,,23268,5,,,,,,,,,,,,,,
powerball,1992-06-17,11 Million,N/A,,,,,5,100000,,,,,,,675,100,,,,,,,24189,5,,,,,,,,,,,,,,
powerball,1992-06-20,2 Million,N/A,,,,,10,100000,,,,,,,924,100,,,,,,,26737,5,,,,,,,,,,,,,,
powerball,1992-06-24,3 Million,N/A,,,,,3,100000,,,,,,,393,100,,,,,,,15418,5,,,,,,,,,,,,,,
powerball,1992-06-27,5 Million,N/A,,,,,3,100000,,,,,,,487,100,,,,,,,19798,5,,,,,,,,,,,,,,
powerball,1992-07-01,6 Million,N/A,,,,,2,100000,,,,,,,380,100,,,,,,,16070,5,,,,,,,,,,,,,,
powerball,1992-07-04,2 Million,N/A,,,,,4,100000,,,,,,,448,100,,,,,,,19358,5,,,,,,,,,,,,,,
powerball,1992-07-08,2 Million,N/A,,,,,0,100000,,,,,,,313,100,,,,,,,12814,5,,,,,,,,,,,,,,
powerball,1992-07-11,4 Million,N/A,,,,,0,100000,,,,,,,477,100,,,,,,,19397,5,,,,,,,,,,,,,,
powerball,1992-07-15,5 Million,N/A,,,,,23,100000,,,,,,,719,100,,,,,,,17406,5,,,,,,,,,,,,,,
powerball,1992-07-18,2 Million,N/A,,,,,2,100000,,,,,,,463,100,,,,,,,18223,5,,,,,,,,,,,,,,
powerball,1992-07-22,3 Million,N/A,,,,,1,100000,,,,,,,394,100,,,,,,,15608,5,,,,,,,,,,,,,,
powerball,1992-07-25,5 Million,N/A,,,,,3,100000,,,,,,,479,100,,,,,,,17761,5,,,,,,,,,,,,,,
powerball,1992-07-29,6 Million,N/A,,,,,0,100000,,,,,,,376,100,,,,,,,16096,5,,,,,,,,,,,,,,
powerball,1992-08-01,7 Million,N/A,,,,,0,100000,,,,,,,599,100,,,,,,,23375,5,,,,,,,,,,,,,,
powerball,1992-08-05,9 Million,N/A,,,,,3,100000,,,,,,,546,100,,,,,,,20085,5,,,,,,,,,,,,,,
powerball,1992-08-08,10 Million,N/A,,,,,4,100000,,,,,,,876,100,,,,,,,29951,5,,,,,,,,,,,,,,
powerball,1992-08-12,2 Million,N/A,,,,,8,100000,,,,,,,690,100,,,,,,,21576,5,,,,,,,,,,,,,,
powerball,1992-08-15,4 Million,N/A,,,,,2,100000,,,,,,,372,100,,,,,,,16363,5,,,,,,,,,,,,,,
powerball,1992-08-19,5 Million,N/A,,,,,12,100000,,,,,,,1041,100,,,,,,,27037,5,,,,,,,,,,,,,,
powerball,1992-08-22,6 Million,N/A,,,,,3,100000,,,,,,,407,100,,,,,,,16649,5,,,,,,,,,,,,,,
powerball,1992-08-26,8 Million,N/A,,,,,1,100000,,,,,,,445,100,,,,,,,19092,5,,,,,,,,,,,,,,
powerball,1992-08-29,9 Million,N/A,,,,,0,100000,,,,,,,591,100,,,,,,,26134,5,,,,,,,,,,,,,,
powerball,1992-09-02,11 Million,N/A,,,,,8,100000,,,,,,,777,100,,,,,,,29088,5,,,,,,,,,,,,,,
powerball,1992-09-05,2 Million,N/A,,,,,1,100000,,,,,,,488,100,,,,,,,19937,5,,,,,,,,,,,,,,
powerball,1992-09-09,3 Million,N/A,,,,,1,100000,,,,,,,436,100,,,,,,,14804,5,,,,,,,,,,,,,,
powerball,1992-09-12,5 Million,N/A,,,,,2,100000,,,,,,,459,100,,,,,,,19228,5,,,,,,,,,,,,,,
powerball,1992-09-16,6 Million,N/A,,,,,3,100000,,,,,,,456,100,,,,,,,19737,5,,,,,,,,,,,,,,
powerball,1992-09-19,8 Million,N/A,,,,,4,100000,,,,,,,576,100,,,,,,,22337,5,,,,,,,,,,,,,,
powerball,1992-09-23,9 Million,N/A,,,,,2,100000,,,,,,,505,100,,,,,,,21050,5,,,,,,,,,,,,,,
powerball,1992-09-26,12 Million,N/A,,,,,1,100000,,,,,,,656,100,,,,,,,25067,5,,,,,,,,,,,,,,
powerball,1992-09-30,14 Million,N/A,,,,,7,100000,,,,,,,1093,100,,,,,,,40702,5,,,,,,,,,,,,,,
powerball,1992-10-03,18 Million,N/A,,,,,11,100000,,,,,,,1047,100,,,,,,,40261,5,,,,,,,,,,,,,,
powerball,1992-10-07,23 Million,N/A,,,,,11,100000,,,,,,,1468,100,,,,,,,59161,5,,,,,,,,,,,,,,
powerball,1992-10-10,30 Million,N/A,,,,,11,100000,,,,,,,2319,100,,,,,,,90178,5,,,,,,,,,,,,,,
powerball,1992-10-14,38 Million,N/A,,,,,19,100000,,,,,,,3039,100,,,,,,,110363,5,,,,,,,,,,,,,,
powerball,1992-10-17,2 Million,N/A,,,,,5,100000,,,,,,,626,100,,,,,,,24095,5,,,,,,,,,,,,,,
powerball,1992-10-21,4 Million,N/A,,,,,1,100000,,,,,,,494,100,,,,,,,20152,5,,,,,,,,,,,,,,
powerball,1992-10-24,6 Million,N/A,,,,,1,100000,,,,,,,684,100,,,,,,,24879,5,,,,,,,,,,,,,,
powerball,1992-10-28,7 Million,N/A,,,,,3,100000,,,,,,,626,100,,,,,,,24734,5,,,,,,,,,,,,,,
powerball,1992-10-31,10 Million,N/A,,,,,2,100000,,,,,,,750,100,,,,,,,29601,5,,,,,,,,,,,,,,
powerball,1992-11-04,12 Million,N/A,,,,,8,100000,,,,,,,983,100,,,,,,,35528,5,,,,,,,,,,,,,,
powerball,1992-11-07,15 Million,N/A,,,,,2,100000,,,,,,,798,100,,,,,,,34891,5,,,,,,,,,,,,,,
powerball,1992-11-11,18 Million,N/A,,,,,7,100000,,,,,,,750,100,,,,,,,32646,5,,,,,,,,,,,,,,
powerball,1992-11-14,22 Million,N/A,,,,,7,100000,,,,,,,1110,100,,,,,,,46493,5,,,,,,,,,,,,,,
powerball,1992-11-18,2 Million,N/A,,,,,3,100000,,,,,,,407,100,,,,,,,15684,5,,,,,,,,,,,,,,
powerball,1992-11-21,4 Million,N/A,,,,,4,100000,,,,,,,470,100,,,,,,,17635,5,,,,,,,,,,,,,,
powerball,1992-11-25,5 Million,N/A,,,,,3,100000,,,,,,,659,100,,,,,,,23513,5,,,,,,,,,,,,,,
powerball,1992-11-28,7 Million,N/A,,,,,1,100000,,,,,,,460,100,,,,,,,21599,5,,,,,,,,,,,,,,
powerball,1992-12-02,9 Million,N/A,,,,,2,100000,,,,,,,537,100,,,,,,,21734,5,,,,,,,,,,,,,,
powerball,1992-12-05,2 Million,N/A,,,,,3,100000,,,,,,,474,100,,,,,,,19385,5,,,,,,,,,,,,,,
powerball,1992-12-09,3 Million,N/A,,,,,3,100000,,,,,,,507,100,,,,,,,18598,5,,,,,,,,,,,,,,
powerball,1992-12-12,5 Million,N/A,,,,,0,100000,,,,,,,433,100,,,,,,,18436,5,,,,,,,,,,,,,,
powerball,1992-12-16,6 Million,N/A,,,,,4,100000,,,,,,,728,100,,,,,,,25423,5,,,,,,,,,,,,,,
powerball,1992-12-19,8 Million,N/A,,,,,1,100000,,,,,,,579,100,,,,,,,22476,5,,,,,,,,,,,,,,
powerball,1992-12-23,10 Million,N/A,,,,,6,100000,,,,,,,1027,100,,,,,,,32096,5,,,,,,,,,,,,,,
powerball,1992-12-26,2 Million,N/A,,,,,1,100000,,,,,,,430,100,,,,,,,18445,5,,,,,,,,,,,,,,
powerball,1992-12-30,3 Million,N/A,,,,,3,100000,,,,,,,395,100,,,,,,,17599,5,,,,,,,,,,,,,,
powerball,1993-01-02,5 Million,N/A,,,,,3,100000,,,,,,,599,100,,,,,,,22241,5,,,,,,,,,,,,,,
powerball,1993-01-06,6 Million,N/A,,,,,2,100000,,,,,,,506,100,,,,,,,18153,5,,,,,,,,,,,,,,
powerball,1993-01-09,8 Million,N/A,,,,,1,100000,,,,,,,539,100,,,,,,,21030,5,,,,,,,,,,,,,,
powerball,1993-01-13,10 Million,N/A,,,,,0,100000,,,,,,,494,100,,,,,,,21951,5,,,,,,,,,,,,,,
powerball,1993-01-16,13 Million,N/A,,,,,11,100000,,,,,,,986,100,,,,,,,36093,5,,,,,,,,,,,,,,
powerball,1993-01-20,2 Million,N/A,,,,,0,100000,,,,,,,327,100,,,,,,,13435,5,,,,,,,,,,,,,,
powerball,1993-01-23,4 Million,N/A,,,,,5,100000,,,,,,,600,100,,,,,,,21763,5,,,,,,,,,,,,,,
powerball,1993-01-27,5 Million,N/A,,,,,3,100000,,,,,,,371,100,,,,,,,15736,5,,,,,,,,,,,,,,
powerball,1993-01-30,7 Million,N/A,,,,,2,100000,,,,,,,523,100,,,,,,,21442,5,,,,,,,,,,,,,,
powerball,1993-02-03,8 Million,N/A,,,,,6,100000,,,,,,,455,100,,,,,,,18964,5,,,,,,,,,,,,,,
powerball,1993-02-06,10 Million,N/A,,,,,4,100000,,,,,,,659,100,,,,,,,28351,5,,,,,,,,,,,,,,
powerball,1993-02-10,12 Million,N/A,,,,,5,100000,,,,,,,794,100,,,,,,,29764,5,,,,,,,,,,,,,,
powerball,1993-02-13,16 Million,N/A,,,,,13,100000,,,,,,,1553,100,,,,,,,52540,5,,,,,,,,,,,,,,
powerball,1993-02-17,20 Million,N/A,,,,,9,100000,,,,,,,1523,100,,,,,,,54315,5,,,,,,,,,,,,,,
powerball,1993-02-20,25 Million,N/A,,,,,5,100000,,,,,,,1538,100,,,,,,,61322,5,,,,,,,,,,,,,,
powerball,1993-02-24,32 Million,N/A,,,,,6,100000,,,,,,,2223,100,,,,,,,89769,5,,,,,,,,,,,,,,
powerball,1993-02-27,42 Million,N/A,,,,,19,100000,,,,,,,3260,100,,,,,,,129172,5,,,,,,,,,,,,,,
powerball,1993-03-03,59 Million,N/A,,,,,34,100000,,,,,,,7027,100,,,,,,,262035,5,,,,,,,,,,,,,,
powerball,1993-03-06,2 Million,N/A,,,,,5,100000,,,,,,,949,100,,,,,,,32748,5,,,,,,,,,,,,,,
powerball,1993-03-10,4 Million,N/A,,,,,3,100000,,,,,,,690,100,,,,,,,25835,5,,,,,,,,,,,,,,
powerball,1993-03-13,6 Million,N/A,,,,,6,100000,,,,,,,756,100,,,,,,,29770,5,,,,,,,,,,,,,,
powerball,1993-03-17,9 Million,N/A,,,,,3,100000,,,,,,,613,100,,,,,,,25871,5,,,,,,,,,,,,,,
powerball,1993-03-20,11 Million,N/A,,,,,8,100000,,,,,,,965,100,,,,,,,39565,5,,,,,,,,,,,,,,
powerball,1993-03-24,14 Million,N/A,,,,,3,100000,,,,,,,849,100,,,,,,,34171,5,,,,,,,,,,,,,,
powerball,1993-03-27,18 Million,N/A,,,,,7,100000,,,,,,,1267,100,,,,,,,47735,5,,,,,,,,,,,,,,
powerball,1993-03-31,2 Million,N/A,,,,,0,100000,,,,,,,401,100,,,,,,,18297,5,,,,,,,,,,,,,,
powerball,1993-04-03,4 Million,N/A,,,,,2,100000,,,,,,,552,100,,,,,,,23373,5,,,,,,,,,,,,,,
powerball,1993-04-07,6 Million,N/A,,,,,3,100000,,,,,,,528,100,,,,,,,20868,5,,,,,,,,,,,,,,
powerball,1993-04-10,8 Million,N/A,,,,,3,100000,,,,,,,652,100,,,,,,,25866,5,,,,,,,,,,,,,,
powerball,1993-04-14,10 Million,N/A,,,,,2,100000,,,,,,,753,100,,,,,,,30385,5,,,,,,,,,,,,,,
powerball,1993-04-17,12 Million,N/A,,,,,3,100000,,,,,,,737,100,,,,,,,30473,5,,,,,,,,,,,,,,
powerball,1993-04-21,15 Million,N/A,,,,,6,100000,,,,,,,1150,100,,,,,,,39101,5,,,,,,,,,,,,,,
powerball,1993-04-24,18 Million,N/A,,,,,3,100000,,,,,,,1538,100,,,,,,,45144,5,,,,,,,,,,,,,,
powerball,1993-04-28,21 Million,N/A,,,,,3,100000,,,,,,,1027,100,,,,,,,39436,5,,,,,,,,,,,,,,
powerball,1993-05-01,25 Million,N/A,,,,,7,100000,,,,,,,1472,100,,,,,,,54070,5,,,,,,,,,,,,,,
powerball,1993-05-05,30 Million,N/A,,,,,4,100000,,,,,,,1412,100,,,,,,,56009,5,,,,,,,,,,,,,,
powerball,1993-05-08,37 Million,N/A,,,,,7,100000,,,,,,,1716,100,,,,,,,70617,5,,,,,,,,,,,,,,
powerball,1993-05-12,2 Million,N/A,,,,,2,100000,,,,,,,393,100,,,,,,,16688,5,,,,,,,,,,,,,,
powerball,1993-05-15,4 Million,N/A,,,,,3,100000,,,,,,,514,100,,,,,,,20784,5,,,,,,,,,,,,,,
powerball,1993-05-19,6 Million,N/A,,,,,3,100000,,,,,,,586,100,,,,,,,21309,5,,,,,,,,,,,,,,
powerball,1993-05-22,7 Million,N/A,,,,,4,100000,,,,,,,665,100,,,,,,,27132,5,,,,,,,,,,,,,,
powerball,1993-05-26,9 Million,N/A,,,,,4,100000,,,,,,,710,100,,,,,,,27532,5,,,,,,,,,,,,,,
powerball,1993-05-29,12 Million,N/A,,,,,3,100000,,,,,,,800,100,,,,,,,34016,5,,,,,,,,,,,,,,
powerball,1993-06-02,14 Million,N/A,,,,,5,100000,,,,,,,779,100,,,,,,,29848,5,,,,,,,,,,,,,,
powerball,1993-06-05,17 Million,N/A,,,,,10,100000,,,,,,,2050,100,,,,,,,56124,5,,,,,,,,,,,,,,
powerball,1993-06-09,20 Million,N/A,,,,,1,100000,,,,,,,920,100,,,,,,,37902,5,,,,,,,,,,,,,,
powerball,1993-06-12,24 Million,N/A,,,,,5,100000,,,,,,,1234,100,,,,,,,48227,5,,,,,,,,,,,,,,
powerball,1993-06-16,29 Million,N/A,,,,,2,100000,,,,,,,1274,100,,,,,,,53620,5,,,,,,,,,,,,,,
powerball,1993-06-19,34 Million,N/A,,,,,8,100000,,,,,,,1622,100,,,,,,,64306,5,,,,,,,,,,,,,,
powerball,1993-06-23,40 Million,N/A,,,,,9,100000,,,,,,,1992,100,,,,,,,81064,5,,,,,,,,,,,,,,
powerball,1993-06-26,48 Million,N/A,,,,,13,100000,,,,,,,2999,100,,,,,,,119426,5,,,,,,,,,,,,,,
powerball,1993-06-30,60 Million,N/A,,,,,22,100000,,,,,,,4303,100,,,,,,,160124,5,,,,,,,,,,,,,,
powerball,1993-07-03,78 Million,N/A,,,,,26,100000,,,,,,,6051,100,,,,,,,249931,5,,,,,,,,,,,,,,
powerball,1993-07-07,111 Million,N/A,,,,,54,100000,,,,,,,10954,100,,,,,,,431553,5,,,,,,,,,,,,,,
powerball,1993-07-10,2 Million,N/A,,,,,2,100000,,,,,,,701,100,,,,,,,28072,5,,,,,,,,,,,,,,
powerball,1993-07-14,4 Million,N/A,,,,,1,100000,,,,,,,677,100,,,,,,,28305,5,,,,,,,,,,,,,,
powerball,1993-07-17,7 Million,N/A,,,,,4,100000,,,,,,,756,100,,,,,,,31485,5,,,,,,,,,,,,,,
powerball,1993-07-21,10 Million,N/A,,,,,3,100000,,,,,,,925,100,,,,,,,37572,5,,,,,,,,,,,,,,
powerball,1993-07-24,12 Million,N/A,,,,,5,100000,,,,,,,1205,100,,,,,,,45849,5,,,,,,,,,,,,,,
powerball,1993-07-28,15 Million,N/A,,,,,7,100000,,,,,,,979,100,,,,,,,36962,5,,,,,,,,,,,,,,
powerball,1993-07-31,19 Million,N/A,,,,,7,100000,,,,,,,1124,100,,,,,,,45124,5,,,,,,,,,,,,,,
powerball,1993-08-04,22 Million,N/A,,,,,3,100000,,,,,,,1293,100,,,,,,,50625,5,,,,,,,,,,,,,,
powerball,1993-08-07,27 Million,N/A,,,,,6,100000,,,,,,,1393,100,,,,,,,56944,5,,,,,,,,,,,,,,
powerball,1993-08-11,31 Million,N/A,,,,,6,100000,,,,,,,1254,100,,,,,,,50155,5,,,,,,,,,,,,,,
powerball,1993-08-14,2 Million,N/A,,,,,5,100000,,,,,,,605,100,,,,,,,26347,5,,,,,,,,,,,,,,
powerball,1993-08-18,4 Million,N/A,,,,,3,100000,,,,,,,540,100,,,,,,,23195,5,,,,,,,,,,,,,,
powerball,1993-08-21,7 Million,N/A,,,,,1,100000,,,,,,,623,100,,,,,,,25687,5,,,,,,,,,,,,,,
powerball,1993-08-25,9 Million,N/A,,,,,2,100000,,,,,,,606,100,,,,,,,26347,5,,,,,,,,,,,,,,
powerball,1993-08-28,11 Million,N/A,,,,,18,100000,,,,,,,2116,100,,,,,,,52576,5,,,,,,,,,,,,,,
powerball,1993-09-01,14 Million,N/A,,,,,3,100000,,,,,,,941,100,,,,,,,38068,5,,,,,,,,,,,,,,
powerball,1993-09-04,17 Million,N/A,,,,,3,100000,,,,,,,905,100,,,,,,,35138,5,,,,,,,,,,,,,,
powerball,1993-09-08,20 Million,N/A,,,,,5,100000,,,,,,,881,100,,,,,,,35344,5,,,,,,,,,,,,,,
powerball,1993-09-11,23 Million,N/A,,,,,7,100000,,,,,,,1267,100,,,,,,,50076,5,,,,,,,,,,,,,,
powerball,1993-09-15,27 Million,N/A,,,,,9,100000,,,,,,,1314,100,,,,,,,49824,5,,,,,,,,,,,,,,
powerball,1993-09-18,32 Million,N/A,,,,,9,100000,,,,,,,1613,100,,,,,,,62510,5,,,,,,,,,,,,,,
powerball,1993-09-22,2 Million,N/A,,,,,2,100000,,,,,,,490,100,,,,,,,21798,5,,,,,,,,,,,,,,
powerball,1993-09-25,4 Million,N/A,,,,,5,100000,,,,,,,927,100,,,,,,,33326,5,,,,,,,,,,,,,,
powerball,1993-09-29,6 Million,N/A,,,,,2,100000,,,,,,,629,100,,,,,,,27167,5,,,,,,,,,,,,,,
powerball,1993-10-02,8 Million,N/A,,,,,2,100000,,,,,,,736,100,,,,,,,33288,5,,,,,,,,,,,,,,
powerball,1993-10-06,2 Million,N/A,,,,,3,100000,,,,,,,441,100,,,,,,,18248,5,,,,,,,,,,,,,,
powerball,1993-10-09,4 Million,N/A,,,,,4,100000,,,,,,,961,100,,,,,,,34208,5,,,,,,,,,,,,,,
powerball,1993-10-13,6 Million,N/A,,,,,2,100000,,,,,,,518,100,,,,,,,21764,5,,,,,,,,,,,,,,
powerball,1993-10-16,8 Million,N/A,,,,,2,100000,,,,,,,731,100,,,,,,,30583,5,,,,,,,,,,,,,,
powerball,1993-10-20,9 Million,N/A,,,,,7,100000,,,,,,,571,100,,,,,,,25569,5,,,,,,,,,,,,,,
powerball,1993-10-23,12 Million,N/A,,,,,1,100000,,,,,,,778,100,,,,,,,32456,5,,,,,,,,,,,,,,
powerball,1993-10-27,2 Million,N/A,,,,,5,100000,,,,,,,561,100,,,,,,,21425,5,,,,,,,,,,,,,,
powerball,1993-10-30,4 Million,N/A,,,,,4,100000,,,,,,,672,100,,,,,,,26249,5,,,,,,,,,,,,,,
powerball,1993-11-03,5 Million,N/A,,,,,13,100000,,,,,,,1781,100,,,,,,,40228,5,,,,,,,,,,,,,,
powerball,1993-11-06,7 Million,N/A,,,,,5,100000,,,,,,,667,100,,,,,,,26384,5,,,,,,,,,,,,,,
powerball,1993-11-10,9 Million,N/A,,,,,1,100000,,,,,,,546,100,,,,,,,22920,5,,,,,,,,,,,,,,
powerball,1993-11-13,12 Million,N/A,,,,,4,100000,,,,,,,910,100,,,,,,,35220,5,,,,,,,,,,,,,,
powerball,1993-11-17,14 Million,N/A,,,,,3,100000,,,,,,,841,100,,,,,,,30858,5,,,,,,,,,,,,,,
powerball,1993-11-20,17 Million,N/A,,,,,2,100000,,,,,,,1057,100,,,,,,,36656,5,,,,,,,,,,,,,,
powerball,1993-11-24,20 Million,N/A,,,,,11,100000,,,,,,,1158,100,,,,,,,43727,5,,,,,,,,,,,,,,
powerball,1993-11-27,24 Million,N/A,,,,,1,100000,,,,,,,1068,100,,,,,,,42241,5,,,,,,,,,,,,,,
powerball,1993-12-01,27 Million,N/A,,,,,3,100000,,,,,,,1211,100,,,,,,,50430,5,,,,,,,,,,,,,,
powerball,1993-12-04,33 Million,N/A,,,,,11,100000,,,,,,,1566,100,,,,,,,65209,5,,,,,,,,,,,,,,
powerball,1993-12-08,38 Million,N/A,,,,,5,100000,,,,,,,1610,100,,,,,,,64151,5,,,,,,,,,,,,,,
powerball,1993-12-11,45 Million,N/A,,,,,15,100000,,,,,,,2128,100,,,,,,,85698,5,,,,,,,,,,,,,,
powerball,1993-12-15,54 Million,N/A,,,,,7,100000,,,,,,,2702,100,,,,,,,106170,5,,,,,,,,,,,,,,
powerball,1993-12-18,68 Million,N/A,,,,,25,100000,,,,,,,5434,100,,,,,,,190589,5,,,,,,,,,,,,,,
powerball,1993-12-22,90 Million,N/A,,,,,54,100000,,,,,,,8396,100,,,,,,,325162,5,,,,,,,,,,,,,,
powerball,1993-12-25,2 Million,N/A,,,,,0,100000,,,,,,,629,100,,,,,,,24755,5,,,,,,,,,,,,,,
powerball,1993-12-29,4 Million,N/A,,,,,2,100000,,,,,,,790,100,,,,,,,28745,5,,,,,,,,,,,,,,
powerball,1994-01-01,6 Million,N/A,,,,,1,100000,,,,,,,755,100,,,,,,,31629,5,,,,,,,,,,,,,,
powerball,1994-01-05,9 Million,N/A,,,,,8,100000,,,,,,,785,100,,,,,,,29173,5,,,,,,,,,,,,,,
powerball,1994-01-08,11 Million,N/A,,,,,5,100000,,,,,,,924,100,,,,,,,37845,5,,,,,,,,,,,,,,
powerball,1994-01-12,14 Million,N/A,,,,,9,100000,,,,,,,1213,100,,,,,,,45241,5,,,,,,,,,,,,,,
powerball,1994-01-15,17 Million,N/A,,,,,3,100000,,,,,,,980,100,,,,,,,39387,5,,,,,,,,,,,,,,
powerball,1994-01-19,20 Million,N/A,,,,,1,100000,,,,,,,836,100,,,,,,,34292,5,,,,,,,,,,,,,,
powerball,1994-01-22,24 Million,N/A,,,,,7,100000,,,,,,,1524,100,,,,,,,56445,5,,,,,,,,,,,,,,
powerball,1994-01-26,2 Million,N/A,,,,,4,100000,,,,,,,841,100,,,,,,,25150,5,,,,,,,,,,,,,,
powerball,1994-01-29,4 Million,N/A,,,,,2,100000,,,,,,,607,100,,,,,,,25671,5,,,,,,,,,,,,,,
powerball,1994-02-02,6 Million,N/A,,,,,5,100000,,,,,,,871,100,,,,,,,31942,5,,,,,,,,,,,,,,
powerball,1994-02-05,8 Million,N/A,,,,,10,100000,,,,,,,961,100,,,,,,,36607,5,,,,,,,,,,,,,,
powerball,1994-02-09,11 Million,N/A,,,,,2,100000,,,,,,,763,100,,,,,,,29086,5,,,,,,,,,,,,,,
powerball,1994-02-12,14 Million,N/A,,,,,2,100000,,,,,,,1090,100,,,,,,,40994,5,,,,,,,,,,,,,,
powerball,1994-02-16,17 Million,N/A,,,,,2,100000,,,,,,,874,100,,,,,,,33023,5,,,,,,,,,,,,,,
powerball,1994-02-19,20 Million,N/A,,,,,11,100000,,,,,,,1701,100,,,,,,,60601,5,,,,,,,,,,,,,,
powerball,1994-02-23,24 Million,N/A,,,,,1,100000,,,,,,,900,100,,,,,,,38305,5,,,,,,,,,,,,,,
powerball,1994-02-26,28 Million,N/A,,,,,19,100000,,,,,,,2318,100,,,,,,,75521,5,,,,,,,,,,,,,,
powerball,1994-03-02,2 Million,N/A,,,,,1,100000,,,,,,,475,100,,,,,,,21610,5,,,,,,,,,,,,,,
powerball,1994-03-05,2 Million,N/A,,,,,1,100000,,,,,,,582,100,,,,,,,23506,5,,,,,,,,,,,,,,
powerball,1994-03-09,4 Million,N/A,,,,,4,100000,,,,,,,493,100,,,,,,,19640,5,,,,,,,,,,,,,,
powerball,1994-03-12,6 Million,N/A,,,,,4,100000,,,,,,,688,100,,,,,,,29990,5,,,,,,,,,,,,,,
powerball,1994-03-16,9 Million,N/A,,,,,4,100000,,,,,,,622,100,,,,,,,25202,5,,,,,,,,,,,,,,
powerball,1994-03-19,11 Million,N/A,,,,,4,100000,,,,,,,737,100,,,,,,,31898,5,,,,,,,,,,,,,,
powerball,1994-03-23,14 Million,N/A,,,,,3,100000,,,,,,,810,100,,,,,,,32147,5,,,,,,,,,,,,,,
powerball,1994-03-26,17 Million,N/A,,,,,5,100000,,,,,,,1513,100,,,,,,,49562,5,,,,,,,,,,,,,,
powerball,1994-03-30,20 Million,N/A,,,,,9,100000,,,,,,,1508,100,,,,,,,51973,5,,,,,,,,,,,,,,
powerball,1994-04-02,25 Million,N/A,,,,,4,100000,,,,,,,1412,100,,,,,,,53122,5,,,,,,,,,,,,,,
powerball,1994-04-06,30 Million,N/A,,,,,8,100000,,,,,,,1927,100,,,,,,,70240,5,,,,,,,,,,,,,,
powerball,1994-04-09,36 Million,N/A,,,,,8,100000,,,,,,,1773,100,,,,,,,74952,5,,,,,,,,,,,,,,
powerball,1994-04-13,43 Million,N/A,,,,,10,100000,,,,,,,2069,100,,,,,,,84807,5,,,,,,,,,,,,,,
powerball,1994-04-16,52 Million,N/A,,,,,19,100000,,,,,,,2748,100,,,,,,,107814,5,,,,,,,,,,,,,,
powerball,1994-04-20,64 Million,N/A,,,,,21,100000,,,,,,,4094,100,,,,,,,157245,5,,,,,,,,,,,,,,
powerball,1994-04-23,3 Million,N/A,,,,,6,100000,,,,,,,667,100,,,,,,,30694,5,,,,,,,,,,,,,,
powerball,1994-04-27,5 Million,N/A,,,,,3,100000,,,,,,,669,100,,,,,,,28417,5,,,,,,,,,,,,,,
powerball,1994-04-30,3 Million,N/A,,,,,5,100000,,,,,,,722,100,,,,,,,31606,5,,,,,,,,,,,,,,
powerball,1994-05-04,5 Million,N/A,,,,,0,100000,,,,,,,635,100,,,,,,,24497,5,,,,,,,,,,,,,,
powerball,1994-05-07,8 Million,N/A,,,,,5,100000,,,,,,,760,100,,,,,,,31839,5,,,,,,,,,,,,,,
powerball,1994-05-11,11 Million,N/A,,,,,4,100000,,,,,,,992,100,,,,,,,37761,5,,,,,,,,,,,,,,
powerball,1994-05-14,15 Million,N/A,,,,,6,100000,,,,,,,1035,100,,,,,,,38963,5,,,,,,,,,,,,,,
powerball,1994-05-18,18 Million,N/A,,,,,4,100000,,,,,,,983,100,,,,,,,41219,5,,,,,,,,,,,,,,
powerball,1994-05-21,23 Million,N/A,,,,,5,100000,,,,,,,1142,100,,,,,,,44830,5,,,,,,,,,,,,,,
powerball,1994-05-25,2 Million,N/A,,,,,5,100000,,,,,,,1121,100,,,,,,,34875,5,,,,,,,,,,,,,,
powerball,1994-05-28,5 Million,N/A,,,,,2,100000,,,,,,,862,100,,,,,,,31965,5,,,,,,,,,,,,,,
powerball,1994-06-01,7 Million,N/A,,,,,2,100000,,,,,,,604,100,,,,,,,24720,5,,,,,,,,,,,,,,
powerball,1994-06-04,10 Million,N/A,,,,,14,100000,,,,,,,1668,100,,,,,,,43033,5,,,,,,,,,,,,,,
powerball,1994-06-08,13 Million,N/A,,,,,2,100000,,,,,,,1025,100,,,,,,,37113,5,,,,,,,,,,,,,,
powerball,1994-06-11,17 Million,N/A,,,,,5,100000,,,,,,,925,100,,,,,,,36715,5,,,,,,,,,,,,,,
powerball,1994-06-15,20 Million,N/A,,,,,8,100000,,,,,,,994,100,,,,,,,41935,5,,,,,,,,,,,,,,
powerball,1994-06-18,25 Million,N/A,,,,,3,100000,,,,,,,1320,100,,,,,,,54910,5,,,,,,,,,,,,,,
powerball,1994-06-22,2 Million,N/A,,,,,3,100000,,,,,,,806,100,,,,,,,28301,5,,,,,,,,,,,,,,
powerball,1994-06-25,5 Million,N/A,,,,,3,100000,,,,,,,809,100,,,,,,,32519,5,,,,,,,,,,,,,,
powerball,1994-06-29,7 Million,N/A,,,,,0,100000,,,,,,,597,100,,,,,,,24531,5,,,,,,,,,,,,,,
powerball,1994-07-02,10 Million,N/A,,,,,5,100000,,,,,,,804,100,,,,,,,32754,5,,,,,,,,,,,,,,
powerball,1994-07-06,13 Million,N/A,,,,,13,100000,,,,,,,1673,100,,,,,,,46996,5,,,,,,,,,,,,,,
powerball,1994-07-09,16 Million,N/A,,,,,6,100000,,,,,,,1401,100,,,,,,,47900,5,,,,,,,,,,,,,,
powerball,1994-07-13,19 Million,N/A,,,,,4,100000,,,,,,,997,100,,,,,,,39916,5,,,,,,,,,,,,,,
powerball,1994-07-16,23 Million,N/A,,,,,5,100000,,,,,,,1210,100,,,,,,,48446,5,,,,,,,,,,,,,,
powerball,1994-07-20,28 Million,N/A,,,,,4,100000,,,,,,,1591,100,,,,,,,58126,5,,,,,,,,,,,,,,
powerball,1994-07-23,34 Million,N/A,,,,,9,100000,,,,,,,1539,100,,,,,,,57809,5,,,,,,,,,,,,,,
powerball,1994-07-27,40 Million,N/A,,,,,8,100000,,,,,,,1929,100,,,,,,,82519,5,,,,,,,,,,,,,,
powerball,1994-07-30,50 Million,N/A,,,,,15,100000,,,,,,,3275,100,,,,,,,128023,5,,,,,,,,,,,,,,
powerball,1994-08-03,2 Million,N/A,,,,,6,100000,,,,,,,638,100,,,,,,,24443,5,,,,,,,,,,,,,,
powerball,1994-08-06,5 Million,N/A,,,,,8,100000,,,,,,,943,100,,,,,,,34090,5,,,,,,,,,,,,,,
powerball,1994-08-10,8 Million,N/A,,,,,4,100000,,,,,,,817,100,,,,,,,31813,5,,,,,,,,,,,,,,
powerball,1994-08-13,3 Million,N/A,,,,,4,100000,,,,,,,602,100,,,,,,,26315,5,,,,,,,,,,,,,,
powerball,1994-08-17,5 Million,N/A,,,,,2,100000,,,,,,,628,100,,,,,,,26443,5,,,,,,,,,,,,,,
powerball,1994-08-20,8 Million,N/A,,,,,9,100000,,,,,,,1093,100,,,,,,,42340,5,,,,,,,,,,,,,,
powerball,1994-08-24,11 Million,N/A,,,,,6,100000,,,,,,,735,100,,,,,,,29990,5,,,,,,,,,,,,,,
powerball,1994-08-27,14 Million,N/A,,,,,2,100000,,,,,,,1058,100,,,,,,,42266,5,,,,,,,,,,,,,,
powerball,1994-08-31,17 Million,N/A,,,,,6,100000,,,,,,,1337,100,,,,,,,49524,5,,,,,,,,,,,,,,
powerball,1994-09-03,3 Million,N/A,,,,,9,100000,,,,,,,971,100,,,,,,,33901,5,,,,,,,,,,,,,,
powerball,1994-09-07,5 Million,N/A,,,,,1,100000,,,,,,,470,100,,,,,,,21514,5,,,,,,,,,,,,,,
powerball,1994-09-10,8 Million,N/A,,,,,4,100000,,,,,,,1034,100,,,,,,,38073,5,,,,,,,,,,,,,,
powerball,1994-09-14,2 Million,N/A,,,,,1,100000,,,,,,,588,100,,,,,,,23259,5,,,,,,,,,,,,,,
powerball,1994-09-17,5 Million,N/A,,,,,3,100000,,,,,,,723,100,,,,,,,28598,5,,,,,,,,,,,,,,
powerball,1994-09-21,8 Million,N/A,,,,,2,100000,,,,,,,644,100,,,,,,,27375,5,,,,,,,,,,,,,,
powerball,1994-09-24,12 Million,N/A,,,,,4,100000,,,,,,,755,100,,,,,,,29746,5,,,,,,,,,,,,,,
powerball,1994-09-28,15 Million,N/A,,,,,0,100000,,,,,,,488,100,,,,,,,19057,5,,,,,,,,,,,,,,
powerball,1994-10-01,19 Million,N/A,,,,,11,100000,,,,,,,1361,100,,,,,,,53046,5,,,,,,,,,,,,,,
powerball,1994-10-05,24 Million,N/A,,,,,11,100000,,,,,,,1261,100,,,,,,,48843,5,,,,,,,,,,,,,,
powerball,1994-10-08,29 Million,N/A,,,,,9,100000,,,,,,,1606,100,,,,,,,65711,5,,,,,,,,,,,,,,
powerball,1994-10-12,35 Million,N/A,,,,,9,100000,,,,,,,1738,100,,,,,,,68075,5,,,,,,,,,,,,,,
powerball,1994-10-15,42 Million,N/A,,,,,8,100000,,,,,,,2060,100,,,,,,,84201,5,,,,,,,,,,,,,,
powerball,1994-10-19,2 Million,N/A,,,,,6,100000,,,,,,,756,100,,,,,,,29657,5,,,,,,,,,,,,,,
powerball,1994-10-22,5 Million,N/A,,,,,5,100000,,,,,,,1233,100,,,,,,,39553,5,,,,,,,,,,,,,,
powerball,1994-10-26,8 Million,N/A,,,,,8,100000,,,,,,,828,100,,,,,,,32748,5,,,,,,,,,,,,,,
powerball,1994-10-29,12 Million,N/A,,,,,6,100000,,,,,,,963,100,,,,,,,40464,5,,,,,,,,,,,,,,
powerball,1994-11-02,15 Million,N/A,,,,,16,100000,,,,,,,1268,100,,,,,,,44535,5,,,,,,,,,,,,,,
powerball,1994-11-05,20 Million,N/A,,,,,4,100000,,,,,,,1119,100,,,,,,,43357,5,,,,,,,,,,,,,,
powerball,1994-11-09,25 Million,N/A,,,,,7,100000,,,,,,,1103,100,,,,,,,46634,5,,,,,,,,,,,,,,
powerball,1994-11-12,31 Million,N/A,,,,,14,100000,,,,,,,1841,100,,,,,,,67117,5,,,,,,,,,,,,,,
powerball,1994-11-16,37 Million,N/A,,,,,10,100000,,,,,,,1809,100,,,,,,,72917,5,,,,,,,,,,,,,,
powerball,1994-11-19,47 Million,N/A,,,,,7,100000,,,,,,,2649,100,,,,,,,97274,5,,,,,,,,,,,,,,
powerball,1994-11-23,56 Million,N/A,,,,,23,100000,,,,,,,3023,100,,,,,,,109594,5,,,,,,,,,,,,,,
powerball,1994-11-26,71 Million,N/A,,,,,23,100000,,,,,,,3500,100,,,,,,,144480,5,,,,,,,,,,,,,,
powerball,1994-11-30,101 Million,N/A,,,,,55,100000,,,,,,,10213,100,,,,,,,358662,5,,,,,,,,,,,,,,
powerball,1994-12-03,3 Million,N/A,,,,,5,100000,,,,,,,679,100,,,,,,,31232,5,,,,,,,,,,,,,,
powerball,1994-12-07,6 Million,N/A,,,,,6,100000,,,,,,,807,100,,,,,,,31347,5,,,,,,,,,,,,,,
powerball,1994-12-10,10 Million,N/A,,,,,5,100000,,,,,,,1412,100,,,,,,,42009,5,,,,,,,,,,,,,,
powerball,1994-12-14,13 Million,N/A,,,,,4,100000,,,,,,,1075,100,,,,,,,40486,5,,,,,,,,,,,,,,
powerball,1994-12-17,17 Million,N/A,,,,,5,100000,,,,,,,1261,100,,,,,,,51274,5,,,,,,,,,,,,,,
powerball,1994-12-21,22 Million,N/A,,,,,11,100000,,,,,,,1374,100,,,,,,,56292,5,,,,,,,,,,,,,,
powerball,1994-12-24,28 Million,N/A,,,,,7,100000,,,,,,,1724,100,,,,,,,69366,5,,,,,,,,,,,,,,
powerball,1994-12-28,33 Million,N/A,,,,,9,100000,,,,,,,1296,100,,,,,,,51839,5,,,,,,,,,,,,,,
powerball,1994-12-31,3 Million,N/A,,,,,6,100000,,,,,,,698,100,,,,,,,29857,5,,,,,,,,,,,,,,
powerball,1995-01-04,6 Million,N/A,,,,,5,100000,,,,,,,733,100,,,,,,,29752,5,,,,,,,,,,,,,,
powerball,1995-01-07,10 Million,N/A,,,,,3,100000,,,,,,,838,100,,,,,,,35714,5,,,,,,,,,,,,,,
powerball,1995-01-11,13 Million,N/A,,,,,5,100000,,,,,,,1089,100,,,,,,,40622,5,,,,,,,,,,,,,,
powerball,1995-01-14,17 Million,N/A,,,,,4,100000,,,,,,,947,100,,,,,,,40568,5,,,,,,,,,,,,,,
powerball,1995-01-18,21 Million,N/A,,,,,1,100000,,,,,,,1117,100,,,,,,,44572,5,,,,,,,,,,,,,,
powerball,1995-01-21,3 Million,N/A,,,,,6,100000,,,,,,,1093,100,,,,,,,39931,5,,,,,,,,,,,,,,
powerball,1995-01-25,6 Million,N/A,,,,,0,100000,,,,,,,777,100,,,,,,,31754,5,,,,,,,,,,,,,,
powerball,1995-01-28,9 Million,N/A,,,,,7,100000,,,,,,,877,100,,,,,,,34341,5,,,,,,,,,,,,,,
powerball,1995-02-01,12 Million,N/A,,,,,0,100000,,,,,,,920,100,,,,,,,37318,5,,,,,,,,,,,,,,
powerball,1995-02-04,17 Million,N/A,,,,,9,100000,,,,,,,1225,100,,,,,,,46819,5,,,,,,,,,,,,,,
powerball,1995-02-08,21 Million,N/A,,,,,6,100000,,,,,,,1189,100,,,,,,,44964,5,,,,,,,,,,,,,,
powerball,1995-02-11,26 Million,N/A,,,,,4,100000,,,,,,,1410,100,,,,,,,56750,5,,,,,,,,,,,,,,
powerball,1995-02-15,31 Million,N/A,,,,,6,100000,,,,,,,1471,100,,,,,,,60944,5,,,,,,,,,,,,,,
powerball,1995-02-18,38 Million,N/A,,,,,8,100000,,,,,,,1723,100,,,,,,,70807,5,,,,,,,,,,,,,,
powerball,1995-02-22,46 Million,N/A,,,,,11,100000,,,,,,,1942,100,,,,,,,72589,5,,,,,,,,,,,,,,
powerball,1995-02-25,56 Million,N/A,,,,,23,100000,,,,,,,3544,100,,,,,,,132724,5,,,,,,,,,,,,,,
powerball,1995-03-01,71 Million,N/A,,,,,21,100000,,,,,,,4107,100,,,,,,,164745,5,,,,,,,,,,,,,,
powerball,1995-03-04,102 Million,N/A,,,,,43,100000,,,,,,,8139,100,,,,,,,333772,5,,,,,,,,,,,,,,
powerball,1995-03-08,3 Million,N/A,,,,,2,100000,,,,,,,716,100,,,,,,,30636,5,,,,,,,,,,,,,,
powerball,1995-03-11,8 Million,N/A,,,,,10,100000,,,,,,,1466,100,,,,,,,56511,5,,,,,,,,,,,,,,
powerball,1995-03-15,12 Million,N/A,,,,,5,100000,,,,,,,1202,100,,,,,,,45586,5,,,,,,,,,,,,,,
powerball,1995-03-18,17 Million,N/A,,,,,3,100000,,,,,,,1318,100,,,,,,,53184,5,,,,,,,,,,,,,,
powerball,1995-03-22,22 Million,N/A,,,,,7,100000,,,,,,,1749,100,,,,,,,66946,5,,,,,,,,,,,,,,
powerball,1995-03-25,29 Million,N/A,,,,,26,100000,,,,,,,2561,100,,,,,,,92283,5,,,,,,,,,,,,,,
powerball,1995-03-29,35 Million,N/A,,,,,12,100000,,,,,,,2377,100,,,,,,,85003,5,,,,,,,,,,,,,,
powerball,1995-04-01,44 Million,N/A,,,,,13,100000,,,,,,,2558,100,,,,,,,102086,5,,,,,,,,,,,,,,
powerball,1995-04-05,52 Million,N/A,,,,,14,100000,,,,,,,3389,100,,,,,,,117547,5,,,,,,,,,,,,,,
powerball,1995-04-08,64 Million,N/A,,,,,13,100000,,,,,,,3237,100,,,,,,,128131,5,,,,,,,,,,,,,,
powerball,1995-04-12,77 Million,N/A,,,,,25,100000,,,,,,,4577,100,,,,,,,175460,5,,,,,,,,,,,,,,
powerball,1995-04-15,4 Million,N/A,,,,,4,100000,,,,,,,1292,100,,,,,,,53893,5,,,,,,,,,,,,,,
powerball,1995-04-19,8 Million,N/A,,,,,9,100000,,,,,,,1623,100,,,,,,,56045,5,,,,,,,,,,,,,,
powerball,1995-04-22,4 Million,N/A,,,,,4,100000,,,,,,,1032,100,,,,,,,44008,5,,,,,,,,,,,,,,
powerball,1995-04-26,8 Million,N/A,,,,,3,100000,,,,,,,819,100,,,,,,,35952,5,,,,,,,,,,,,,,
powerball,1995-04-29,12 Million,N/A,,,,,5,100000,,,,,,,1540,100,,,,,,,57992,5,,,,,,,,,,,,,,
powerball,1995-05-03,17 Million,N/A,,,,,11,100000,,,,,,,1276,100,,,,,,,49918,5,,,,,,,,,,,,,,
powerball,1995-05-06,22 Million,N/A,,,,,9,100000,,,,,,,1424,100,,,,,,,56327,5,,,,,,,,,,,,,,
powerball,1995-05-10,28 Million,N/A,,,,,3,100000,,,,,,,1710,100,,,,,,,64118,5,,,,,,,,,,,,,,
powerball,1995-05-13,34 Million,N/A,,,,,7,100000,,,,,,,1698,100,,,,,,,69116,5,,,,,,,,,,,,,,
powerball,1995-05-17,40 Million,N/A,,,,,13,100000,,,,,,,1846,100,,,,,,,74242,5,,,,,,,,,,,,,,
powerball,1995-05-20,48 Million,N/A,,,,,16,100000,,,,,,,2913,100,,,,,,,105821,5,,,,,,,,,,,,,,
powerball,1995-05-24,55 Million,N/A,,,,,12,100000,,,,,,,2627,100,,,,,,,99814,5,,,,,,,,,,,,,,
powerball,1995-05-27,64 Million,N/A,,,,,21,100000,,,,,,,3625,100,,,,,,,131042,5,,,,,,,,,,,,,,
powerball,1995-05-31,74 Million,N/A,,,,,15,100000,,,,,,,3143,100,,,,,,,125267,5,,,,,,,,,,,,,,
powerball,1995-06-03,88 Million,N/A,,,,,19,100000,,,,,,,4418,100,,,,,,,181354,5,,,,,,,,,,,,,,
powerball,1995-06-07,3 Million,N/A,,,,,4,100000,,,,,,,779,100,,,,,,,31333,5,,,,,,,,,,,,,,
powerball,1995-06-10,7 Million,N/A,,,,,6,100000,,,,,,,993,100,,,,,,,41164,5,,,,,,,,,,,,,,
powerball,1995-06-14,10 Million,N/A,,,,,8,100000,,,,,,,1052,100,,,,,,,41146,5,,,,,,,,,,,,,,
powerball,1995-06-17,15 Million,N/A,,,,,4,100000,,,,,,,1754,100,,,,,,,59080,5,,,,,,,,,,,,,,
powerball,1995-06-21,19 Million,N/A,,,,,7,100000,,,,,,,1223,100,,,,,,,50401,5,,,,,,,,,,,,,,
powerball,1995-06-24,24 Million,N/A,,,,,9,100000,,,,,,,1744,100,,,,,,,65629,5,,,,,,,,,,,,,,
powerball,1995-06-28,3 Million,N/A,,,,,3,100000,,,,,,,1031,100,,,,,,,40185,5,,,,,,,,,,,,,,
powerball,1995-07-01,8 Million,N/A,,,,,4,100000,,,,,,,1728,100,,,,,,,67770,5,,,,,,,,,,,,,,
powerball,1995-07-05,5 Million,N/A,,,,,4,100000,,,,,,,1585,100,,,,,,,45398,5,,,,,,,,,,,,,,
powerball,1995-07-08,10 Million,N/A,,,,,10,100000,,,,,,,1881,100,,,,,,,68675,5,,,,,,,,,,,,,,
powerball,1995-07-12,14 Million,N/A,,,,,2,100000,,,,,,,1136,100,,,,,,,46971,5,,,,,,,,,,,,,,
powerball,1995-07-15,19 Million,N/A,,,,,5,100000,,,,,,,1627,100,,,,,,,72234,5,,,,,,,,,,,,,,
powerball,1995-07-19,24 Million,N/A,,,,,3,100000,,,,,,,1566,100,,,,,,,61754,5,,,,,,,,,,,,,,
powerball,1995-07-22,31 Million,N/A,,,,,15,100000,,,,,,,2699,100,,,,,,,100170,5,,,,,,,,,,,,,,
powerball,1995-07-26,5 Million,N/A,,,,,6,100000,,,,,,,1574,100,,,,,,,58438,5,,,,,,,,,,,,,,
powerball,1995-07-29,10 Million,N/A,,,,,9,100000,,,,,,,1625,100,,,,,,,62864,5,,,,,,,,,,,,,,
powerball,1995-08-02,14 Million,N/A,,,,,7,100000,,,,,,,1351,100,,,,,,,56790,5,,,,,,,,,,,,,,
powerball,1995-08-05,20 Million,N/A,,,,,4,100000,,,,,,,1549,100,,,,,,,62867,5,,,,,,,,,,,,,,
powerball,1995-08-09,5 Million,N/A,,,,,4,100000,,,,,,,1120,100,,,,,,,43426,5,,,,,,,,,,,,,,
powerball,1995-08-12,10 Million,N/A,,,,,9,100000,,,,,,,1248,100,,,,,,,52694,5,,,,,,,,,,,,,,
powerball,1995-08-16,14 Million,N/A,,,,,4,100000,,,,,,,1066,100,,,,,,,45521,5,,,,,,,,,,,,,,
powerball,1995-08-19,19 Million,N/A,,,,,9,100000,,,,,,,2645,100,,,,,,,85931,5,,,,,,,,,,,,,,
powerball,1995-08-23,24 Million,N/A,,,,,5,100000,,,,,,,1393,100,,,,,,,55278,5,,,,,,,,,,,,,,
powerball,1995-08-26,30 Million,N/A,,,,,4,100000,,,,,,,2052,100,,,,,,,85699,5,,,,,,,,,,,,,,
powerball,1995-08-30,5 Million,N/A,,,,,6,100000,,,,,,,909,100,,,,,,,40411,5,,,,,,,,,,,,,,
powerball,1995-09-02,10 Million,N/A,,,,,11,100000,,,,,,,1374,100,,,,,,,58259,5,,,,,,,,,,,,,,
powerball,1995-09-06,14 Million,N/A,,,,,9,100000,,,,,,,1148,100,,,,,,,45658,5,,,,,,,,,,,,,,
powerball,1995-09-09,19 Million,N/A,,,,,3,100000,,,,,,,1552,100,,,,,,,66313,5,,,,,,,,,,,,,,
powerball,1995-09-13,5 Million,N/A,,,,,6,100000,,,,,,,943,100,,,,,,,39929,5,,,,,,,,,,,,,,
powerball,1995-09-16,10 Million,N/A,,,,,6,100000,,,,,,,1486,100,,,,,,,63144,5,,,,,,,,,,,,,,
powerball,1995-09-20,14 Million,N/A,,,,,5,100000,,,,,,,1538,100,,,,,,,57678,5,,,,,,,,,,,,,,
powerball,1995-09-23,19 Million,N/A,,,,,1,100000,,,,,,,1102,100,,,,,,,41883,5,,,,,,,,,,,,,,
powerball,1995-09-27,24 Million,N/A,,,,,6,100000,,,,,,,1343,100,,,,,,,56752,5,,,,,,,,,,,,,,
powerball,1995-09-30,31 Million,N/A,,,,,18,100000,,,,,,,2343,100,,,,,,,92870,5,,,,,,,,,,,,,,
powerball,1995-10-04,5 Million,N/A,,,,,1,100000,,,,,,,992,100,,,,,,,38798,5,,,,,,,,,,,,,,
powerball,1995-10-07,9 Million,N/A,,,,,9,100000,,,,,,,1743,100,,,,,,,65393,5,,,,,,,,,,,,,,
powerball,1995-10-11,13 Million,N/A,,,,,4,100000,,,,,,,1146,100,,,,,,,46020,5,,,,,,,,,,,,,,
powerball,1995-10-14,18 Million,N/A,,,,,8,100000,,,,,,,1559,100,,,,,,,64552,5,,,,,,,,,,,,,,
powerball,1995-10-18,23 Million,N/A,,,,,8,100000,,,,,,,1690,100,,,,,,,65776,5,,,,,,,,,,,,,,
powerball,1995-10-21,29 Million,N/A,,,,,14,100000,,,,,,,2292,100,,,,,,,93117,5,,,,,,,,,,,,,,
powerball,1995-10-25,5 Million,N/A,,,,,6,100000,,,,,,,930,100,,,,,,,40294,5,,,,,,,,,,,,,,
powerball,1995-10-28,9 Million,N/A,,,,,4,100000,,,,,,,1253,100,,,,,,,53392,5,,,,,,,,,,,,,,
powerball,1995-11-01,13 Million,N/A,,,,,0,100000,,,,,,,1132,100,,,,,,,46995,5,,,,,,,,,,,,,,
powerball,1995-11-04,18 Million,N/A,,,,,3,100000,,,,,,,1444,100,,,,,,,63028,5,,,,,,,,,,,,,,
powerball,1995-11-08,23 Million,N/A,,,,,11,100000,,,,,,,2096,100,,,,,,,75964,5,,,,,,,,,,,,,,
powerball,1995-11-11,29 Million,N/A,,,,,8,100000,,,,,,,1888,100,,,,,,,76291,5,,,,,,,,,,,,,,
powerball,1995-11-15,35 Million,N/A,,,,,10,100000,,,,,,,2393,100,,,,,,,87383,5,,,,,,,,,,,,,,
powerball,1995-11-18,44 Million,N/A,,,,,12,100000,,,,,,,3080,100,,,,,,,119252,5,,,,,,,,,,,,,,
powerball,1995-11-22,55 Million,N/A,,,,,38,100000,,,,,,,3902,100,,,,,,,144218,5,,,,,,,,,,,,,,
powerball,1995-11-25,69 Million,N/A,,,,,23,100000,,,,,,,3852,100,,,,,,,167798,5,,,,,,,,,,,,,,
powerball,1995-11-29,5 Million,N/A,,,,,4,100000,,,,,,,1373,100,,,,,,,56506,5,,,,,,,,,,,,,,
powerball,1995-12-02,10 Million,N/A,,,,,8,100000,,,,,,,1594,100,,,,,,,64864,5,,,,,,,,,,,,,,
powerball,1995-12-06,15 Million,N/A,,,,,10,100000,,,,,,,1773,100,,,,,,,71635,5,,,,,,,,,,,,,,
powerball,1995-12-09,21 Million,N/A,,,,,17,100000,,,,,,,2228,100,,,,,,,77413,5,,,,,,,,,,,,,,
powerball,1995-12-13,27 Million,N/A,,,,,14,100000,,,,,,,1748,100,,,,,,,68843,5,,,,,,,,,,,,,,
powerball,1995-12-16,34 Million,N/A,,,,,10,100000,,,,,,,2838,100,,,,,,,105747,5,,,,,,,,,,,,,,
powerball,1995-12-20,5 Million,N/A,,,,,10,100000,,,,,,,1057,100,,,,,,,42759,5,,,,,,,,,,,,,,
powerball,1995-12-23,10 Million,N/A,,,,,8,100000,,,,,,,1586,100,,,,,,,70075,5,,,,,,,,,,,,,,
powerball,1995-12-27,14 Million,N/A,,,,,5,100000,,,,,,,1310,100,,,,,,,52899,5,,,,,,,,,,,,,,
powerball,1995-12-30,20 Million,N/A,,,,,26,100000,,,,,,,3043,100,,,,,,,104184,5,,,,,,,,,,,,,,
powerball,1996-01-03,24 Million,N/A,,,,,9,100000,,,,,,,1730,100,,,,,,,64954,5,,,,,,,,,,,,,,
powerball,1996-01-06,31 Million,N/A,,,,,12,100000,,,,,,,1901,100,,,,,,,77658,5,,,,,,,,,,,,,,
powerball,1996-01-10,37 Million,N/A,,,,,13,100000,,,,,,,1969,100,,,,,,,83468,5,,,,,,,,,,,,,,
powerball,1996-01-13,46 Million,N/A,,,,,12,100000,,,,,,,2904,100,,,,,,,109945,5,,,,,,,,,,,,,,
powerball,1996-01-17,55 Million,N/A,,,,,18,100000,,,,,,,3446,100,,,,,,,140242,5,,,,,,,,,,,,,,
powerball,1996-01-20,68 Million,N/A,,,,,24,100000,,,,,,,4728,100,,,,,,,180092,5,,,,,,,,,,,,,,
powerball,1996-01-24,89 Million,N/A,,,,,30,100000,,,,,,,6784,100,,,,,,,261854,5,,,,,,,,,,,,,,
powerball,1996-01-27,5 Million,N/A,,,,,7,100000,,,,,,,1706,100,,,,,,,64302,5,,,,,,,,,,,,,,
powerball,1996-01-31,9 Million,N/A,,,,,7,100000,,,,,,,1307,100,,,,,,,52418,5,,,,,,,,,,,,,,
powerball,1996-02-03,15 Million,N/A,,,,,9,100000,,,,,,,1586,100,,,,,,,64415,5,,,,,,,,,,,,,,
powerball,1996-02-07,21 Million,N/A,,,,,5,100000,,,,,,,1470,100,,,,,,,63172,5,,,,,,,,,,,,,,
powerball,1996-02-10,28 Million,N/A,,,,,11,100000,,,,,,,2141,100,,,,,,,88102,5,,,,,,,,,,,,,,
powerball,1996-02-14,34 Million,N/A,,,,,13,100000,,,,,,,2885,100,,,,,,,107875,5,,,,,,,,,,,,,,
powerball,1996-02-17,5 Million,N/A,,,,,7,100000,,,,,,,1460,100,,,,,,,62877,5,,,,,,,,,,,,,,
powerball,1996-02-21,10 Million,N/A,,,,,7,100000,,,,,,,1550,100,,,,,,,61755,5,,,,,,,,,,,,,,
powerball,1996-02-24,16 Million,N/A,,,,,13,100000,,,,,,,1791,100,,,,,,,68376,5,,,,,,,,,,,,,,
powerball,1996-02-28,21 Million,N/A,,,,,7,100000,,,,,,,1524,100,,,,,,,60585,5,,,,,,,,,,,,,,
powerball,1996-03-02,5 Million,N/A,,,,,9,100000,,,,,,,1420,100,,,,,,,56411,5,,,,,,,,,,,,,,
powerball,1996-03-06,5 Million,N/A,,,,,8,100000,,,,,,,1719,100,,,,,,,63583,5,,,,,,,,,,,,,,
powerball,1996-03-09,10 Million,N/A,,,,,2,100000,,,,,,,1326,100,,,,,,,56817,5,,,,,,,,,,,,,,
powerball,1996-03-13,15 Million,N/A,,,,,5,100000,,,,,,,1341,100,,,,,,,54555,5,,,,,,,,,,,,,,
powerball,1996-03-16,21 Million,N/A,,,,,8,100000,,,,,,,1594,100,,,,,,,66555,5,,,,,,,,,,,,,,
powerball,1996-03-20,26 Million,N/A,,,,,13,100000,,,,,,,2005,100,,,,,,,75179,5,,,,,,,,,,,,,,
powerball,1996-03-23,34 Million,N/A,,,,,18,100000,,,,,,,2254,100,,,,,,,91155,5,,,,,,,,,,,,,,
powerball,1996-03-27,41 Million,N/A,,,,,15,100000,,,,,,,2222,100,,,,,,,93292,5,,,,,,,,,,,,,,
powerball,1996-03-30,51 Million,N/A,,,,,12,100000,,,,,,,3075,100,,,,,,,117844,5,,,,,,,,,,,,,,
powerball,1996-04-03,5 Million,N/A,,,,,6,100000,,,,,,,1079,100,,,,,,,43426,5,,,,,,,,,,,,,,
powerball,1996-04-06,10 Million,N/A,,,,,5,100000,,,,,,,1537,100,,,,,,,63688,5,,,,,,,,,,,,,,
powerball,1996-04-10,15 Million,N/A,,,,,4,100000,,,,,,,1350,100,,,,,,,56140,5,,,,,,,,,,,,,,
powerball,1996-04-13,21 Million,N/A,,,,,7,100000,,,,,,,1963,100,,,,,,,79043,5,,,,,,,,,,,,,,
powerball,1996-04-17,27 Million,N/A,,,,,5,100000,,,,,,,1594,100,,,,,,,63683,5,,,,,,,,,,,,,,
powerball,1996-04-20,34 Million,N/A,,,,,12,100000,,,,,,,2482,100,,,,,,,98341,5,,,,,,,,,,,,,,
powerball,1996-04-24,5 Million,N/A,,,,,6,100000,,,,,,,1138,100,,,,,,,44678,5,,,,,,,,,,,,,,
powerball,1996-04-27,5 Million,N/A,,,,,9,100000,,,,,,,1404,100,,,,,,,56834,5,,,,,,,,,,,,,,
powerball,1996-05-01,9 Million,N/A,,,,,8,100000,,,,,,,1270,100,,,,,,,48271,5,,,,,,,,,,,,,,
powerball,1996-05-04,15 Million,N/A,,,,,13,100000,,,,,,,1816,100,,,,,,,70642,5,,,,,,,,,,,,,,
powerball,1996-05-08,19 Million,N/A,,,,,3,100000,,,,,,,1461,100,,,,,,,57666,5,,,,,,,,,,,,,,
powerball,1996-05-11,5 Million,N/A,,,,,5,100000,,,,,,,1177,100,,,,,,,52453,5,,,,,,,,,,,,,,
powerball,1996-05-15,5 Million,N/A,,,,,4,100000,,,,,,,985,100,,,,,,,40329,5,,,,,,,,,,,,,,
powerball,1996-05-18,10 Million,N/A,,,,,8,100000,,,,,,,1676,100,,,,,,,62869,5,,,,,,,,,,,,,,
powerball,1996-05-22,5 Million,N/A,,,,,4,100000,,,,,,,910,100,,,,,,,36733,5,,,,,,,,,,,,,,
powerball,1996-05-25,5 Million,N/A,,,,,8,100000,,,,,,,1026,100,,,,,,,42036,5,,,,,,,,,,,,,,
powerball,1996-05-29,9 Million,N/A,,,,,3,100000,,,,,,,847,100,,,,,,,36337,5,,,,,,,,,,,,,,
powerball,1996-06-01,5 Million,N/A,,,,,12,100000,,,,,,,1569,100,,,,,,,57937,5,,,,,,,,,,,,,,
powerball,1996-06-05,9 Million,N/A,,,,,2,100000,,,,,,,1088,100,,,,,,,45223,5,,,,,,,,,,,,,,
powerball,1996-06-08,13 Million,N/A,,,,,8,100000,,,,,,,1589,100,,,,,,,65598,5,,,,,,,,,,,,,,
powerball,1996-06-12,18 Million,N/A,,,,,6,100000,,,,,,,1421,100,,,,,,,51767,5,,,,,,,,,,,,,,
powerball,1996-06-15,24 Million,N/A,,,,,6,100000,,,,,,,1661,100,,,,,,,69469,5,,,,,,,,,,,,,,
powerball,1996-06-19,29 Million,N/A,,,,,8,100000,,,,,,,1543,100,,,,,,,60090,5,,,,,,,,,,,,,,
powerball,1996-06-22,36 Million,N/A,,,,,14,100000,,,,,,,2080,100,,,,,,,83152,5,,,,,,,,,,,,,,
powerball,1996-06-26,44 Million,N/A,,,,,7,100000,,,,,,,2154,100,,,,,,,85212,5,,,,,,,,,,,,,,
powerball,1996-06-29,53 Million,N/A,,,,,21,100000,,,,,,,2682,100,,,,,,,108641,5,,,,,,,,,,,,,,
powerball,1996-07-03,5 Million,N/A,,,,,3,100000,,,,,,,1132,100,,,,,,,44261,5,,,,,,,,,,,,,,
powerball,1996-07-06,9 Million,N/A,,,,,3,100000,,,,,,,1280,100,,,,,,,53276,5,,,,,,,,,,,,,,
powerball,1996-07-10,14 Million,N/A,,,,,8,100000,,,,,,,1327,100,,,,,,,51342,5,,,,,,,,,,,,,,
powerball,1996-07-13,19 Million,N/A,,,,,8,100000,,,,,,,1989,100,,,,,,,68298,5,,,,,,,,,,,,,,
powerball,1996-07-17,24 Million,N/A,,,,,9,100000,,,,,,,1708,100,,,,,,,65454,5,,,,,,,,,,,,,,
powerball,1996-07-20,5 Million,N/A,,,,,6,100000,,,,,,,1570,100,,,,,,,63869,5,,,,,,,,,,,,,,
powerball,1996-07-24,9 Million,N/A,,,,,5,100000,,,,,,,897,100,,,,,,,39267,5,,,,,,,,,,,,,,
powerball,1996-07-27,13 Million,N/A,,,,,14,100000,,,,,,,2098,100,,,,,,,74835,5,,,,,,,,,,,,,,
powerball,1996-07-31,18 Million,N/A,,,,,11,100000,,,,,,,1417,100,,,,,,,51887,5,,,,,,,,,,,,,,
powerball,1996-08-03,23 Million,N/A,,,,,9,100000,,,,,,,1725,100,,,,,,,69246,5,,,,,,,,,,,,,,
powerball,1996-08-07,5 Million,N/A,,,,,4,100000,,,,,,,1154,100,,,,,,,43083,5,,,,,,,,,,,,,,
powerball,1996-08-10,9 Million,N/A,,,,,5,100000,,,,,,,1204,100,,,,,,,51626,5,,,,,,,,,,,,,,
powerball,1996-08-14,13 Million,N/A,,,,,9,100000,,,,,,,1082,100,,,,,,,43863,5,,,,,,,,,,,,,,
powerball,1996-08-17,18 Million,N/A,,,,,8,100000,,,,,,,1206,100,,,,,,,51044,5,,,,,,,,,,,,,,
powerball,1996-08-21,23 Million,N/A,,,,,4,100000,,,,,,,1343,100,,,,,,,55490,5,,,,,,,,,,,,,,
powerball,1996-08-24,5 Million,N/A,,,,,6,100000,,,,,,,1139,100,,,,,,,45942,5,,,,,,,,,,,,,,
powerball,1996-08-28,8 Million,N/A,,,,,4,100000,,,,,,,948,100,,,,,,,37102,5,,,,,,,,,,,,,,
powerball,1996-08-31,13 Million,N/A,,,,,3,100000,,,,,,,1108,100,,,,,,,48046,5,,,,,,,,,,,,,,
powerball,1996-09-04,17 Million,N/A,,,,,4,100000,,,,,,,804,100,,,,,,,35894,5,,,,,,,,,,,,,,
powerball,1996-09-07,21 Million,N/A,,,,,9,100000,,,,,,,1169,100,,,,,,,50110,5,,,,,,,,,,,,,,
powerball,1996-09-11,25 Million,N/A,,,,,6,100000,,,,,,,1559,100,,,,,,,61222,5,,,,,,,,,,,,,,
powerball,1996-09-14,30 Million,N/A,,,,,4,100000,,,,,,,1675,100,,,,,,,64875,5,,,,,,,,,,,,,,
powerball,1996-09-18,5 Million,N/A,,,,,4,100000,,,,,,,741,100,,,,,,,32274,5,,,,,,,,,,,,,,
powerball,1996-09-21,7 Million,N/A,,,,,6,100000,,,,,,,1028,100,,,,,,,41159,5,,,,,,,,,,,,,,
powerball,1996-09-25,9 Million,N/A,,,,,4,100000,,,,,,,943,100,,,,,,,38123,5,,,,,,,,,,,,,,
powerball,1996-09-28,13 Million,N/A,,,,,7,100000,,,,,,,1062,100,,,,,,,42722,5,,,,,,,,,,,,,,
powerball,1996-10-02,16 Million,N/A,,,,,4,100000,,,,,,,925,100,,,,,,,39784,5,,,,,,,,,,,,,,
powerball,1996-10-05,20 Million,N/A,,,,,8,100000,,,,,,,1450,100,,,,,,,54343,5,,,,,,,,,,,,,,
powerball,1996-10-09,24 Million,N/A,,,,,9,100000,,,,,,,1488,100,,,,,,,54409,5,,,,,,,,,,,,,,
powerball,1996-10-12,29 Million,N/A,,,,,5,100000,,,,,,,1479,100,,,,,,,60223,5,,,,,,,,,,,,,,
powerball,1996-10-16,34 Million,N/A,,,,,5,100000,,,,,,,1303,100,,,,,,,53474,5,,,,,,,,,,,,,,
powerball,1996-10-19,40 Million,N/A,,,,,14,100000,,,,,,,1835,100,,,,,,,74311,5,,,,,,,,,,,,,,
powerball,1996-10-23,47 Million,N/A,,,,,9,100000,,,,,,,2073,100,,,,,,,86777,5,,,,,,,,,,,,,,
powerball,1996-10-26,57 Million,N/A,,,,,12,100000,,,,,,,2963,100,,,,,,,115930,5,,,,,,,,,,,,,,
powerball,1996-10-30,5 Million,N/A,,,,,3,100000,,,,,,,781,100,,,,,,,35605,5,,,,,,,,,,,,,,
powerball,1996-11-02,7 Million,N/A,,,,,4,100000,,,,,,,957,100,,,,,,,38539,5,,,,,,,,,,,,,,
powerball,1996-11-06,10 Million,N/A,,,,,5,100000,,,,,,,971,100,,,,,,,38123,5,,,,,,,,,,,,,,
powerball,1996-11-09,14 Million,N/A,,,,,10,100000,,,,,,,2139,100,,,,,,,67091,5,,,,,,,,,,,,,,
powerball,1996-11-13,17 Million,N/A,,,,,5,100000,,,,,,,1389,100,,,,,,,49514,5,,,,,,,,,,,,,,
powerball,1996-11-16,22 Million,N/A,,,,,6,100000,,,,,,,1361,100,,,,,,,53457,5,,,,,,,,,,,,,,
powerball,1996-11-20,5 Million,N/A,,,,,5,100000,,,,,,,950,100,,,,,,,39085,5,,,,,,,,,,,,,,
powerball,1996-11-23,6 Million,N/A,,,,,3,100000,,,,,,,1210,100,,,,,,,47262,5,,,,,,,,,,,,,,
powerball,1996-11-27,9 Million,N/A,,,,,2,100000,,,,,,,922,100,,,,,,,39885,5,,,,,,,,,,,,,,
powerball,1996-11-30,13 Million,N/A,,,,,2,100000,,,,,,,808,100,,,,,,,32035,5,,,,,,,,,,,,,,
powerball,1996-12-04,17 Million,N/A,,,,,4,100000,,,,,,,1277,100,,,,,,,45614,5,,,,,,,,,,,,,,
powerball,1996-12-07,21 Million,N/A,,,,,8,100000,,,,,,,1351,100,,,,,,,52539,5,,,,,,,,,,,,,,
powerball,1996-12-11,25 Million,N/A,,,,,6,100000,,,,,,,1702,100,,,,,,,58014,5,,,,,,,,,,,,,,
powerball,1996-12-14,30 Million,N/A,,,,,5,100000,,,,,,,1457,100,,,,,,,62665,5,,,,,,,,,,,,,,
powerball,1996-12-18,35 Million,N/A,,,,,6,100000,,,,,,,1384,100,,,,,,,57471,5,,,,,,,,,,,,,,
powerball,1996-12-21,42 Million,N/A,,,,,14,100000,,,,,,,1864,100,,,,,,,76204,5,,,,,,,,,,,,,,
powerball,1996-12-25,48 Million,N/A,,,,,11,100000,,,,,,,2300,100,,,,,,,86925,5,,,,,,,,,,,,,,
powerball,1996-12-28,5 Million,N/A,,,,,8,100000,,,,,,,1519,100,,,,,,,55814,5,,,,,,,,,,,,,,
powerball,1997-01-01,6 Million,N/A,,,,,3,100000,,,,,,,1162,100,,,,,,,42219,5,,,,,,,,,,,,,,
powerball,1997-01-04,10 Million,N/A,,,,,5,100000,,,,,,,1531,100,,,,,,,55086,5,,,,,,,,,,,,,,
powerball,1997-01-08,5 Million,N/A,,,,,1,100000,,,,,,,844,100,,,,,,,33446,5,,,,,,,,,,,,,,
powerball,1997-01-11,6 Million,N/A,,,,,10,100000,,,,,,,1004,100,,,,,,,39536,5,,,,,,,,,,,,,,
powerball,1997-01-15,9 Million,N/A,,,,,6,100000,,,,,,,871,100,,,,,,,32991,5,,,,,,,,,,,,,,
powerball,1997-01-18,13 Million,N/A,,,,,3,100000,,,,,,,1080,100,,,,,,,43927,5,,,,,,,,,,,,,,
powerball,1997-01-22,16 Million,N/A,,,,,5,100000,,,,,,,1202,100,,,,,,,47765,5,,,,,,,,,,,,,,
powerball,1997-01-25,21 Million,N/A,,,,,6,100000,,,,,,,1161,100,,,,,,,48242,5,,,,,,,,,,,,,,
powerball,1997-01-29,25 Million,N/A,,,,,5,100000,,,,,,,1229,100,,,,,,,50459,5,,,,,,,,,,,,,,
powerball,1997-02-01,30 Million,N/A,,,,,8,100000,,,,,,,1498,100,,,,,,,61264,5,,,,,,,,,,,,,,
powerball,1997-02-05,5 Million,N/A,,,,,5,100000,,,,,,,826,100,,,,,,,33365,5,,,,,,,,,,,,,,
powerball,1997-02-08,8 Million,N/A,,,,,8,100000,,,,,,,1036,100,,,,,,,42687,5,,,,,,,,,,,,,,
powerball,1997-02-12,11 Million,N/A,,,,,3,100000,,,,,,,967,100,,,,,,,38870,5,,,,,,,,,,,,,,
powerball,1997-02-15,15 Million,N/A,,,,,8,100000,,,,,,,1104,100,,,,,,,46626,5,,,,,,,,,,,,,,
powerball,1997-02-19,5 Million,N/A,,,,,6,100000,,,,,,,881,100,,,,,,,37187,5,,,,,,,,,,,,,,
powerball,1997-02-22,8 Million,N/A,,,,,5,100000,,,,,,,1005,100,,,,,,,38484,5,,,,,,,,,,,,,,
powerball,1997-02-26,11 Million,N/A,,,,,6,100000,,,,,,,1290,100,,,,,,,50123,5,,,,,,,,,,,,,,
powerball,1997-03-01,15 Million,N/A,,,,,5,100000,,,,,,,1330,100,,,,,,,50762,5,,,,,,,,,,,,,,
powerball,1997-03-05,17 Million,N/A,,,,,7,100000,,,,,,,895,100,,,,,,,38992,5,,,,,,,,,,,,,,
powerball,1997-03-08,22 Million,N/A,,,,,7,100000,,,,,,,1525,100,,,,,,,60154,5,,,,,,,,,,,,,,
powerball,1997-03-12,26 Million,N/A,,,,,7,100000,,,,,,,1253,100,,,,,,,51615,5,,,,,,,,,,,,,,
powerball,1997-03-15,32 Million,N/A,,,,,7,100000,,,,,,,2155,100,,,,,,,76884,5,,,,,,,,,,,,,,
powerball,1997-03-19,37 Million,N/A,,,,,6,100000,,,,,,,1560,100,,,,,,,67308,5,,,,,,,,,,,,,,
powerball,1997-03-22,44 Million,N/A,,,,,11,100000,,,,,,,2434,100,,,,,,,96754,5,,,,,,,,,,,,,,
powerball,1997-03-26,53 Million,N/A,,,,,19,100000,,,,,,,2937,100,,,,,,,110048,5,,,,,,,,,,,,,,
powerball,1997-03-29,5 Million,N/A,,,,,6,100000,,,,,,,1143,100,,,,,,,45139,5,,,,,,,,,,,,,,
powerball,1997-04-02,8 Million,N/A,,,,,2,100000,,,,,,,972,100,,,,,,,39695,5,,,,,,,,,,,,,,
powerball,1997-04-05,11 Million,N/A,,,,,13,100000,,,,,,,2452,100,,,,,,,75874,5,,,,,,,,,,,,,,
powerball,1997-04-09,5 Million,N/A,,,,,5,100000,,,,,,,661,100,,,,,,,28238,5,,,,,,,,,,,,,,
powerball,1997-04-12,8 Million,N/A,,,,,7,100000,,,,,,,1216,100,,,,,,,47990,5,,,,,,,,,,,,,,
powerball,1997-04-16,11 Million,N/A,,,,,4,100000,,,,,,,840,100,,,,,,,33994,5,,,,,,,,,,,,,,
powerball,1997-04-19,15 Million,N/A,,,,,8,100000,,,,,,,1465,100,,,,,,,53446,5,,,,,,,,,,,,,,
powerball,1997-04-23,17 Million,N/A,,,,,4,100000,,,,,,,1135,100,,,,,,,43948,5,,,,,,,,,,,,,,
powerball,1997-04-26,22 Million,N/A,,,,,5,100000,,,,,,,1304,100,,,,,,,52821,5,,,,,,,,,,,,,,
powerball,1997-04-30,26 Million,N/A,,,,,9,100000,,,,,,,1150,100,,,,,,,48241,5,,,,,,,,,,,,,,
powerball,1997-05-03,31 Million,N/A,,,,,15,100000,,,,,,,1634,100,,,,,,,67206,5,,,,,,,,,,,,,,
powerball,1997-05-07,36 Million,N/A,,,,,12,100000,,,,,,,1920,100,,,,,,,73846,5,,,,,,,,,,,,,,
powerball,1997-05-10,5 Million,N/A,,,,,6,100000,,,,,,,1474,100,,,,,,,52186,5,,,,,,,,,,,,,,
powerball,1997-05-14,8 Million,N/A,,,,,1,100000,,,,,,,741,100,,,,,,,30071,5,,,,,,,,,,,,,,
powerball,1997-05-17,11 Million,N/A,,,,,4,100000,,,,,,,1077,100,,,,,,,44657,5,,,,,,,,,,,,,,
powerball,1997-05-21,15 Million,N/A,,,,,5,100000,,,,,,,882,100,,,,,,,34009,5,,,,,,,,,,,,,,
powerball,1997-05-24,17 Million,N/A,,,,,4,100000,,,,,,,1133,100,,,,,,,46651,5,,,,,,,,,,,,,,
powerball,1997-05-28,21 Million,N/A,,,,,7,100000,,,,,,,1014,100,,,,,,,42664,5,,,,,,,,,,,,,,
powerball,1997-05-31,25 Million,N/A,,,,,11,100000,,,,,,,1635,100,,,,,,,66254,5,,,,,,,,,,,,,,
powerball,1997-06-04,30 Million,N/A,,,,,7,100000,,,,,,,1506,100,,,,,,,60985,5,,,,,,,,,,,,,,
powerball,1997-06-07,35 Million,N/A,,,,,12,100000,,,,,,,1710,100,,,,,,,67992,5,,,,,,,,,,,,,,
powerball,1997-06-11,41 Million,N/A,,,,,8,100000,,,,,,,2006,100,,,,,,,75942,5,,,,,,,,,,,,,,
powerball,1997-06-14,48 Million,N/A,,,,,15,100000,,,,,,,2990,100,,,,,,,110838,5,,,,,,,,,,,,,,
powerball,1997-06-18,58 Million,N/A,,,,,22,100000,,,,,,,2915,100,,,,,,,115750,5,,,,,,,,,,,,,,
powerball,1997-06-21,5 Million,N/A,,,,,3,100000,,,,,,,1049,100,,,,,,,42921,5,,,,,,,,,,,,,,
powerball,1997-06-25,8 Million,N/A,,,,,4,100000,,,,,,,762,100,,,,,,,30011,5,,,,,,,,,,,,,,
powerball,1997-06-28,5 Million,N/A,,,,,6,100000,,,,,,,895,100,,,,,,,35786,5,,,,,,,,,,,,,,
powerball,1997-07-02,8 Million,N/A,,,,,7,100000,,,,,,,702,100,,,,,,,32812,5,,,,,,,,,,,,,,
powerball,1997-07-05,11 Million,N/A,,,,,6,100000,,,,,,,864,100,,,,,,,36332,5,,,,,,,,,,,,,,
powerball,1997-07-09,15 Million,N/A,,,,,4,100000,,,,,,,889,100,,,,,,,35913,5,,,,,,,,,,,,,,
powerball,1997-07-12,16 Million,N/A,,,,,7,100000,,,,,,,1313,100,,,,,,,51701,5,,,,,,,,,,,,,,
powerball,1997-07-16,20 Million,N/A,,,,,3,100000,,,,,,,966,100,,,,,,,41013,5,,,,,,,,,,,,,,
powerball,1997-07-19,24 Million,N/A,,,,,8,100000,,,,,,,1419,100,,,,,,,56105,5,,,,,,,,,,,,,,
powerball,1997-07-23,28 Million,N/A,,,,,5,100000,,,,,,,1162,100,,,,,,,44795,5,,,,,,,,,,,,,,
powerball,1997-07-26,33 Million,N/A,,,,,17,100000,,,,,,,2165,100,,,,,,,75747,5,,,,,,,,,,,,,,
powerball,1997-07-30,39 Million,N/A,,,,,7,100000,,,,,,,1921,100,,,,,,,73478,5,,,,,,,,,,,,,,
powerball,1997-08-02,46 Million,N/A,,,,,7,100000,,,,,,,1902,100,,,,,,,82776,5,,,,,,,,,,,,,,
powerball,1997-08-06,5 Million,N/A,,,,,3,100000,,,,,,,1132,100,,,,,,,43563,5,,,,,,,,,,,,,,
powerball,1997-08-09,5 Million,N/A,,,,,10,100000,,,,,,,2030,100,,,,,,,55356,5,,,,,,,,,,,,,,
powerball,1997-08-13,8 Million,N/A,,,,,2,100000,,,,,,,819,100,,,,,,,33796,5,,,,,,,,,,,,,,
powerball,1997-08-16,11 Million,N/A,,,,,7,100000,,,,,,,1295,100,,,,,,,47194,5,,,,,,,,,,,,,,
powerball,1997-08-20,15 Million,N/A,,,,,9,100000,,,,,,,1759,100,,,,,,,56382,5,,,,,,,,,,,,,,
powerball,1997-08-23,17 Million,N/A,,,,,4,100000,,,,,,,992,100,,,,,,,44081,5,,,,,,,,,,,,,,
powerball,1997-08-27,21 Million,N/A,,,,,3,100000,,,,,,,1007,100,,,,,,,40965,5,,,,,,,,,,,,,,
powerball,1997-08-30,25 Million,N/A,,,,,3,100000,,,,,,,1583,100,,,,,,,61928,5,,,,,,,,,,,,,,
powerball,1997-09-03,5 Million,N/A,,,,,5,100000,,,,,,,998,100,,,,,,,37598,5,,,,,,,,,,,,,,
powerball,1997-09-06,8 Million,N/A,,,,,7,100000,,,,,,,837,100,,,,,,,35153,5,,,,,,,,,,,,,,
powerball,1997-09-10,11 Million,N/A,,,,,6,100000,,,,,,,940,100,,,,,,,37938,5,,,,,,,,,,,,,,
powerball,1997-09-13,15 Million,N/A,,,,,6,100000,,,,,,,1133,100,,,,,,,45038,5,,,,,,,,,,,,,,
powerball,1997-09-17,16 Million,N/A,,,,,5,100000,,,,,,,979,100,,,,,,,37457,5,,,,,,,,,,,,,,
powerball,1997-09-20,19 Million,N/A,,,,,4,100000,,,,,,,1206,100,,,,,,,47731,5,,,,,,,,,,,,,,
powerball,1997-09-24,5 Million,N/A,,,,,2,100000,,,,,,,923,100,,,,,,,34141,5,,,,,,,,,,,,,,
powerball,1997-09-27,8 Million,N/A,,,,,0,100000,,,,,,,967,100,,,,,,,38306,5,,,,,,,,,,,,,,
powerball,1997-10-01,11 Million,N/A,,,,,2,100000,,,,,,,848,100,,,,,,,32668,5,,,,,,,,,,,,,,
powerball,1997-10-04,15 Million,N/A,,,,,6,100000,,,,,,,1159,100,,,,,,,46053,5,,,,,,,,,,,,,,
powerball,1997-10-08,16 Million,N/A,,,,,4,100000,,,,,,,1043,100,,,,,,,39067,5,,,,,,,,,,,,,,
powerball,1997-10-11,19 Million,N/A,,,,,9,100000,,,,,,,1019,100,,,,,,,42883,5,,,,,,,,,,,,,,
powerball,1997-10-15,23 Million,N/A,,,,,4,100000,,,,,,,1450,100,,,,,,,55266,5,,,,,,,,,,,,,,
powerball,1997-10-18,27 Million,N/A,,,,,10,100000,,,,,,,1872,100,,,,,,,64421,5,,,,,,,,,,,,,,
powerball,1997-10-22,31 Million,N/A,,,,,10,100000,,,,,,,1438,100,,,,,,,55400,5,,,,,,,,,,,,,,
powerball,1997-10-25,36 Million,N/A,,,,,8,100000,,,,,,,1653,100,,,,,,,67888,5,,,,,,,,,,,,,,
powerball,1997-10-29,5 Million,N/A,,,,,3,100000,,,,,,,979,100,,,,,,,36766,5,,,,,,,,,,,,,,
powerball,1997-11-01,8 Million,N/A,,,,,6,100000,,,,,,,834,100,,,,,,,35520,5,,,,,,,,,,,,,,
powerball,1997-11-05,10 Million,5.3 Million,,,,,3,100000,,,,,,,721,100,,,,,,,30288,7,,,,,,,,,,,,,,
powerball,1997-11-08,12 Million,6.3 Million,,,,,2,100000,,,,,,,812,100,,,,,,,34330,7,,,,,,,,,,,,,,
powerball,1997-11-12,14 Million,7.4 Million,,,,,1,100000,,,,,,,604,100,,,,,,,29594,7,,,,,,,,,,,,,,
powerball,1997-11-15,16 Million,8.5 Million,,,,,4,100000,,,,,,,900,100,,,,,,,37946,7,,,,,,,,,,,,,,
powerball,1997-11-19,17 Million,9.1 Million,,,,,5,100000,,,,,,,786,100,,,,,,,34852,7,,,,,,,,,,,,,,
powerball,1997-11-22,22 Million,11.3 Million,,,,,12,100000,,,,,,,1472,100,,,,,,,53948,7,,,,,,,,,,,,,,
powerball,1997-11-26,26 Million,13.5 Million,,,,,2,100000,,,,,,,807,100,,,,,,,34163,7,,,,,,,,,,,,,,
powerball,1997-11-29,30 Million,15.9 Million,,,,,2,100000,,,,,,,1234,100,,,,,,,52495,7,,,,,,,,,,,,,,
powerball,1997-12-03,35 Million,18.5 Million,,,,,2,100000,,,,,,,885,100,,,,,,,40773,7,,,,,,,,,,,,,,
powerball,1997-12-06,42 Million,21.8 Million,,,,,7,100000,,,,,,,1386,100,,,,,,,58910,7,,,,,,,,,,,,,,
powerball,1997-12-10,48 Million,25.1 Million,,,,,6,100000,,,,,,,1502,100,,,,,,,60219,7,,,,,,,,,,,,,,
powerball,1997-12-13,56 Million,29.6 Million,,,,,10,100000,,,,,,,1481,100,,,,,,,68506,7,,,,,,,,,,,,,,
powerball,1997-12-17,66 Million,35.5 Million,,,,,9,100000,,,,,,,2602,100,,,,,,,112030,7,,,,,,,,,,,,,,
powerball,1997-12-20,10 Million,5.4 Million,,,,,6,100000,,,,,,,1409,100,,,,,,,53789,7,,,,,,,,,,,,,,
powerball,1997-12-24,12 Million,6.5 Million,,,,,5,100000,,,,,,,833,100,,,,,,,36513,7,,,,,,,,,,,,,,
powerball,1997-12-27,14 Million,7.6 Million,,,,,0,100000,,,,,,,611,100,,,,,,,30954,7,,,,,,,,,,,,,,
powerball,1997-12-31,17 Million,9.0 Million,,,,,8,100000,,,,,,,1199,100,,,,,,,50537,7,,,,,,,,,,,,,,
powerball,1998-01-03,21 Million,11.5 Million,,,,,8,100000,,,,,,,1365,100,,,,,,,54388,7,,,,,,,,,,,,,,
powerball,1998-01-07,25 Million,13.8 Million,,,,,3,100000,,,,,,,838,100,,,,,,,39889,7,,,,,,,,,,,,,,
powerball,1998-01-10,10 Million,5.5 Million,,,,,9,100000,,,,,,,924,100,,,,,,,41950,7,,,,,,,,,,,,,,
powerball,1998-01-14,10 Million,5.5 Million,,,,,1,100000,,,,,,,792,100,,,,,,,33868,7,,,,,,,,,,,,,,
powerball,1998-01-17,10 Million,5.4 Million,,,,,1,100000,,,,,,,704,100,,,,,,,30512,7,,,,,,,,,,,,,,
powerball,1998-01-21,12 Million,6.5 Million,,,,,1,100000,,,,,,,601,100,,,,,,,29228,7,,,,,,,,,,,,,,
powerball,1998-01-24,14 Million,7.6 Million,,,,,4,100000,,,,,,,1052,100,,,,,,,41100,7,,,,,,,,,,,,,,
powerball,1998-01-28,16 Million,8.7 Million,,,,,6,100000,,,,,,,665,100,,,,,,,28981,7,,,,,,,,,,,,,,
powerball,1998-01-31,18 Million,9.7 Million,,,,,1,100000,,,,,,,935,100,,,,,,,42655,7,,,,,,,,,,,,,,
powerball,1998-02-04,22 Million,11.7 Million,,,,,7,100000,,,,,,,1254,100,,,,,,,47313,7,,,,,,,,,,,,,,
powerball,1998-02-07,26 Million,14.1 Million,,,,,6,100000,,,,,,,1182,100,,,,,,,50110,7,,,,,,,,,,,,,,
powerball,1998-02-11,30 Million,16.4 Million,,,,,3,100000,,,,,,,907,100,,,,,,,37116,7,,,,,,,,,,,,,,
powerball,1998-02-14,36 Million,19.3 Million,,,,,6,100000,,,,,,,1238,100,,,,,,,54540,7,,,,,,,,,,,,,,
powerball,1998-02-18,41 Million,22.2 Million,,,,,6,100000,,,,,,,1134,100,,,,,,,52124,7,,,,,,,,,,,,,,
powerball,1998-02-21,48 Million,26.0 Million,,,,,6,100000,,,,,,,1424,100,,,,,,,63905,7,,,,,,,,,,,,,,
powerball,1998-02-25,55 Million,30.2 Million,,,,,5,100000,,,,,,,1598,100,,,,,,,66039,7,,,,,,,,,,,,,,
powerball,1998-02-28,10 Million,5.4 Million,,,,,2,100000,,,,,,,672,100,,,,,,,31382,7,,,,,,,,,,,,,,
powerball,1998-03-04,12 Million,6.4 Million,,,,,2,100000,,,,,,,746,100,,,,,,,34095,7,,,,,,,,,,,,,,
powerball,1998-03-07,14 Million,7.5 Million,,,,,3,100000,,,,,,,758,100,,,,,,,35858,7,,,,,,,,,,,,,,
powerball,1998-03-11,16 Million,8.5 Million,,,,,2,100000,,,,,,,999,100,,,,,,,38718,7,,,,,,,,,,,,,,
powerball,1998-03-14,19 Million,10.4 Million,,,,,3,100000,,,,,,,718,100,,,,,,,33039,7,,,,,,,,,,,,,,
powerball,1998-03-18,23 Million,12.5 Million,,,,,1,100000,,,,,,,704,100,,,,,,,33591,7,,,,,,,,,,,,,,
powerball,1998-03-21,28 Million,15.0 Million,,,,,4,100000,,,,,,,817,100,,,,,,,36567,7,,,,,,,,,,,,,,
powerball,1998-03-25,10 Million,5.4 Million,,,,,3,100000,,,,,,,564,100,,,,,,,26556,7,,,,,,,,,,,,,,
powerball,1998-03-28,12 Million,6.5 Million,,,,,4,100000,,,,,,,705,100,,,,,,,30975,7,,,,,,,,,,,,,,
powerball,1998-04-01,14 Million,7.6 Million,,,,,5,100000,,,,,,,589,100,,,,,,,26232,7,,,,,,,,,,,,,,
powerball,1998-04-04,16 Million,8.8 Million,,,,,1,100000,,,,,,,716,100,,,,,,,35626,7,,,,,,,,,,,,,,
powerball,1998-04-08,18 Million,9.9 Million,,,,,2,100000,,,,,,,757,100,,,,,,,32227,7,,,,,,,,,,,,,,
powerball,1998-04-11,21 Million,11.4 Million,,,,,6,100000,,,,,,,753,100,,,,,,,32540,7,,,,,,,,,,,,,,
powerball,1998-04-15,24 Million,13.3 Million,,,,,3,100000,,,,,,,697,100,,,,,,,32473,7,,,,,,,,,,,,,,
powerball,1998-04-18,29 Million,15.6 Million,,,,,2,100000,,,,,,,870,100,,,,,,,40152,7,,,,,,,,,,,,,,
powerball,1998-04-22,33 Million,17.9 Million,,,,,1,100000,,,,,,,930,100,,,,,,,39355,7,,,,,,,,,,,,,,
powerball,1998-04-25,39 Million,20.7 Million,,,,,5,100000,,,,,,,1151,100,,,,,,,50085,7,,,,,,,,,,,,,,
powerball,1998-04-29,44 Million,23.5 Million,,,,,3,100000,,,,,,,979,100,,,,,,,44301,7,,,,,,,,,,,,,,
powerball,1998-05-02,51 Million,27.3 Million,,,,,6,100000,,,,,,,1477,100,,,,,,,64534,7,,,,,,,,,,,,,,
powerball,1998-05-06,58 Million,31.3 Million,,,,,11,100000,,,,,,,1347,100,,,,,,,61802,7,,,,,,,,,,,,,,
powerball,1998-05-09,69 Million,37.4 Million,,,,,9,100000,,,,,,,2207,100,,,,,,,98844,7,,,,,,,,,,,,,,
powerball,1998-05-13,86 Million,46.1 Million,,,,,17,100000,,,,,,,3853,100,,,,,,,157376,7,,,,,,,,,,,,,,
powerball,1998-05-16,119 Million,63.8 Million,,,,,23,100000,,,,,,,6561,100,,,,,,,293621,7,,,,,,,,,,,,,,
powerball,1998-05-20,195 Million,104.3 Million,,,,,57,100000,,,,,,,14473,100,,,,,,,642271,7,,,,,,,,,,,,,,
powerball,1998-05-23,10 Million,5.4 Million,,,,,1,100000,,,,,,,818,100,,,,,,,38721,7,,,,,,,,,,,,,,
powerball,1998-05-27,10 Million,5.4 Million,,,,,1,100000,,,,,,,683,100,,,,,,,30259,7,,,,,,,,,,,,,,
powerball,1998-05-30,12 Million,6.5 Million,,,,,2,100000,,,,,,,962,100,,,,,,,40738,7,,,,,,,,,,,,,,
powerball,1998-06-03,14 Million,7.6 Million,,,,,3,100000,,,,,,,718,100,,,,,,,32653,7,,,,,,,,,,,,,,
powerball,1998-06-06,16 Million,8.7 Million,,,,,3,100000,,,,,,,923,100,,,,,,,39413,7,,,,,,,,,,,,,,
powerball,1998-06-10,19 Million,10.4 Million,,,,,4,100000,,,,,,,880,100,,,,,,,38362,7,,,,,,,,,,,,,,
powerball,1998-06-13,23 Million,12.8 Million,,,,,6,100000,,,,,,,1641,100,,,,,,,60633,7,,,,,,,,,,,,,,
powerball,1998-06-17,27 Million,15.0 Million,,,,,1,100000,,,,,,,828,100,,,,,,,39668,7,,,,,,,,,,,,,,
powerball,1998-06-20,32 Million,17.6 Million,,,,,1,100000,,,,,,,928,100,,,,,,,43678,7,,,,,,,,,,,,,,
powerball,1998-06-24,37 Million,20.1 Million,,,,,6,100000,,,,,,,1097,100,,,,,,,46261,7,,,,,,,,,,,,,,
powerball,1998-06-27,42 Million,23.0 Million,,,,,3,100000,,,,,,,1235,100,,,,,,,55856,7,,,,,,,,,,,,,,
powerball,1998-07-01,47 Million,25.9 Million,,,,,3,100000,,,,,,,1147,100,,,,,,,50161,7,,,,,,,,,,,,,,
powerball,1998-07-04,53 Million,29.4 Million,,,,,1,100000,,,,,,,1286,100,,,,,,,57754,7,,,,,,,,,,,,,,
powerball,1998-07-08,60 Million,33.1 Million,,,,,11,100000,,,,,,,1705,100,,,,,,,71670,7,,,,,,,,,,,,,,
powerball,1998-07-11,68 Million,37.6 Million,,,,,6,100000,,,,,,,2420,100,,,,,,,95648,7,,,,,,,,,,,,,,
powerball,1998-07-15,78 Million,43.6 Million,,,,,16,100000,,,,,,,2599,100,,,,,,,111013,7,,,,,,,,,,,,,,
powerball,1998-07-18,98 Million,53.1 Million,,,,,17,100000,,,,,,,3629,100,,,,,,,159496,7,,,,,,,,,,,,,,
powerball,1998-07-22,130 Million,70.7 Million,,,,,30,100000,,,,,,,6291,100,,,,,,,284864,7,,,,,,,,,,,,,,
powerball,1998-07-25,183 Million,99.9 Million,,,,,56,100000,,,,,,,13620,100,,,,,,,545062,7,,,,,,,,,,,,,,
powerball,1998-07-29,296 Million,161.5 Million,,,,,79,100000,,,,,,,21874,100,,,,,,,944589,7,,,,,,,,,,,,,,
powerball,1998-08-01,10 Million,5.4 Million,,,,,6,100000,,,,,,,1428,100,,,,,,,62417,7,,,,,,,,,,,,,,
powerball,1998-08-05,12 Million,6.5 Million,,,,,4,100000,,,,,,,1202,100,,,,,,,50987,7,,,,,,,,,,,,,,
powerball,1998-08-08,18 Million,9.9 Million,,,,,2,100000,,,,,,,1123,100,,,,,,,49963,7,,,,,,,,,,,,,,
powerball,1998-08-12,24 Million,13.0 Million,,,,,5,100000,,,,,,,1092,100,,,,,,,47024,7,,,,,,,,,,,,,,
powerball,1998-08-15,30 Million,16.6 Million,,,,,6,100000,,,,,,,1161,100,,,,,,,55497,7,,,,,,,,,,,,,,
powerball,1998-08-19,36 Million,20.0 Million,,,,,5,100000,,,,,,,1275,100,,,,,,,52235,7,,,,,,,,,,,,,,
powerball,1998-08-22,43 Million,24.0 Million,,,,,9,100000,,,,,,,2096,100,,,,,,,83499,7,,,,,,,,,,,,,,
powerball,1998-08-26,10 Million,5.6 Million,,,,,2,100000,,,,,,,751,100,,,,,,,34455,7,,,,,,,,,,,,,,
powerball,1998-08-29,12 Million,6.7 Million,,,,,8,100000,,,,,,,1156,100,,,,,,,46263,7,,,,,,,,,,,,,,
powerball,1998-09-02,14 Million,7.8 Million,,,,,0,100000,,,,,,,829,100,,,,,,,35869,7,,,,,,,,,,,,,,
powerball,1998-09-05,18 Million,10.3 Million,,,,,4,100000,,,,,,,991,100,,,,,,,47795,7,,,,,,,,,,,,,,
powerball,1998-09-09,22 Million,12.7 Million,,,,,4,100000,,,,,,,849,100,,,,,,,40069,7,,,,,,,,,,,,,,
powerball,1998-09-12,27 Million,15.6 Million,,,,,6,100000,,,,,,,1082,100,,,,,,,46564,7,,,,,,,,,,,,,,
powerball,1998-09-16,32 Million,18.4 Million,,,,,5,100000,,,,,,,929,100,,,,,,,43317,7,,,,,,,,,,,,,,
powerball,1998-09-19,37 Million,21.6 Million,,,,,6,100000,,,,,,,1087,100,,,,,,,48484,7,,,,,,,,,,,,,,
powerball,1998-09-23,43 Million,24.7 Million,,,,,4,100000,,,,,,,1314,100,,,,,,,55772,7,,,,,,,,,,,,,,
powerball,1998-09-26,49 Million,28.4 Million,,,,,17,100000,,,,,,,2174,100,,,,,,,79379,7,,,,,,,,,,,,,,
powerball,1998-09-30,10 Million,5.8 Million,,,,,2,100000,,,,,,,1200,100,,,,,,,49095,7,,,,,,,,,,,,,,
powerball,1998-10-03,12 Million,7.1 Million,,,,,2,100000,,,,,,,1125,100,,,,,,,47077,7,,,,,,,,,,,,,,
powerball,1998-10-07,14 Million,8.3 Million,,,,,7,100000,,,,,,,1410,100,,,,,,,50992,7,,,,,,,,,,,,,,
powerball,1998-10-10,16 Million,9.3 Million,,,,,2,100000,,,,,,,1017,100,,,,,,,45089,7,,,,,,,,,,,,,,
powerball,1998-10-14,20 Million,11.5 Million,,,,,2,100000,,,,,,,855,100,,,,,,,37510,7,,,,,,,,,,,,,,
powerball,1998-10-17,25 Million,14.2 Million,,,,,2,100000,,,,,,,841,100,,,,,,,35981,7,,,,,,,,,,,,,,
powerball,1998-10-21,29 Million,16.7 Million,,,,,9,100000,,,,,,,852,100,,,,,,,38220,7,,,,,,,,,,,,,,
powerball,1998-10-24,35 Million,19.6 Million,,,,,6,100000,,,,,,,1276,100,,,,,,,54109,7,,,,,,,,,,,,,,
powerball,1998-10-28,40 Million,22.5 Million,,,,,3,100000,,,,,,,991,100,,,,,,,47707,7,,,,,,,,,,,,,,
powerball,1998-10-31,46 Million,25.9 Million,,,,,5,100000,,,,,,,1137,100,,,,,,,52255,7,,,,,,,,,,,,,,
powerball,1998-11-04,10 Million,5.7 Million,,,,,6,100000,,,,,,,824,100,,,,,,,36695,7,,,,,,,,,,,,,,
powerball,1998-11-07,12 Million,6.7 Million,,,,,3,100000,,,,,,,1021,100,,,,,,,44260,7,,,,,,,,,,,,,,
powerball,1998-11-11,14 Million,7.8 Million,,,,,4,100000,,,,,,,647,100,,,,,,,29995,7,,,,,,,,,,,,,,
powerball,1998-11-14,16 Million,9.1 Million,,,,,6,100000,,,,,,,866,100,,,,,,,40168,7,,,,,,,,,,,,,,
powerball,1998-11-18,19 Million,11.0 Million,,,,,5,100000,,,,,,,725,100,,,,,,,32016,7,,,,,,,,,,,,,,
powerball,1998-11-21,24 Million,13.5 Million,,,,,3,100000,,,,,,,971,100,,,,,,,47127,7,,,,,,,,,,,,,,
powerball,1998-11-25,28 Million,16.0 Million,,,,,3,100000,,,,,,,823,100,,,,,,,39734,7,,,,,,,,,,,,,,
powerball,1998-11-28,33 Million,18.6 Million,,,,,5,100000,,,,,,,1437,100,,,,,,,56283,7,,,,,,,,,,,,,,
powerball,1998-12-02,10 Million,5.7 Million,,,,,6,100000,,,,,,,646,100,,,,,,,30410,7,,,,,,,,,,,,,,
powerball,1998-12-05,12 Million,7.0 Million,,,,,8,100000,,,,,,,1011,100,,,,,,,42124,7,,,,,,,,,,,,,,
powerball,1998-12-09,14 Million,8.1 Million,,,,,0,100000,,,,,,,599,100,,,,,,,27142,7,,,,,,,,,,,,,,
powerball,1998-12-12,16 Million,9.3 Million,,,,,3,100000,,,,,,,911,100,,,,,,,39502,7,,,,,,,,,,,,,,
powerball,1998-12-16,18 Million,10.5 Million,,,,,12,100000,,,,,,,1009,100,,,,,,,41508,7,,,,,,,,,,,,,,
powerball,1998-12-19,22 Million,12.9 Million,,,,,3,100000,,,,,,,1125,100,,,,,,,47256,7,,,,,,,,,,,,,,
powerball,1998-12-23,26 Million,15.3 Million,,,,,1,100000,,,,,,,736,100,,,,,,,32595,7,,,,,,,,,,,,,,
powerball,1998-12-26,30 Million,17.7 Million,,,,,4,100000,,,,,,,1115,100,,,,,,,45170,7,,,,,,,,,,,,,,
powerball,1998-12-30,35 Million,20.2 Million,,,,,3,100000,,,,,,,935,100,,,,,,,36403,7,,,,,,,,,,,,,,
powerball,1999-01-02,40 Million,22.9 Million,,,,,1,100000,,,,,,,1075,100,,,,,,,45592,7,,,,,,,,,,,,,,
powerball,1999-01-06,45 Million,25.8 Million,,,,,3,100000,,,,,,,1199,100,,,,,,,52105,7,,,,,,,,,,,,,,
powerball,1999-01-09,51 Million,29.3 Million,,,,,7,100000,,,,,,,1642,100,,,,,,,69325,7,,,,,,,,,,,,,,
powerball,1999-01-13,58 Million,33.2 Million,,,,,8,100000,,,,,,,1326,100,,,,,,,57162,7,,,,,,,,,,,,,,
powerball,1999-01-16,67 Million,38.0 Million,,,,,3,100000,,,,,,,1949,100,,,,,,,81987,7,,,,,,,,,,,,,,
powerball,1999-01-20,10 Million,5.7 Million,,,,,3,100000,,,,,,,683,100,,,,,,,32185,7,,,,,,,,,,,,,,
powerball,1999-01-23,12 Million,6.8 Million,,,,,4,100000,,,,,,,811,100,,,,,,,37945,7,,,,,,,,,,,,,,
powerball,1999-01-27,14 Million,8.0 Million,,,,,4,100000,,,,,,,801,100,,,,,,,35113,7,,,,,,,,,,,,,,
powerball,1999-01-30,16 Million,9.1 Million,,,,,2,100000,,,,,,,813,100,,,,,,,36403,7,,,,,,,,,,,,,,
powerball,1999-02-03,19 Million,10.9 Million,,,,,3,100000,,,,,,,730,100,,,,,,,32116,7,,,,,,,,,,,,,,
powerball,1999-02-06,24 Million,13.5 Million,,,,,0,100000,,,,,,,853,100,,,,,,,38016,7,,,,,,,,,,,,,,
powerball,1999-02-10,28 Million,15.9 Million,,,,,3,100000,,,,,,,928,100,,,,,,,39394,7,,,,,,,,,,,,,,
powerball,1999-02-13,10 Million,5.6 Million,,,,,4,100000,,,,,,,1020,100,,,,,,,41757,7,,,,,,,,,,,,,,
powerball,1999-02-17,12 Million,6.7 Million,,,,,3,100000,,,,,,,715,100,,,,,,,33094,7,,,,,,,,,,,,,,
powerball,1999-02-20,14 Million,7.8 Million,,,,,3,100000,,,,,,,894,100,,,,,,,40254,7,,,,,,,,,,,,,,
powerball,1999-02-24,16 Million,8.9 Million,,,,,2,100000,,,,,,,673,100,,,,,,,30756,7,,,,,,,,,,,,,,
powerball,1999-02-27,20 Million,10.9 Million,,,,,6,100000,,,,,,,867,100,,,,,,,36735,7,,,,,,,,,,,,,,
powerball,1999-03-03,24 Million,13.2 Million,,,,,4,100000,,,,,,,788,100,,,,,,,38345,7,,,,,,,,,,,,,,
powerball,1999-03-06,29 Million,15.9 Million,,,,,2,100000,,,,,,,971,100,,,,,,,45220,7,,,,,,,,,,,,,,
powerball,1999-03-10,34 Million,18.4 Million,,,,,3,100000,,,,,,,811,100,,,,,,,36539,7,,,,,,,,,,,,,,
powerball,1999-03-13,39 Million,21.6 Million,,,,,4,100000,,,,,,,1047,100,,,,,,,46818,7,,,,,,,,,,,,,,
powerball,1999-03-17,45 Million,24.7 Million,,,,,3,100000,,,,,,,1163,100,,,,,,,48737,7,,,,,,,,,,,,,,
powerball,1999-03-20,52 Million,28.6 Million,,,,,1,100000,,,,,,,1341,100,,,,,,,62341,7,,,,,,,,,,,,,,
powerball,1999-03-24,60 Million,32.9 Million,,,,,7,100000,,,,,,,1926,100,,,,,,,79736,7,,,,,,,,,,,,,,
powerball,1999-03-27,70 Million,38.7 Million,,,,,12,100000,,,,,,,2009,100,,,,,,,90272,7,,,,,,,,,,,,,,
powerball,1999-03-31,10 Million,5.5 Million,,,,,0,100000,,,,,,,973,100,,,,,,,38315,7,,,,,,,,,,,,,,
powerball,1999-04-03,12 Million,6.6 Million,,,,,7,100000,,,,,,,1443,100,,,,,,,52703,7,,,,,,,,,,,,,,
powerball,1999-04-07,14 Million,7.7 Million,,,,,2,100000,,,,,,,673,100,,,,,,,31837,7,,,,,,,,,,,,,,
powerball,1999-04-10,16 Million,9.1 Million,,,,,3,100000,,,,,,,716,100,,,,,,,34980,7,,,,,,,,,,,,,,
powerball,1999-04-14,20 Million,11.3 Million,,,,,4,100000,,,,,,,1095,100,,,,,,,43698,7,,,,,,,,,,,,,,
powerball,1999-04-17,26 Million,14.0 Million,,,,,1,100000,,,,,,,863,100,,,,,,,41097,7,,,,,,,,,,,,,,
powerball,1999-04-21,30 Million,16.5 Million,,,,,4,100000,,,,,,,834,100,,,,,,,38635,7,,,,,,,,,,,,,,
powerball,1999-04-24,36 Million,19.4 Million,,,,,3,100000,,,,,,,907,100,,,,,,,41278,7,,,,,,,,,,,,,,
powerball,1999-04-28,41 Million,22.3 Million,,,,,6,100000,,,,,,,1432,100,,,,,,,58454,7,,,,,,,,,,,,,,
powerball,1999-05-01,47 Million,25.6 Million,,,,,12,100000,,,,,,,1870,100,,,,,,,66783,7,,,,,,,,,,,,,,
powerball,1999-05-05,10 Million,5.5 Million,,,,,3,100000,,,,,,,789,100,,,,,,,35549,7,,,,,,,,,,,,,,
powerball,1999-05-08,12 Million,6.4 Million,,,,,3,100000,,,,,,,695,100,,,,,,,31618,7,,,,,,,,,,,,,,
powerball,1999-05-12,14 Million,7.5 Million,,,,,4,100000,,,,,,,737,100,,,,,,,35130,7,,,,,,,,,,,,,,
powerball,1999-05-15,16 Million,8.5 Million,,,,,2,100000,,,,,,,877,100,,,,,,,39758,7,,,,,,,,,,,,,,
powerball,1999-05-19,20 Million,10.7 Million,,,,,3,100000,,,,,,,844,100,,,,,,,35925,7,,,,,,,,,,,,,,
powerball,1999-05-22,25 Million,13.1 Million,,,,,5,100000,,,,,,,892,100,,,,,,,39765,7,,,,,,,,,,,,,,
powerball,1999-05-26,29 Million,15.4 Million,,,,,4,100000,,,,,,,756,100,,,,,,,32424,7,,,,,,,,,,,,,,
powerball,1999-05-29,34 Million,18.1 Million,,,,,4,100000,,,,,,,885,100,,,,,,,39836,7,,,,,,,,,,,,,,
powerball,1999-06-02,39 Million,20.6 Million,,,,,1,100000,,,,,,,798,100,,,,,,,35671,7,,,,,,,,,,,,,,
powerball,1999-06-05,45 Million,23.7 Million,,,,,4,100000,,,,,,,1097,100,,,,,,,48794,7,,,,,,,,,,,,,,
powerball,1999-06-09,51 Million,26.9 Million,,,,,6,100000,,,,,,,971,100,,,,,,,46820,7,,,,,,,,,,,,,,
powerball,1999-06-12,59 Million,30.7 Million,,,,,10,100000,,,,,,,1345,100,,,,,,,59745,7,,,,,,,,,,,,,,
powerball,1999-06-16,67 Million,35.0 Million,,,,,12,100000,,,,,,,1952,100,,,,,,,81548,7,,,,,,,,,,,,,,
powerball,1999-06-19,76 Million,40.3 Million,,,,,5,100000,,,,,,,1942,100,,,,,,,83249,7,,,,,,,,,,,,,,
powerball,1999-06-23,89 Million,47.1 Million,,,,,14,100000,,,,,,,2495,100,,,,,,,112300,7,,,,,,,,,,,,,,
powerball,1999-06-26,112 Million,58.5 Million,,,,,20,100000,,,,,,,4245,100,,,,,,,183722,7,,,,,,,,,,,,,,
powerball,1999-06-30,151 Million,78.9 Million,,,,,49,100000,,,,,,,9865,100,,,,,,,385293,7,,,,,,,,,,,,,,
powerball,1999-07-03,10 Million,5.3 Million,,,,,10,100000,,,,,,,1186,100,,,,,,,52504,7,,,,,,,,,,,,,,
powerball,1999-07-07,12 Million,6.4 Million,,,,,4,100000,,,,,,,818,100,,,,,,,35790,7,,,,,,,,,,,,,,
powerball,1999-07-10,14 Million,7.5 Million,,,,,1,100000,,,,,,,909,100,,,,,,,41782,7,,,,,,,,,,,,,,
powerball,1999-07-14,18 Million,9.6 Million,,,,,2,100000,,,,,,,920,100,,,,,,,40489,7,,,,,,,,,,,,,,
powerball,1999-07-17,23 Million,12.2 Million,,,,,5,100000,,,,,,,861,100,,,,,,,38400,7,,,,,,,,,,,,,,
powerball,1999-07-21,28 Million,14.8 Million,,,,,2,100000,,,,,,,1174,100,,,,,,,47135,7,,,,,,,,,,,,,,
powerball,1999-07-24,34 Million,17.7 Million,,,,,2,100000,,,,,,,957,100,,,,,,,43216,7,,,,,,,,,,,,,,
powerball,1999-07-28,10 Million,5.2 Million,,,,,3,100000,,,,,,,727,100,,,,,,,31164,7,,,,,,,,,,,,,,
powerball,1999-07-31,12 Million,6.2 Million,,,,,4,100000,,,,,,,703,100,,,,,,,31114,7,,,,,,,,,,,,,,
powerball,1999-08-04,14 Million,7.3 Million,,,,,3,100000,,,,,,,749,100,,,,,,,34299,7,,,,,,,,,,,,,,
powerball,1999-08-07,17 Million,8.9 Million,,,,,3,100000,,,,,,,752,100,,,,,,,33983,7,,,,,,,,,,,,,,
powerball,1999-08-11,22 Million,11.2 Million,,,,,8,100000,,,,,,,1444,100,,,,,,,52242,7,,,,,,,,,,,,,,
powerball,1999-08-14,27 Million,13.8 Million,,,,,7,100000,,,,,,,960,100,,,,,,,44974,7,,,,,,,,,,,,,,
powerball,1999-08-18,32 Million,16.4 Million,,,,,4,100000,,,,,,,1136,100,,,,,,,49347,7,,,,,,,,,,,,,,
powerball,1999-08-21,10 Million,5.2 Million,,,,,5,100000,,,,,,,782,100,,,,,,,34012,7,,,,,,,,,,,,,,
powerball,1999-08-25,12 Million,6.3 Million,,,,,3,100000,,,,,,,719,100,,,,,,,33845,7,,,,,,,,,,,,,,
powerball,1999-08-28,14 Million,7.4 Million,,,,,4,100000,,,,,,,777,100,,,,,,,34318,7,,,,,,,,,,,,,,
powerball,1999-09-01,16 Million,8.4 Million,,,,,3,100000,,,,,,,697,100,,,,,,,30015,7,,,,,,,,,,,,,,
powerball,1999-09-04,21 Million,11.0 Million,,,,,0,100000,,,,,,,896,100,,,,,,,40880,7,,,,,,,,,,,,,,
powerball,1999-09-08,26 Million,13.2 Million,,,,,5,100000,,,,,,,865,100,,,,,,,36590,7,,,,,,,,,,,,,,
powerball,1999-09-11,31 Million,15.9 Million,,,,,1,100000,,,,,,,926,100,,,,,,,39652,7,,,,,,,,,,,,,,
powerball,1999-09-15,36 Million,18.4 Million,,,,,5,100000,,,,,,,799,100,,,,,,,36049,7,,,,,,,,,,,,,,
powerball,1999-09-18,41 Million,21.5 Million,,,,,2,100000,,,,,,,1043,100,,,,,,,47001,7,,,,,,,,,,,,,,
powerball,1999-09-22,10 Million,5.2 Million,,,,,1,100000,,,,,,,609,100,,,,,,,26673,7,,,,,,,,,,,,,,
powerball,1999-09-25,12 Million,6.3 Million,,,,,2,100000,,,,,,,668,100,,,,,,,31349,7,,,,,,,,,,,,,,
powerball,1999-09-29,14 Million,7.3 Million,,,,,2,100000,,,,,,,683,100,,,,,,,28958,7,,,,,,,,,,,,,,
powerball,1999-10-02,16 Million,8.3 Million,,,,,1,100000,,,,,,,827,100,,,,,,,37095,7,,,,,,,,,,,,,,
powerball,1999-10-06,20 Million,10.2 Million,,,,,3,100000,,,,,,,729,100,,,,,,,33847,7,,,,,,,,,,,,,,
powerball,1999-10-09,25 Million,12.7 Million,,,,,2,100000,,,,,,,900,100,,,,,,,38429,7,,,,,,,,,,,,,,
powerball,1999-10-13,29 Million,14.9 Million,,,,,6,100000,,,,,,,767,100,,,,,,,33667,7,,,,,,,,,,,,,,
powerball,1999-10-16,35 Million,17.6 Million,,,,,12,100000,,,,,,,1300,100,,,,,,,52092,7,,,,,,,,,,,,,,
powerball,1999-10-20,40 Million,20.3 Million,,,,,5,100000,,,,,,,1182,100,,,,,,,49407,7,,,,,,,,,,,,,,
powerball,1999-10-23,47 Million,23.5 Million,,,,,5,100000,,,,,,,1346,100,,,,,,,53512,7,,,,,,,,,,,,,,
powerball,1999-10-27,54 Million,26.9 Million,,,,,3,100000,,,,,,,1253,100,,,,,,,55513,7,,,,,,,,,,,,,,
powerball,1999-10-30,61 Million,31.0 Million,,,,,6,100000,,,,,,,1446,100,,,,,,,64143,7,,,,,,,,,,,,,,
powerball,1999-11-03,10 Million,5.1 Million,,,,,14,100000,,,,,,,1718,100,,,,,,,51924,7,,,,,,,,,,,,,,
powerball,1999-11-06,10 Million,5.2 Million,,,,,7,100000,,,,,,,1305,100,,,,,,,47024,7,,,,,,,,,,,,,,
powerball,1999-11-10,12 Million,6.2 Million,,,,,1,100000,,,,,,,715,100,,,,,,,30538,7,,,,,,,,,,,,,,
powerball,1999-11-13,14 Million,7.3 Million,,,,,2,100000,,,,,,,771,100,,,,,,,34473,7,,,,,,,,,,,,,,
powerball,1999-11-17,16 Million,8.3 Million,,,,,2,100000,,,,,,,639,100,,,,,,,28844,7,,,,,,,,,,,,,,
powerball,1999-11-20,19 Million,9.8 Million,,,,,2,100000,,,,,,,816,100,,,,,,,36620,7,,,,,,,,,,,,,,
powerball,1999-11-24,23 Million,11.8 Million,,,,,7,100000,,,,,,,765,100,,,,,,,35268,7,,,,,,,,,,,,,,
powerball,1999-11-27,27 Million,14.0 Million,,,,,6,100000,,,,,,,999,100,,,,,,,40995,7,,,,,,,,,,,,,,
powerball,1999-12-01,32 Million,16.2 Million,,,,,4,100000,,,,,,,859,100,,,,,,,37345,7,,,,,,,,,,,,,,
powerball,1999-12-04,37 Million,18.8 Million,,,,,10,100000,,,,,,,1095,100,,,,,,,47506,7,,,,,,,,,,,,,,
powerball,1999-12-08,42 Million,21.4 Million,,,,,3,100000,,,,,,,909,100,,,,,,,39733,7,,,,,,,,,,,,,,
powerball,1999-12-11,47 Million,24.5 Million,,,,,4,100000,,,,,,,1079,100,,,,,,,47922,7,,,,,,,,,,,,,,
powerball,1999-12-15,10 Million,5.1 Million,,,,,2,100000,,,,,,,639,100,,,,,,,27573,7,,,,,,,,,,,,,,
powerball,1999-12-18,12 Million,6.1 Million,,,,,1,100000,,,,,,,843,100,,,,,,,37755,7,,,,,,,,,,,,,,
powerball,1999-12-22,14 Million,7.1 Million,,,,,2,100000,,,,,,,662,100,,,,,,,32913,7,,,,,,,,,,,,,,
powerball,1999-12-25,16 Million,8.1 Million,,,,,2,100000,,,,,,,838,100,,,,,,,33519,7,,,,,,,,,,,,,,
powerball,1999-12-29,19 Million,9.4 Million,,,,,3,100000,,,,,,,824,100,,,,,,,37741,7,,,,,,,,,,,,,,
powerball,2000-01-01,23 Million,11.6 Million,,,,,4,100000,,,,,,,944,100,,,,,,,41961,7,,,,,,,,,,,,,,
powerball,2000-01-05,27 Million,13.6 Million,,,,,5,100000,,,,,,,868,100,,,,,,,38872,7,,,,,,,,,,,,,,
powerball,2000-01-08,32 Million,16.0 Million,,,,,3,100000,,,,,,,833,100,,,,,,,40271,7,,,,,,,,,,,,,,
powerball,2000-01-12,10 Million,5.0 Million,,,,,2,100000,,,,,,,552,100,,,,,,,25383,7,,,,,,,,,,,,,,
powerball,2000-01-15,12 Million,6.0 Million,,,,,3,100000,,,,,,,776,100,,,,,,,34857,7,,,,,,,,,,,,,,
powerball,2000-01-19,14 Million,7.0 Million,,,,,2,100000,,,,,,,623,100,,,,,,,27186,7,,,,,,,,,,,,,,
powerball,2000-01-22,16 Million,7.9 Million,,,,,0,100000,,,,,,,796,100,,,,,,,32068,7,,,,,,,,,,,,,,
powerball,2000-01-26,19 Million,9.4 Million,,,,,4,100000,,,,,,,625,100,,,,,,,27069,7,,,,,,,,,,,,,,
powerball,2000-01-29,24 Million,11.7 Million,,,,,0,100000,,,,,,,832,100,,,,,,,36655,7,,,,,,,,,,,,,,
powerball,2000-02-02,28 Million,13.9 Million,,,,,3,100000,,,,,,,1367,100,,,,,,,47959,7,,,,,,,,,,,,,,
powerball,2000-02-05,33 Million,16.6 Million,,,,,3,100000,,,,,,,887,100,,,,,,,41230,7,,,,,,,,,,,,,,
powerball,2000-02-09,38 Million,19.1 Million,,,,,5,100000,,,,,,,862,100,,,,,,,37513,7,,,,,,,,,,,,,,
powerball,2000-02-12,44 Million,22.3 Million,,,,,5,100000,,,,,,,1107,100,,,,,,,48491,7,,,,,,,,,,,,,,
powerball,2000-02-16,51 Million,25.9 Million,,,,,3,100000,,,,,,,1385,100,,,,,,,63277,7,,,,,,,,,,,,,,
powerball,2000-02-19,60 Million,30.2 Million,,,,,4,100000,,,,,,,1466,100,,,,,,,65587,7,,,,,,,,,,,,,,
powerball,2000-02-23,70 Million,35.5 Million,,,,,10,100000,,,,,,,2242,100,,,,,,,92554,7,,,,,,,,,,,,,,
powerball,2000-02-26,83 Million,42.6 Million,,,,,9,100000,,,,,,,2632,100,,,,,,,117627,7,,,,,,,,,,,,,,
powerball,2000-03-01,108 Million,55.3 Million,,,,,35,100000,,,,,,,5044,100,,,,,,,211368,7,,,,,,,,,,,,,,
powerball,2000-03-04,150 Million,77.8 Million,,,,,35,100000,,,,,,,8163,100,,,,,,,372462,7,,,,,,,,,,,,,,
powerball,2000-03-08,10 Million,5.2 Million,,,,,0,100000,,,,,,,1065,100,,,,,,,45434,7,,,,,,,,,,,,,,
powerball,2000-03-11,12 Million,6.2 Million,,,,,5,100000,,,,,,,1169,100,,,,,,,48783,7,,,,,,,,,,,,,,
powerball,2000-03-15,14 Million,7.2 Million,,,,,0,100000,,,,,,,735,100,,,,,,,33752,7,,,,,,,,,,,,,,
powerball,2000-03-18,19 Million,9.8 Million,,,,,3,100000,,,,,,,852,100,,,,,,,38670,7,,,,,,,,,,,,,,
powerball,2000-03-22,24 Million,12.2 Million,,,,,2,100000,,,,,,,830,100,,,,,,,38571,7,,,,,,,,,,,,,,
powerball,2000-03-25,29 Million,15.0 Million,,,,,6,100000,,,,,,,912,100,,,,,,,40705,7,,,,,,,,,,,,,,
powerball,2000-03-29,34 Million,17.7 Million,,,,,5,100000,,,,,,,891,100,,,,,,,39833,7,,,,,,,,,,,,,,
powerball,2000-04-01,40 Million,21.0 Million,,,,,5,100000,,,,,,,1340,100,,,,,,,59518,7,,,,,,,,,,,,,,
powerball,2000-04-05,46 Million,24.2 Million,,,,,3,100000,,,,,,,1483,100,,,,,,,60506,7,,,,,,,,,,,,,,
powerball,2000-04-08,53 Million,28.0 Million,,,,,6,100000,,,,,,,1475,100,,,,,,,65054,7,,,,,,,,,,,,,,
powerball,2000-04-12,60 Million,31.9 Million,,,,,7,100000,,,,,,,1742,100,,,,,,,71982,7,,,,,,,,,,,,,,
powerball,2000-04-15,70 Million,36.8 Million,,,,,9,100000,,,,,,,1702,100,,,,,,,75460,7,,,,,,,,,,,,,,
powerball,2000-04-19,80 Million,42.2 Million,,,,,6,100000,,,,,,,2217,100,,,,,,,96896,7,,,,,,,,,,,,,,
powerball,2000-04-22,10 Million,5.2 Million,,,,,5,100000,,,,,,,903,100,,,,,,,45545,7,,,,,,,,,,,,,,
powerball,2000-04-26,12 Million,6.2 Million,,,,,4,100000,,,,,,,935,100,,,,,,,38766,7,,,,,,,,,,,,,,
powerball,2000-04-29,14 Million,7.1 Million,,,,,6,100000,,,,,,,795,100,,,,,,,37441,7,,,,,,,,,,,,,,
powerball,2000-05-03,18 Million,9.2 Million,,,,,1,100000,,,,,,,685,100,,,,,,,32271,7,,,,,,,,,,,,,,
powerball,2000-05-06,24 Million,12.0 Million,,,,,3,100000,,,,,,,933,100,,,,,,,43568,7,,,,,,,,,,,,,,
powerball,2000-05-10,29 Million,14.6 Million,,,,,5,100000,,,,,,,900,100,,,,,,,41372,7,,,,,,,,,,,,,,
powerball,2000-05-13,35 Million,17.5 Million,,,,,3,100000,,,,,,,1005,100,,,,,,,46378,7,,,,,,,,,,,,,,
powerball,2000-05-17,41 Million,20.4 Million,,,,,6,100000,,,,,,,1009,100,,,,,,,44454,7,,,,,,,,,,,,,,
powerball,2000-05-20,47 Million,23.7 Million,,,,,5,100000,,,,,,,1057,100,,,,,,,49536,7,,,,,,,,,,,,,,
powerball,2000-05-24,53 Million,27.0 Million,,,,,7,100000,,,,,,,1142,100,,,,,,,49243,7,,,,,,,,,,,,,,
powerball,2000-05-27,61 Million,31.0 Million,,,,,6,100000,,,,,,,1487,100,,,,,,,65133,7,,,,,,,,,,,,,,
powerball,2000-05-31,10 Million,5.1 Million,,,,,1,100000,,,,,,,623,100,,,,,,,29084,7,,,,,,,,,,,,,,
powerball,2000-06-03,12 Million,6.3 Million,,,,,5,100000,,,,,,,840,100,,,,,,,36732,7,,,,,,,,,,,,,,
powerball,2000-06-07,10 Million,5.2 Million,,,,,2,100000,,,,,,,572,100,,,,,,,26169,7,,,,,,,,,,,,,,
powerball,2000-06-10,12 Million,6.3 Million,,,,,6,100000,,,,,,,726,100,,,,,,,31600,7,,,,,,,,,,,,,,
powerball,2000-06-14,14 Million,7.3 Million,,,,,5,100000,,,,,,,673,100,,,,,,,29044,7,,,,,,,,,,,,,,
powerball,2000-06-17,16 Million,8.4 Million,,,,,2,100000,,,,,,,731,100,,,,,,,33962,7,,,,,,,,,,,,,,
powerball,2000-06-21,18 Million,9.5 Million,,,,,6,100000,,,,,,,686,100,,,,,,,31438,7,,,,,,,,,,,,,,
powerball,2000-06-24,22 Million,11.8 Million,,,,,2,100000,,,,,,,884,100,,,,,,,37810,7,,,,,,,,,,,,,,
powerball,2000-06-28,26 Million,13.8 Million,,,,,3,100000,,,,,,,854,100,,,,,,,36220,7,,,,,,,,,,,,,,
powerball,2000-07-01,31 Million,16.3 Million,,,,,3,100000,,,,,,,1013,100,,,,,,,41620,7,,,,,,,,,,,,,,
powerball,2000-07-05,35 Million,18.4 Million,,,,,1,100000,,,,,,,796,100,,,,,,,36654,7,,,,,,,,,,,,,,
powerball,2000-07-08,40 Million,21.1 Million,,,,,5,100000,,,,,,,1108,100,,,,,,,50305,7,,,,,,,,,,,,,,
powerball,2000-07-12,45 Million,23.7 Million,,,,,3,100000,,,,,,,1140,100,,,,,,,50954,7,,,,,,,,,,,,,,
powerball,2000-07-15,51 Million,26.8 Million,,,,,4,100000,,,,,,,1142,100,,,,,,,53039,7,,,,,,,,,,,,,,
powerball,2000-07-19,57 Million,30.1 Million,,,,,8,100000,,,,,,,1266,100,,,,,,,56624,7,,,,,,,,,,,,,,
powerball,2000-07-22,65 Million,34.1 Million,,,,,5,100000,,,,,,,1518,100,,,,,,,67708,7,,,,,,,,,,,,,,
powerball,2000-07-26,10 Million,5.2 Million,,,,,2,100000,,,,,,,670,100,,,,,,,30956,7,,,,,,,,,,,,,,
powerball,2000-07-29,10 Million,5.2 Million,,,,,4,100000,,,,,,,815,100,,,,,,,32546,7,,,,,,,,,,,,,,
powerball,2000-08-02,12 Million,6.2 Million,,,,,3,100000,,,,,,,625,100,,,,,,,28489,7,,,,,,,,,,,,,,
powerball,2000-08-05,14 Million,7.3 Million,,,,,3,100000,,,,,,,789,100,,,,,,,34397,7,,,,,,,,,,,,,,
powerball,2000-08-09,16 Million,8.4 Million,,,,,6,100000,,,,,,,978,100,,,,,,,38616,7,,,,,,,,,,,,,,
powerball,2000-08-12,19 Million,9.9 Million,,,,,2,100000,,,,,,,698,100,,,,,,,32272,7,,,,,,,,,,,,,,
powerball,2000-08-16,23 Million,11.9 Million,,,,,2,100000,,,,,,,691,100,,,,,,,31646,7,,,,,,,,,,,,,,
powerball,2000-08-19,10 Million,5.2 Million,,,,,3,100000,,,,,,,894,100,,,,,,,38119,7,,,,,,,,,,,,,,
powerball,2000-08-23,12 Million,6.3 Million,,,,,3,100000,,,,,,,524,100,,,,,,,25895,7,,,,,,,,,,,,,,
powerball,2000-08-26,14 Million,7.5 Million,,,,,6,100000,,,,,,,797,100,,,,,,,33040,7,,,,,,,,,,,,,,
powerball,2000-08-30,10 Million,5.4 Million,,,,,1,100000,,,,,,,556,100,,,,,,,26268,7,,,,,,,,,,,,,,
powerball,2000-09-02,12 Million,6.5 Million,,,,,4,100000,,,,,,,1034,100,,,,,,,40334,7,,,,,,,,,,,,,,
powerball,2000-09-06,14 Million,7.8 Million,,,,,1,100000,,,,,,,793,100,,,,,,,35825,7,,,,,,,,,,,,,,
powerball,2000-09-09,16 Million,8.9 Million,,,,,3,100000,,,,,,,780,100,,,,,,,33601,7,,,,,,,,,,,,,,
powerball,2000-09-13,18 Million,9.6 Million,,,,,0,100000,,,,,,,637,100,,,,,,,31582,7,,,,,,,,,,,,,,
powerball,2000-09-16,21 Million,11.1 Million,,,,,6,100000,,,,,,,751,100,,,,,,,32089,7,,,,,,,,,,,,,,
powerball,2000-09-20,25 Million,13.1 Million,,,,,3,100000,,,,,,,834,100,,,,,,,34747,7,,,,,,,,,,,,,,
powerball,2000-09-23,29 Million,15.4 Million,,,,,6,100000,,,,,,,837,100,,,,,,,38452,7,,,,,,,,,,,,,,
powerball,2000-09-27,10 Million,5.4 Million,,,,,1,100000,,,,,,,533,100,,,,,,,23813,7,,,,,,,,,,,,,,
powerball,2000-09-30,12 Million,6.4 Million,,,,,2,100000,,,,,,,695,100,,,,,,,29966,7,,,,,,,,,,,,,,
powerball,2000-10-04,14 Million,7.4 Million,,,,,4,100000,,,,,,,603,100,,,,,,,28152,7,,,,,,,,,,,,,,
powerball,2000-10-07,16 Million,8.5 Million,,,,,1,100000,,,,,,,806,100,,,,,,,35911,7,,,,,,,,,,,,,,
powerball,2000-10-11,18 Million,9.6 Million,,,,,2,100000,,,,,,,596,100,,,,,,,26099,7,,,,,,,,,,,,,,
powerball,2000-10-14,20 Million,10.9 Million,,,,,6,100000,,,,,,,825,100,,,,,,,36821,7,,,,,,,,,,,,,,
powerball,2000-10-18,24 Million,12.8 Million,,,,,1,100000,,,,,,,717,100,,,,,,,31231,7,,,,,,,,,,,,,,
powerball,2000-10-21,28 Million,15.0 Million,,,,,2,100000,,,,,,,866,100,,,,,,,37689,7,,,,,,,,,,,,,,
powerball,2000-10-25,32 Million,17.1 Million,,,,,3,100000,,,,,,,780,100,,,,,,,36026,7,,,,,,,,,,,,,,
powerball,2000-10-28,37 Million,19.6 Million,,,,,3,100000,,,,,,,996,100,,,,,,,41557,7,,,,,,,,,,,,,,
powerball,2000-11-01,42 Million,22.1 Million,,,,,4,100000,,,,,,,1204,100,,,,,,,47886,7,,,,,,,,,,,,,,
powerball,2000-11-04,48 Million,25.1 Million,,,,,7,100000,,,,,,,1206,100,,,,,,,54411,7,,,,,,,,,,,,,,
powerball,2000-11-08,53 Million,28.1 Million,,,,,5,100000,,,,,,,1127,100,,,,,,,48586,7,,,,,,,,,,,,,,
powerball,2000-11-11,60 Million,31.8 Million,,,,,7,100000,,,,,,,1612,100,,,,,,,65475,7,,,,,,,,,,,,,,
powerball,2000-11-15,68 Million,35.9 Million,,,,,6,100000,,,,,,,1654,100,,,,,,,69420,7,,,,,,,,,,,,,,
powerball,2000-11-18,77 Million,41.2 Million,,,,,17,100000,,,,,,,1891,100,,,,,,,84661,7,,,,,,,,,,,,,,
powerball,2000-11-22,90 Million,48.3 Million,,,,,14,100000,,,,,,,2466,100,,,,,,,109468,7,,,,,,,,,,,,,,
powerball,2000-11-25,105 Million,56.4 Million,,,,,17,100000,,,,,,,2790,100,,,,,,,123092,7,,,,,,,,,,,,,,
powerball,2000-11-29,131 Million,70.4 Million,,,,,24,100000,,,,,,,5662,100,,,,,,,243815,7,,,,,,,,,,,,,,
powerball,2000-12-02,10 Million,5.5 Million,,,,,7,100000,,,,,,,897,100,,,,,,,40857,7,,,,,,,,,,,,,,
powerball,2000-12-06,12 Million,6.6 Million,,,,,3,100000,,,,,,,805,100,,,,,,,36066,7,,,,,,,,,,,,,,
powerball,2000-12-09,14 Million,7.8 Million,,,,,3,100000,,,,,,,804,100,,,,,,,36829,7,,,,,,,,,,,,,,
powerball,2000-12-13,16 Million,8.9 Million,,,,,3,100000,,,,,,,772,100,,,,,,,33942,7,,,,,,,,,,,,,,
powerball,2000-12-16,20 Million,11.2 Million,,,,,4,100000,,,,,,,770,100,,,,,,,35362,7,,,,,,,,,,,,,,
powerball,2000-12-20,24 Million,13.4 Million,,,,,2,100000,,,,,,,794,100,,,,,,,36405,7,,,,,,,,,,,,,,
powerball,2000-12-23,29 Million,16.2 Million,,,,,12,100000,,,,,,,1469,100,,,,,,,56234,7,,,,,,,,,,,,,,
powerball,2000-12-27,33 Million,18.5 Million,,,,,4,100000,,,,,,,816,100,,,,,,,36624,7,,,,,,,,,,,,,,
powerball,2000-12-30,10 Million,5.6 Million,,,,,1,100000,,,,,,,665,100,,,,,,,31740,7,,,,,,,,,,,,,,
powerball,2001-01-03,12 Million,6.7 Million,,,,,3,100000,,,,,,,1075,100,,,,,,,28911,7,,,,,,,,,,,,,,
powerball,2001-01-06,14 Million,7.9 Million,,,,,2,100000,,,,,,,748,100,,,,,,,33042,7,,,,,,,,,,,,,,
powerball,2001-01-10,16 Million,9.0 Million,,,,,4,100000,,,,,,,879,100,,,,,,,37090,7,,,,,,,,,,,,,,
powerball,2001-01-13,19 Million,10.4 Million,,,,,1,100000,,,,,,,902,100,,,,,,,38609,7,,,,,,,,,,,,,,
powerball,2001-01-17,22 Million,12.5 Million,,,,,1,100000,,,,,,,730,100,,,,,,,33507,7,,,,,,,,,,,,,,
powerball,2001-01-20,27 Million,15.0 Million,,,,,7,100000,,,,,,,1017,100,,,,,,,43354,7,,,,,,,,,,,,,,
powerball,2001-01-24,31 Million,17.4 Million,,,,,6,100000,,,,,,,734,100,,,,,,,33140,7,,,,,,,,,,,,,,
powerball,2001-01-27,37 Million,20.1 Million,,,,,2,100000,,,,,,,1031,100,,,,,,,42496,7,,,,,,,,,,,,,,
powerball,2001-01-31,42 Million,22.8 Million,,,,,10,100000,,,,,,,1102,100,,,,,,,44530,7,,,,,,,,,,,,,,
powerball,2001-02-03,47 Million,26.1 Million,,,,,8,100000,,,,,,,1146,100,,,,,,,51092,7,,,,,,,,,,,,,,
powerball,2001-02-07,53 Million,29.5 Million,,,,,7,100000,,,,,,,1350,100,,,,,,,61693,7,,,,,,,,,,,,,,
powerball,2001-02-10,61 Million,33.6 Million,,,,,7,100000,,,,,,,1253,100,,,,,,,58940,7,,,,,,,,,,,,,,
powerball,2001-02-14,69 Million,38.2 Million,,,,,6,100000,,,,,,,1678,100,,,,,,,73248,7,,,,,,,,,,,,,,
powerball,2001-02-17,80 Million,44.1 Million,,,,,11,100000,,,,,,,2286,100,,,,,,,95180,7,,,,,,,,,,,,,,
powerball,2001-02-21,94 Million,51.6 Million,,,,,11,100000,,,,,,,2687,100,,,,,,,118567,7,,,,,,,,,,,,,,
powerball,2001-02-24,10 Million,5.5 Million,,,,,6,100000,,,,,,,781,100,,,,,,,35266,7,,,,,,,,,,,,,,
powerball,2001-02-28,12 Million,6.6 Million,,,,,4,100000,,,,,,,673,100,,,,,,,34505,7,,,,,,,,,,,,,,
powerball,2001-03-03,14 Million,7.9 Million,,,,,5,100000,,,,,,,879,100,,,,,,,40401,7,,,,,,,,,,,,,,
powerball,2001-03-07,16 Million,16.0 Million,,,,,2,100000,0,200000,,,,,695,100,57,500,,,,,31832,7,2592,35,,,,,,,,,,,,
powerball,2001-03-10,21 Million,11.9 Million,,,,,5,100000,0,200000,,,,,1049,100,80,300,,,,,41624,7,3792,21,,,,,,,,,,,,
powerball,2001-03-14,25 Million,14.3 Million,,,,,4,100000,0,200000,,,,,834,100,61,200,,,,,35490,7,3215,14,,,,,,,,,,,,
powerball,2001-03-17,30 Million,17.1 Million,,,,,2,100000,0,200000,,,,,969,100,86,500,,,,,42945,7,3800,35,,,,,,,,,,,,
powerball,2001-03-21,35 Million,19.8 Million,,,,,9,100000,0,200000,,,,,1059,100,94,100,,,,,43090,7,3469,7,,,,,,,,,,,,
powerball,2001-03-24,40 Million,22.8 Million,,,,,7,100000,0,200000,,,,,863,100,85,500,,,,,41483,7,3335,35,,,,,,,,,,,,
powerball,2001-03-28,45 Million,25.8 Million,,,,,6,100000,0,200000,,,,,1147,100,89,500,,,,,48200,7,4100,35,,,,,,,,,,,,
powerball,2001-03-31,53 Million,29.5 Million,,,,,5,100000,0,200000,,,,,1204,100,91,200,,,,,53896,7,4473,14,,,,,,,,,,,,
powerball,2001-04-04,59 Million,33.0 Million,,,,,5,100000,0,200000,,,,,1272,100,116,300,,,,,57777,7,4362,21,,,,,,,,,,,,
powerball,2001-04-07,66 Million,37.2 Million,,,,,5,100000,0,200000,,,,,1435,100,87,400,,,,,60845,7,4387,28,,,,,,,,,,,,
powerball,2001-04-11,74 Million,41.7 Million,,,,,7,100000,1,200000,,,,,1646,100,120,300,,,,,70674,7,4522,21,,,,,,,,,,,,
powerball,2001-04-14,84 Million,47.2 Million,,,,,9,100000,1,200000,,,,,2313,100,127,200,,,,,96123,7,6215,14,,,,,,,,,,,,
powerball,2001-04-18,10 Million,5.6 Million,,,,,4,100000,1,200000,,,,,805,100,63,300,,,,,35269,7,2851,21,,,,,,,,,,,,
powerball,2001-04-21,12 Million,6.5 Million,,,,,4,100000,0,200000,,,,,771,100,46,200,,,,,36092,7,2860,14,,,,,,,,,,,,
powerball,2001-04-25,14 Million,7.6 Million,,,,,5,100000,0,200000,,,,,744,100,40,100,,,,,30807,7,2192,7,,,,,,,,,,,,
powerball,2001-04-28,16 Million,8.7 Million,,,,,2,100000,0,200000,,,,,797,100,63,500,,,,,34408,7,2673,35,,,,,,,,,,,,
powerball,2001-05-02,20 Million,10.9 Million,,,,,3,100000,0,200000,,,,,764,100,54,200,,,,,31365,7,2384,14,,,,,,,,,,,,
powerball,2001-05-05,24 Million,13.4 Million,,,,,6,100000,0,200000,,,,,987,100,86,200,,,,,42115,7,3314,14,,,,,,,,,,,,
powerball,2001-05-09,29 Million,15.6 Million,,,,,3,100000,1,200000,,,,,833,100,59,200,,,,,37226,7,2960,14,,,,,,,,,,,,
powerball,2001-05-12,34 Million,18.3 Million,,,,,6,100000,0,200000,,,,,1016,100,67,500,,,,,42895,7,3045,35,,,,,,,,,,,,
powerball,2001-05-16,38 Million,20.8 Million,,,,,5,100000,0,200000,,,,,1061,100,74,500,,,,,38946,7,2765,35,,,,,,,,,,,,
powerball,2001-05-19,44 Million,23.8 Million,,,,,2,100000,0,200000,,,,,976,100,61,200,,,,,43224,7,2991,14,,,,,,,,,,,,
powerball,2001-05-23,49 Million,26.7 Million,,,,,2,100000,0,200000,,,,,856,100,59,200,,,,,40276,7,2493,14,,,,,,,,,,,,
powerball,2001-05-26,56 Million,30.1 Million,,,,,4,100000,0,200000,,,,,1318,100,66,400,,,,,56615,7,3691,28,,,,,,,,,,,,
powerball,2001-05-30,62 Million,33.4 Million,,,,,3,100000,0,200000,,,,,1167,100,55,100,,,,,51099,7,2830,7,,,,,,,,,,,,
powerball,2001-06-02,10 Million,5.4 Million,,,,,2,100000,0,200000,,,,,707,100,49,500,,,,,31707,7,2190,35,,,,,,,,,,,,
powerball,2001-06-06,12 Million,6.5 Million,,,,,2,100000,0,200000,,,,,735,100,61,100,,,,,29651,7,1913,7,,,,,,,,,,,,
powerball,2001-06-09,14 Million,7.7 Million,,,,,2,100000,0,200000,,,,,683,100,44,300,,,,,29606,7,2082,21,,,,,,,,,,,,
powerball,2001-06-13,16 Million,8.7 Million,,,,,2,100000,0,200000,,,,,616,100,58,200,,,,,28017,7,1942,14,,,,,,,,,,,,
powerball,2001-06-16,20 Million,10.7 Million,,,,,4,100000,2,200000,,,,,771,100,46,100,,,,,33969,7,2009,7,,,,,,,,,,,,
powerball,2001-06-20,10 Million,5.5 Million,,,,,1,100000,0,200000,,,,,711,100,49,100,,,,,30939,7,2208,7,,,,,,,,,,,,
powerball,2001-06-23,12 Million,6.6 Million,,,,,7,100000,1,200000,,,,,657,100,49,200,,,,,29290,7,2044,14,,,,,,,,,,,,
powerball,2001-06-27,14 Million,7.8 Million,,,,,5,100000,0,200000,,,,,835,100,53,300,,,,,36483,7,2767,21,,,,,,,,,,,,
powerball,2001-06-30,16 Million,8.8 Million,,,,,6,100000,0,200000,,,,,721,100,42,200,,,,,33593,7,2286,14,,,,,,,,,,,,
powerball,2001-07-04,18 Million,18.4 Million,,,,,3,100000,0,200000,,,,,763,100,64,300,,,,,32510,7,2226,21,,,,,,,,,,,,
powerball,2001-07-07,23 Million,12.5 Million,,,,,2,100000,0,200000,,,,,823,100,50,100,,,,,36388,7,2520,7,,,,,,,,,,,,
powerball,2001-07-11,27 Million,14.7 Million,,,,,4,100000,0,200000,,,,,1024,100,61,500,,,,,38925,7,2645,35,,,,,,,,,,,,
powerball,2001-07-14,31 Million,17.3 Million,,,,,4,100000,0,200000,,,,,900,100,61,400,,,,,41359,7,2618,28,,,,,,,,,,,,
powerball,2001-07-18,36 Million,19.8 Million,,,,,2,100000,0,200000,,,,,874,100,44,200,,,,,38275,7,2377,14,,,,,,,,,,,,
powerball,2001-07-21,41 Million,22.6 Million,,,,,8,100000,1,200000,,,,,1222,100,87,500,,,,,52515,7,3321,35,,,,,,,,,,,,
powerball,2001-07-25,46 Million,25.4 Million,,,,,4,100000,0,200000,,,,,1010,100,57,200,,,,,43514,7,2489,14,,,,,,,,,,,,
powerball,2001-07-28,52 Million,28.8 Million,,,,,5,100000,0,200000,,,,,1159,100,61,100,,,,,50418,7,2766,7,,,,,,,,,,,,
powerball,2001-08-01,59 Million,32.2 Million,,,,,6,100000,0,200000,,,,,1067,100,64,400,,,,,49501,7,2534,28,,,,,,,,,,,,
powerball,2001-08-04,67 Million,36.7 Million,,,,,6,100000,0,200000,,,,,1483,100,109,300,,,,,68444,7,4543,21,,,,,,,,,,,,
powerball,2001-08-08,76 Million,41.6 Million,,,,,4,100000,1,200000,,,,,1739,100,115,200,,,,,74800,7,4409,14,,,,,,,,,,,,
powerball,2001-08-11,86 Million,47.5 Million,,,,,7,100000,0,200000,,,,,2108,100,115,400,,,,,93413,7,5296,28,,,,,,,,,,,,
powerball,2001-08-15,101 Million,57.4 Million,,,,,11,100000,3,200000,,,,,3387,100,130,500,,,,,147293,7,5821,35,,,,,,,,,,,,
powerball,2001-08-18,129 Million,72.0 Million,,,,,23,100000,0,200000,,,,,5214,100,197,100,,,,,231494,7,9236,7,,,,,,,,,,,,
powerball,2001-08-22,191 Million,106.3 Million,,,,,42,100000,2,200000,,,,,12327,100,263,300,,,,,540715,7,12772,21,,,,,,,,,,,,
powerball,2001-08-25,295 Million,165.8 Million,,,,,88,100000,3,200000,,,,,21629,100,376,200,,,,,947261,7,17510,14,,,,,,,,,,,,
powerball,2001-08-29,10 Million,5.6 Million,,,,,7,100000,0,200000,,,,,1124,100,47,300,,,,,48746,7,3202,21,,,,,,,,,,,,
powerball,2001-09-01,12 Million,6.8 Million,,,,,4,100000,0,200000,,,,,1199,100,96,100,,,,,51821,7,4011,7,,,,,,,,,,,,
powerball,2001-09-05,16 Million,9.3 Million,,,,,4,100000,0,200000,,,,,927,100,69,500,,,,,39631,7,3029,35,,,,,,,,,,,,
powerball,2001-09-08,22 Million,12.5 Million,,,,,4,100000,0,200000,,,,,1080,100,109,300,,,,,50197,7,4057,21,,,,,,,,,,,,
powerball,2001-09-12,27 Million,15.1 Million,,,,,5,100000,0,200000,,,,,841,100,66,300,,,,,36044,7,2774,21,,,,,,,,,,,,
powerball,2001-09-15,32 Million,18.1 Million,,,,,6,100000,0,200000,,,,,905,100,58,300,,,,,40151,7,2969,21,,,,,,,,,,,,
powerball,2001-09-19,37 Million,20.9 Million,,,,,5,100000,0,200000,,,,,928,100,62,500,,,,,43239,7,3429,35,,,,,,,,,,,,
powerball,2001-09-22,43 Million,24.2 Million,,,,,4,100000,0,200000,,,,,1041,100,70,100,,,,,47370,7,3515,7,,,,,,,,,,,,
powerball,2001-09-26,48 Million,27.3 Million,,,,,5,100000,0,200000,,,,,928,100,75,400,,,,,44327,7,3048,28,,,,,,,,,,,,
powerball,2001-09-29,10 Million,5.8 Million,,,,,3,100000,0,200000,,,,,873,100,61,400,,,,,38570,7,3008,28,,,,,,,,,,,,
powerball,2001-10-03,12 Million,6.9 Million,,,,,4,100000,0,200000,,,,,688,100,61,500,,,,,30679,7,2644,35,,,,,,,,,,,,
powerball,2001-10-06,14 Million,8.1 Million,,,,,11,100000,2,200000,,,,,1366,100,126,100,,,,,52029,7,4630,7,,,,,,,,,,,,
powerball,2001-10-10,17 Million,9.6 Million,,,,,5,100000,1,200000,,,,,1341,100,116,500,,,,,46937,7,4193,35,,,,,,,,,,,,
powerball,2001-10-13,21 Million,12.2 Million,,,,,2,100000,1,200000,,,,,776,100,67,200,,,,,33082,7,2581,14,,,,,,,,,,,,
powerball,2001-10-17,25 Million,14.6 Million,,,,,4,100000,0,200000,,,,,787,100,47,100,,,,,35618,7,2865,7,,,,,,,,,,,,
powerball,2001-10-20,30 Million,17.4 Million,,,,,4,100000,0,200000,,,,,910,100,65,200,,,,,39108,7,2850,14,,,,,,,,,,,,
powerball,2001-10-24,35 Million,19.9 Million,,,,,1,100000,0,200000,,,,,1397,100,103,500,,,,,41072,7,3130,35,,,,,,,,,,,,
powerball,2001-10-27,40 Million,22.9 Million,,,,,3,100000,0,200000,,,,,1138,100,94,500,,,,,48533,7,3536,35,,,,,,,,,,,,
powerball,2001-10-31,45 Million,25.7 Million,,,,,6,100000,0,200000,,,,,929,100,77,500,,,,,41066,7,3030,35,,,,,,,,,,,,
powerball,2001-11-03,50 Million,29.2 Million,,,,,3,100000,0,200000,,,,,1078,100,73,300,,,,,48057,7,3332,21,,,,,,,,,,,,
powerball,2001-11-07,55 Million,32.5 Million,,,,,8,100000,0,200000,,,,,1719,100,134,100,,,,,64329,7,4681,7,,,,,,,,,,,,
powerball,2001-11-10,10 Million,5.9 Million,,,,,8,100000,0,200000,,,,,844,100,60,400,,,,,38902,7,3016,28,,,,,,,,,,,,
powerball,2001-11-14,12 Million,7.1 Million,,,,,3,100000,1,200000,,,,,744,100,69,100,,,,,33656,7,2695,7,,,,,,,,,,,,
powerball,2001-11-17,14 Million,8.0 Million,,,,,5,100000,0,200000,,,,,1095,100,107,400,,,,,44794,7,3748,28,,,,,,,,,,,,
powerball,2001-11-21,16 Million,9.3 Million,,,,,2,100000,0,200000,,,,,712,100,62,100,,,,,31838,7,2412,7,,,,,,,,,,,,
powerball,2001-11-24,20 Million,11.7 Million,,,,,6,100000,0,200000,,,,,784,100,47,500,,,,,36590,7,2844,35,,,,,,,,,,,,
powerball,2001-11-28,25 Million,14.0 Million,,,,,1,100000,0,200000,,,,,777,100,70,200,,,,,36401,7,2854,14,,,,,,,,,,,,
powerball,2001-12-01,29 Million,16.7 Million,,,,,2,100000,0,200000,,,,,736,100,61,200,,,,,34745,7,2681,14,,,,,,,,,,,,
powerball,2001-12-05,10 Million,5.7 Million,,,,,4,100000,0,200000,,,,,901,100,67,300,,,,,38434,7,3253,21,,,,,,,,,,,,
powerball,2001-12-08,12 Million,6.6 Million,,,,,0,100000,0,200000,,,,,699,100,42,200,,,,,31781,7,2434,14,,,,,,,,,,,,
powerball,2001-12-12,14 Million,7.8 Million,,,,,2,100000,0,200000,,,,,591,100,52,400,,,,,27120,7,2042,28,,,,,,,,,,,,
powerball,2001-12-15,16 Million,8.9 Million,,,,,2,100000,0,200000,,,,,944,100,96,400,,,,,41399,7,3409,28,,,,,,,,,,,,
powerball,2001-12-19,20 Million,11.0 Million,,,,,5,100000,0,200000,,,,,636,100,48,400,,,,,30187,7,2339,28,,,,,,,,,,,,
powerball,2001-12-22,24 Million,13.6 Million,,,,,6,100000,0,200000,,,,,867,100,68,300,,,,,39790,7,2808,21,,,,,,,,,,,,
powerball,2001-12-26,28 Million,15.8 Million,,,,,3,100000,0,200000,,,,,754,100,50,300,,,,,33861,7,2495,21,,,,,,,,,,,,
powerball,2001-12-29,34 Million,18.6 Million,,,,,4,100000,0,200000,,,,,891,100,54,200,,,,,39884,7,2868,14,,,,,,,,,,,,
powerball,2002-01-02,38 Million,21.0 Million,,,,,4,100000,0,200000,,,,,752,100,49,300,,,,,32818,7,2250,21,,,,,,,,,,,,
powerball,2002-01-05,44 Million,24.1 Million,,,,,3,100000,0,200000,,,,,1218,100,88,500,,,,,53747,7,3926,35,,,,,,,,,,,,
powerball,2002-01-09,49 Million,27.1 Million,,,,,5,100000,0,200000,,,,,1049,100,67,500,,,,,42034,7,2786,35,,,,,,,,,,,,
powerball,2002-01-12,55 Million,30.8 Million,,,,,5,100000,0,200000,,,,,1152,100,74,300,,,,,53573,7,3435,21,,,,,,,,,,,,
powerball,2002-01-16,61 Million,34.6 Million,,,,,3,100000,0,200000,,,,,1241,100,76,200,,,,,53185,7,3154,14,,,,,,,,,,,,
powerball,2002-01-19,71 Million,39.3 Million,,,,,7,100000,0,200000,,,,,1500,100,91,200,,,,,67614,7,3831,14,,,,,,,,,,,,
powerball,2002-01-23,81 Million,44.6 Million,,,,,6,100000,0,200000,,,,,1780,100,93,500,,,,,78657,7,3986,35,,,,,,,,,,,,
powerball,2002-01-26,95 Million,52.2 Million,,,,,6,100000,0,200000,,,,,4249,100,260,400,,,,,129829,7,6566,28,,,,,,,,,,,,
powerball,2002-01-30,10 Million,5.5 Million,,,,,7,100000,0,200000,,,,,1043,100,88,200,,,,,42819,7,3173,14,,,,,,,,,,,,
powerball,2002-02-02,12 Million,6.6 Million,,,,,3,100000,0,200000,,,,,814,100,55,100,,,,,38230,7,2932,7,,,,,,,,,,,,
powerball,2002-02-06,14 Million,7.7 Million,,,,,3,100000,0,200000,,,,,778,100,62,300,,,,,32905,7,2528,21,,,,,,,,,,,,
powerball,2002-02-09,18 Million,9.8 Million,,,,,3,100000,1,200000,,,,,841,100,62,100,,,,,40224,7,2941,7,,,,,,,,,,,,
powerball,2002-02-13,22 Million,12.2 Million,,,,,2,100000,1,200000,,,,,784,100,46,400,,,,,34842,7,2441,28,,,,,,,,,,,,
powerball,2002-02-16,27 Million,15.1 Million,,,,,3,100000,0,200000,,,,,926,100,82,500,,,,,40987,7,2867,35,,,,,,,,,,,,
powerball,2002-02-20,32 Million,17.9 Million,,,,,10,100000,2,200000,,,,,1322,100,99,500,,,,,51359,7,3975,35,,,,,,,,,,,,
powerball,2002-02-23,10 Million,5.6 Million,,,,,5,100000,0,200000,,,,,906,100,53,100,,,,,40850,7,3278,7,,,,,,,,,,,,
powerball,2002-02-27,12 Million,6.7 Million,,,,,1,100000,0,200000,,,,,887,100,102,400,,,,,37175,7,3188,28,,,,,,,,,,,,
powerball,2002-03-02,14 Million,7.8 Million,,,,,4,100000,2,200000,,,,,789,100,75,400,,,,,36119,7,2783,28,,,,,,,,,,,,
powerball,2002-03-06,17 Million,9.3 Million,,,,,2,100000,0,200000,,,,,842,100,87,500,,,,,40056,7,3227,35,,,,,,,,,,,,
powerball,2002-03-09,22 Million,11.9 Million,,,,,3,100000,0,200000,,,,,768,100,69,300,,,,,36017,7,2723,21,,,,,,,,,,,,
powerball,2002-03-13,26 Million,14.4 Million,,,,,6,100000,0,200000,,,,,760,100,60,200,,,,,34272,7,2633,14,,,,,,,,,,,,
powerball,2002-03-16,32 Million,17.3 Million,,,,,3,100000,0,200000,,,,,883,100,63,500,,,,,39865,7,2908,35,,,,,,,,,,,,
powerball,2002-03-20,37 Million,19.9 Million,,,,,8,100000,1,200000,,,,,888,100,80,500,,,,,40741,7,3169,35,,,,,,,,,,,,
powerball,2002-03-23,43 Million,23.1 Million,,,,,4,100000,0,200000,,,,,1036,100,69,100,,,,,46849,7,3434,7,,,,,,,,,,,,
powerball,2002-03-27,48 Million,26.1 Million,,,,,4,100000,0,200000,,,,,943,100,56,300,,,,,41569,7,2687,21,,,,,,,,,,,,
powerball,2002-03-30,10 Million,5.4 Million,,,,,7,100000,0,200000,,,,,1138,100,94,100,,,,,44447,7,3666,7,,,,,,,,,,,,
powerball,2002-04-03,12 Million,6.5 Million,,,,,1,100000,0,200000,,,,,798,100,63,100,,,,,33329,7,2711,7,,,,,,,,,,,,
powerball,2002-04-06,14 Million,7.7 Million,,,,,4,100000,0,200000,,,,,873,100,64,500,,,,,37909,7,2963,35,,,,,,,,,,,,
powerball,2002-04-10,17 Million,9.1 Million,,,,,3,100000,0,200000,,,,,846,100,83,300,,,,,36786,7,2886,21,,,,,,,,,,,,
powerball,2002-04-13,22 Million,11.9 Million,,,,,2,100000,0,200000,,,,,895,100,60,400,,,,,40217,7,2707,28,,,,,,,,,,,,
powerball,2002-04-17,26 Million,14.4 Million,,,,,3,100000,0,200000,,,,,944,100,63,200,,,,,41653,7,3095,14,,,,,,,,,,,,
powerball,2002-04-20,32 Million,17.2 Million,,,,,2,100000,0,200000,,,,,882,100,47,400,,,,,39165,7,2699,28,,,,,,,,,,,,
powerball,2002-04-24,37 Million,19.9 Million,,,,,3,100000,0,200000,,,,,926,100,54,200,,,,,40777,7,2861,14,,,,,,,,,,,,
powerball,2002-04-27,42 Million,23.1 Million,,,,,9,100000,1,200000,,,,,1433,100,110,100,,,,,57038,7,4062,7,,,,,,,,,,,,
powerball,2002-05-01,48 Million,26.2 Million,,,,,4,100000,0,200000,,,,,964,100,62,500,,,,,43256,7,2772,35,,,,,,,,,,,,
powerball,2002-05-04,54 Million,29.9 Million,,,,,17,100000,2,200000,,,,,2389,100,202,500,,,,,79665,7,5849,35,,,,,,,,,,,,
powerball,2002-05-08,61 Million,33.6 Million,,,,,7,100000,0,200000,,,,,1522,100,104,300,,,,,62001,7,3870,21,,,,,,,,,,,,
powerball,2002-05-11,70 Million,38.1 Million,,,,,6,100000,1,200000,,,,,1556,100,110,100,,,,,69294,7,4114,7,,,,,,,,,,,,
powerball,2002-05-15,79 Million,42.9 Million,,,,,6,100000,0,200000,,,,,1659,100,76,500,,,,,69371,7,3572,35,,,,,,,,,,,,
powerball,2002-05-18,10 Million,5.5 Million,,,,,2,100000,0,200000,,,,,890,100,56,200,,,,,38824,7,2737,14,,,,,,,,,,,,
powerball,2002-05-22,12 Million,6.5 Million,,,,,4,100000,0,200000,,,,,782,100,58,100,,,,,34383,7,2591,7,,,,,,,,,,,,
powerball,2002-05-25,14 Million,7.8 Million,,,,,2,100000,0,200000,,,,,820,100,55,400,,,,,35728,7,2566,28,,,,,,,,,,,,
powerball,2002-05-29,17 Million,9.3 Million,,,,,3,100000,1,200000,,,,,596,100,49,100,,,,,28520,7,2125,7,,,,,,,,,,,,
powerball,2002-06-01,21 Million,11.8 Million,,,,,5,100000,1,200000,,,,,1320,100,113,300,,,,,50068,7,4037,21,,,,,,,,,,,,
powerball,2002-06-05,26 Million,14.2 Million,,,,,2,100000,0,200000,,,,,733,100,41,200,,,,,34338,7,2336,14,,,,,,,,,,,,
powerball,2002-06-08,31 Million,17.0 Million,,,,,6,100000,0,200000,,,,,869,100,46,300,,,,,36045,7,2359,21,,,,,,,,,,,,
powerball,2002-06-12,10 Million,5.6 Million,,,,,4,100000,0,200000,,,,,623,100,43,100,,,,,27519,7,2128,7,,,,,,,,,,,,
powerball,2002-06-15,12 Million,6.7 Million,,,,,3,100000,0,200000,,,,,725,100,41,300,,,,,33623,7,2495,21,,,,,,,,,,,,
powerball,2002-06-19,14 Million,7.8 Million,,,,,34,100000,5,200000,,,,,2961,100,293,300,,,,,60539,7,5906,21,,,,,,,,,,,,
powerball,2002-06-22,10 Million,5.6 Million,,,,,3,100000,1,200000,,,,,623,100,37,200,,,,,29685,7,2138,14,,,,,,,,,,,,
powerball,2002-06-26,12 Million,6.7 Million,,,,,8,100000,1,200000,,,,,1089,100,108,400,,,,,39204,7,3294,28,,,,,,,,,,,,
powerball,2002-06-29,14 Million,7.8 Million,,,,,5,100000,0,200000,,,,,904,100,97,500,,,,,40392,7,4401,35,,,,,,,,,,,,
powerball,2002-07-03,16 Million,9.1 Million,,,,,3,100000,0,200000,,,,,764,100,92,500,,,,,33712,7,3953,35,,,,,,,,,,,,
powerball,2002-07-06,21 Million,11.7 Million,,,,,1,100000,0,200000,,,,,916,100,119,300,,,,,43974,7,5103,21,,,,,,,,,,,,
powerball,2002-07-10,26 Million,14.3 Million,,,,,4,100000,0,200000,,,,,845,100,84,500,,,,,36273,7,4088,35,,,,,,,,,,,,
powerball,2002-07-13,30 Million,17.3 Million,,,,,4,100000,0,200000,,,,,1014,100,110,300,,,,,42841,7,4876,21,,,,,,,,,,,,
powerball,2002-07-17,35 Million,20.0 Million,,,,,5,100000,0,200000,,,,,936,100,114,500,,,,,43424,7,4806,35,,,,,,,,,,,,
powerball,2002-07-20,42 Million,23.4 Million,,,,,6,100000,1,200000,,,,,1913,100,213,100,,,,,66164,7,7836,7,,,,,,,,,,,,
powerball,2002-07-24,10 Million,5.6 Million,,,,,3,100000,0,200000,,,,,777,100,107,400,,,,,33142,7,3970,28,,,,,,,,,,,,
powerball,2002-07-27,12 Million,6.9 Million,,,,,6,100000,2,200000,,,,,1045,100,125,100,,,,,44813,7,5355,7,,,,,,,,,,,,
powerball,2002-07-31,14 Million,8.0 Million,,,,,4,100000,0,200000,,,,,1058,100,93,400,,,,,42670,7,5475,28,,,,,,,,,,,,
powerball,2002-08-03,18 Million,10.1 Million,,,,,5,100000,3,200000,,,,,922,100,112,500,,,,,41568,7,4834,35,,,,,,,,,,,,
powerball,2002-08-07,22 Million,12.6 Million,,,,,2,100000,1,200000,,,,,775,100,79,400,,,,,32995,7,3612,28,,,,,,,,,,,,
powerball,2002-08-10,27 Million,15.7 Million,,,,,8,100000,1,200000,,,,,1149,100,127,500,,,,,49929,7,5656,35,,,,,,,,,,,,
powerball,2002-08-14,32 Million,18.4 Million,,,,,7,100000,0,200000,,,,,996,100,102,200,,,,,42401,7,4847,14,,,,,,,,,,,,
powerball,2002-08-17,37 Million,21.6 Million,,,,,8,100000,0,200000,,,,,970,100,98,300,,,,,44083,7,4588,21,,,,,,,,,,,,
powerball,2002-08-21,43 Million,24.7 Million,,,,,9,100000,1,200000,,,,,918,100,88,100,,,,,40568,7,3977,7,,,,,,,,,,,,
powerball,2002-08-24,49 Million,28.4 Million,,,,,9,100000,0,200000,,,,,1416,100,146,500,,,,,58739,7,5944,35,,,,,,,,,,,,
powerball,2002-08-28,55 Million,31.9 Million,,,,,4,100000,1,200000,,,,,1198,100,102,200,,,,,50892,7,4829,14,,,,,,,,,,,,
powerball,2002-08-31,62 Million,36.4 Million,,,,,7,100000,0,200000,,,,,1660,100,156,500,,,,,70898,7,6512,35,,,,,,,,,,,,
powerball,2002-09-04,70 Million,40.9 Million,,,,,9,100000,0,200000,,,,,1588,100,165,500,,,,,67959,7,6031,35,,,,,,,,,,,,
powerball,2002-09-07,77 Million,46.6 Million,,,,,13,100000,1,200000,,,,,2389,100,227,500,,,,,97767,7,9315,35,,,,,,,,,,,,
powerball,2002-09-11,87 Million,52.4 Million,,,,,8,100000,0,200000,,,,,1913,100,163,300,,,,,88861,7,7214,21,,,,,,,,,,,,
powerball,2002-09-14,104 Million,61.6 Million,,,,,12,100000,3,200000,,,,,3352,100,233,400,,,,,142791,7,10345,28,,,,,,,,,,,,
powerball,2002-09-18,10 Million,5.9 Million,,,,,7,100000,0,200000,,,,,779,100,87,500,,,,,36827,7,3939,35,,,,,,,,,,,,
powerball,2002-09-21,12 Million,7.3 Million,,,,,4,100000,1,200000,,,,,979,100,91,500,,,,,41859,7,4799,35,,,,,,,,,,,,
powerball,2002-09-25,14 Million,8.5 Million,,,,,6,100000,2,200000,,,,,788,100,108,200,,,,,35616,7,4227,14,,,,,,,,,,,,
powerball,2002-09-28,18 Million,10.8 Million,,,,,4,100000,2,200000,,,,,1060,100,126,300,,,,,45481,7,5417,21,,,,,,,,,,,,
powerball,2002-10-02,22 Million,13.5 Million,,,,,5,100000,0,200000,,,,,773,100,112,200,,,,,40927,7,4848,14,,,,,,,,,,,,
powerball,2002-10-05,27 Million,16.5 Million,,,,,6,100000,0,200000,,,,,1044,100,117,200,,,,,43318,7,4980,14,,,,,,,,,,,,
powerball,2002-10-09,36 Million,20.1 Million,,,,,5,100000,0,200000,,,,,697,100,95,400,,,,,35028,7,4719,28,,,,,,,,,,,,
powerball,2002-10-12,44 Million,24.0 Million,,,,,1,100000,2,200000,,,,,789,100,96,500,,,,,36578,7,4602,35,,,,,,,,,,,,
powerball,2002-10-16,51 Million,28.0 Million,,,,,5,100000,1,200000,,,,,1045,100,158,500,,,,,46690,7,6702,35,,,,,,,,,,,,
powerball,2002-10-19,63 Million,33.0 Million,,,,,4,100000,1,200000,,,,,1101,100,154,400,,,,,52650,7,7501,28,,,,,,,,,,,,
powerball,2002-10-23,72 Million,38.0 Million,,,,,3,100000,1,200000,,,,,1223,100,189,500,,,,,56343,7,7590,35,,,,,,,,,,,,
powerball,2002-10-26,84 Million,44.0 Million,,,,,3,100000,1,200000,,,,,1436,100,195,300,,,,,65989,7,8533,21,,,,,,,,,,,,
powerball,2002-10-30,10 Million,5.3 Million,,,,,2,100000,0,200000,,,,,799,100,160,500,,,,,36339,7,6167,35,,,,,,,,,,,,
powerball,2002-11-02,12 Million,6.4 Million,,,,,5,100000,0,200000,,,,,702,100,122,400,,,,,33821,7,5828,28,,,,,,,,,,,,
powerball,2002-11-06,17 Million,9.2 Million,,,,,7,100000,2,200000,,,,,1264,100,249,500,,,,,46611,7,8977,35,,,,,,,,,,,,
powerball,2002-11-09,24 Million,12.7 Million,,,,,3,100000,0,200000,,,,,657,100,116,500,,,,,30916,7,4884,35,,,,,,,,,,,,
powerball,2002-11-13,30 Million,15.9 Million,,,,,0,100000,1,200000,,,,,547,100,103,500,,,,,28946,7,4681,35,,,,,,,,,,,,
powerball,2002-11-16,37 Million,19.7 Million,,,,,4,100000,0,200000,,,,,702,100,91,200,,,,,34125,7,5101,14,,,,,,,,,,,,
powerball,2002-11-20,44 Million,23.3 Million,,,,,1,100000,0,200000,,,,,819,100,122,300,,,,,38063,7,5597,21,,,,,,,,,,,,
powerball,2002-11-23,52 Million,27.5 Million,,,,,4,100000,1,200000,,,,,903,100,125,400,,,,,45297,7,6548,28,,,,,,,,,,,,
powerball,2002-11-27,60 Million,31.9 Million,,,,,3,100000,2,200000,,,,,863,100,101,500,,,,,42622,7,5725,35,,,,,,,,,,,,
powerball,2002-11-30,68 Million,36.4 Million,,,,,6,100000,1,200000,,,,,1367,100,190,200,,,,,57048,7,8340,14,,,,,,,,,,,,
powerball,2002-12-04,78 Million,41.7 Million,,,,,4,100000,1,200000,,,,,1106,100,134,400,,,,,55381,7,6535,28,,,,,,,,,,,,
powerball,2002-12-07,89 Million,48.1 Million,,,,,8,100000,0,200000,,,,,1469,100,192,200,,,,,70861,7,8758,14,,,,,,,,,,,,
powerball,2002-12-11,106 Million,57.2 Million,,,,,12,100000,1,200000,,,,,2624,100,278,300,,,,,115176,7,12300,21,,,,,,,,,,,,
powerball,2002-12-14,129 Million,69.9 Million,,,,,14,100000,0,200000,,,,,3078,100,270,200,,,,,141929,7,12560,14,,,,,,,,,,,,
powerball,2002-12-18,163 Million,88.3 Million,,,,,15,100000,1,200000,,,,,4043,100,258,500,,,,,192389,7,13073,35,,,,,,,,,,,,
powerball,2002-12-21,218 Million,117.9 Million,,,,,67,100000,5,200000,,,,,7446,100,447,500,,,,,324599,7,19990,35,,,,,,,,,,,,
powerball,2002-12-25,315 Million,170.5 Million,,,,,38,100000,0,200000,,,,,12239,100,605,400,,,,,588790,7,30256,28,,,,,,,,,,,,
powerball,2002-12-28,10 Million,5.5 Million,,,,,4,100000,0,200000,,,,,758,100,100,500,,,,,37679,7,5280,35,,,,,,,,,,,,
powerball,2003-01-01,15 Million,7.9 Million,,,,,2,100000,0,200000,,,,,646,100,86,500,,,,,32880,7,5202,35,,,,,,,,,,,,
powerball,2003-01-04,23 Million,12.2 Million,,,,,3,100000,2,200000,,,,,835,100,136,200,,,,,40669,7,6345,14,,,,,,,,,,,,
powerball,2003-01-08,30 Million,16.2 Million,,,,,2,100000,0,200000,,,,,796,100,123,300,,,,,39071,7,5843,21,,,,,,,,,,,,
powerball,2003-01-11,39 Million,20.7 Million,,,,,7,100000,0,200000,,,,,804,100,111,500,,,,,40306,7,5799,35,,,,,,,,,,,,
powerball,2003-01-15,47 Million,25.1 Million,,,,,4,100000,0,200000,,,,,1006,100,128,500,,,,,45865,7,6659,35,,,,,,,,,,,,
powerball,2003-01-18,57 Million,30.2 Million,,,,,3,100000,1,200000,,,,,1011,100,123,400,,,,,47551,7,6747,28,,,,,,,,,,,,
powerball,2003-01-22,66 Million,35.1 Million,,,,,5,100000,1,200000,,,,,1001,100,135,300,,,,,49920,7,6760,21,,,,,,,,,,,,
powerball,2003-01-25,76 Million,40.9 Million,,,,,1,100000,0,200000,,,,,1087,100,121,500,,,,,56441,7,7123,35,,,,,,,,,,,,
powerball,2003-01-29,86 Million,46.6 Million,,,,,3,100000,1,200000,,,,,1400,100,200,500,,,,,62971,7,8218,35,,,,,,,,,,,,
powerball,2003-02-01,102 Million,54.8 Million,,,,,11,100000,1,200000,,,,,2141,100,263,500,,,,,99390,7,11707,35,,,,,,,,,,,,
powerball,2003-02-05,10 Million,5.4 Million,,,,,2,100000,0,200000,,,,,1549,100,284,500,,,,,52672,7,9172,35,,,,,,,,,,,,
powerball,2003-02-08,13 Million,7.3 Million,,,,,2,100000,0,200000,,,,,1033,100,183,500,,,,,44931,7,7785,35,,,,,,,,,,,,
powerball,2003-02-12,20 Million,10.7 Million,,,,,3,100000,2,200000,,,,,693,100,123,400,,,,,35505,7,6310,28,,,,,,,,,,,,
powerball,2003-02-15,27 Million,14.7 Million,,,,,3,100000,0,200000,,,,,791,100,126,200,,,,,38364,7,6246,14,,,,,,,,,,,,
powerball,2003-02-19,34 Million,18.2 Million,,,,,5,100000,1,200000,,,,,857,100,125,500,,,,,40864,7,6715,35,,,,,,,,,,,,
powerball,2003-02-22,42 Million,22.6 Million,,,,,29,100000,7,200000,,,,,3117,100,642,200,,,,,79107,7,14127,14,,,,,,,,,,,,
powerball,2003-02-26,10 Million,5.4 Million,,,,,2,100000,0,200000,,,,,636,100,104,200,,,,,31915,7,5469,14,,,,,,,,,,,,
powerball,2003-03-01,12 Million,6.6 Million,,,,,4,100000,1,200000,,,,,814,100,147,500,,,,,38847,7,6412,35,,,,,,,,,,,,
powerball,2003-03-05,18 Million,9.8 Million,,,,,1,100000,0,200000,,,,,636,100,88,200,,,,,30409,7,4775,14,,,,,,,,,,,,
powerball,2003-03-08,24 Million,13.5 Million,,,,,7,100000,1,200000,,,,,858,100,149,300,,,,,42315,7,6547,21,,,,,,,,,,,,
powerball,2003-03-12,30 Million,17.0 Million,,,,,5,100000,0,200000,,,,,661,100,97,300,,,,,33239,7,4870,21,,,,,,,,,,,,
powerball,2003-03-15,38 Million,21.0 Million,,,,,2,100000,1,200000,,,,,773,100,108,500,,,,,38161,7,5364,35,,,,,,,,,,,,
powerball,2003-03-19,45 Million,24.8 Million,,,,,4,100000,0,200000,,,,,677,100,101,500,,,,,33827,7,4629,35,,,,,,,,,,,,
powerball,2003-03-22,54 Million,29.3 Million,,,,,5,100000,0,200000,,,,,835,100,137,300,,,,,42540,7,5701,21,,,,,,,,,,,,
powerball,2003-03-26,62 Million,33.6 Million,,,,,5,100000,0,200000,,,,,901,100,139,500,,,,,41955,7,5385,35,,,,,,,,,,,,
powerball,2003-03-29,10 Million,5.4 Million,,,,,4,100000,0,200000,,,,,958,100,135,200,,,,,41216,7,6593,14,,,,,,,,,,,,
powerball,2003-04-02,12 Million,6.5 Million,,,,,3,100000,0,200000,,,,,558,100,79,400,,,,,25659,7,4095,28,,,,,,,,,,,,
powerball,2003-04-05,18 Million,9.7 Million,,,,,3,100000,1,200000,,,,,726,100,108,500,,,,,34425,7,5242,35,,,,,,,,,,,,
powerball,2003-04-09,24 Million,12.9 Million,,,,,1,100000,0,200000,,,,,588,100,96,200,,,,,27912,7,4043,14,,,,,,,,,,,,
powerball,2003-04-12,31 Million,16.6 Million,,,,,2,100000,1,200000,,,,,686,100,99,500,,,,,35484,7,5110,35,,,,,,,,,,,,
powerball,2003-04-16,37 Million,19.9 Million,,,,,3,100000,0,200000,,,,,692,100,95,500,,,,,32094,7,4352,35,,,,,,,,,,,,
powerball,2003-04-19,44 Million,24.0 Million,,,,,4,100000,2,200000,,,,,726,100,111,500,,,,,38740,7,5250,35,,,,,,,,,,,,
powerball,2003-04-23,51 Million,27.9 Million,,,,,6,100000,0,200000,,,,,864,100,106,200,,,,,40492,7,5485,14,,,,,,,,,,,,
powerball,2003-04-26,59 Million,32.4 Million,,,,,6,100000,0,200000,,,,,1297,100,210,400,,,,,57015,7,7881,28,,,,,,,,,,,,
powerball,2003-04-30,67 Million,37.0 Million,,,,,6,100000,0,200000,,,,,1217,100,165,400,,,,,56999,7,7842,28,,,,,,,,,,,,
powerball,2003-05-03,78 Million,42.8 Million,,,,,2,100000,0,200000,,,,,1213,100,121,500,,,,,58383,7,6809,35,,,,,,,,,,,,
powerball,2003-05-07,89 Million,48.8 Million,,,,,4,100000,3,200000,,,,,1250,100,139,500,,,,,59428,7,6560,35,,,,,,,,,,,,
powerball,2003-05-10,10 Million,5.6 Million,,,,,10,100000,3,200000,,,,,1847,100,366,400,,,,,56396,7,9330,28,,,,,,,,,,,,
powerball,2003-05-14,12 Million,6.7 Million,,,,,1,100000,0,200000,,,,,494,100,78,500,,,,,25273,7,3846,35,,,,,,,,,,,,
powerball,2003-05-17,17 Million,9.7 Million,,,,,4,100000,0,200000,,,,,703,100,98,200,,,,,33615,7,5225,14,,,,,,,,,,,,
powerball,2003-05-21,23 Million,12.8 Million,,,,,2,100000,0,200000,,,,,633,100,81,200,,,,,30952,7,4467,14,,,,,,,,,,,,
powerball,2003-05-24,29 Million,16.5 Million,,,,,3,100000,1,200000,,,,,668,100,80,500,,,,,32786,7,4362,35,,,,,,,,,,,,
powerball,2003-05-28,35 Million,19.7 Million,,,,,1,100000,1,200000,,,,,705,100,109,500,,,,,37875,7,5820,35,,,,,,,,,,,,
powerball,2003-05-31,42 Million,23.9 Million,,,,,2,100000,1,200000,,,,,769,100,100,300,,,,,39120,7,5683,21,,,,,,,,,,,,
powerball,2003-06-04,49 Million,27.7 Million,,,,,4,100000,2,200000,,,,,814,100,97,200,,,,,40850,7,5783,14,,,,,,,,,,,,
powerball,2003-06-07,57 Million,32.2 Million,,,,,3,100000,0,200000,,,,,1105,100,147,300,,,,,52178,7,7496,21,,,,,,,,,,,,
powerball,2003-06-11,65 Million,36.6 Million,,,,,0,100000,2,200000,,,,,938,100,108,200,,,,,43824,7,5389,14,,,,,,,,,,,,
powerball,2003-06-14,73 Million,42.1 Million,,,,,7,100000,0,200000,,,,,1468,100,228,500,,,,,56603,7,6998,35,,,,,,,,,,,,
powerball,2003-06-18,83 Million,47.8 Million,,,,,8,100000,0,200000,,,,,1157,100,143,400,,,,,57970,7,6798,28,,,,,,,,,,,,
powerball,2003-06-21,96 Million,55.2 Million,,,,,4,100000,0,200000,,,,,1655,100,193,500,,,,,79380,7,9118,35,,,,,,,,,,,,
powerball,2003-06-25,111 Million,64.3 Million,,,,,12,100000,1,200000,,,,,1894,100,194,400,,,,,93413,7,9286,28,,,,,,,,,,,,
powerball,2003-06-28,134 Million,76.2 Million,,,,,11,100000,1,200000,,,,,2807,100,259,400,,,,,132281,7,13327,28,,,,,,,,,,,,
powerball,2003-07-02,160 Million,91.2 Million,,,,,7,100000,2,200000,,,,,3605,100,298,500,,,,,170257,7,14887,35,,,,,,,,,,,,
powerball,2003-07-05,198 Million,111.8 Million,,,,,13,100000,3,200000,,,,,4845,100,393,200,,,,,229793,7,19009,14,,,,,,,,,,,,
powerball,2003-07-09,261 Million,147.3 Million,,,,,36,100000,4,200000,,,,,8399,100,491,300,,,,,399010,7,24829,21,,,,,,,,,,,,
powerball,2003-07-12,10 Million,5.6 Million,,,,,0,100000,0,200000,,,,,756,100,108,400,,,,,36058,7,4833,28,,,,,,,,,,,,
powerball,2003-07-16,14 Million,7.5 Million,,,,,2,100000,2,200000,,,,,739,100,106,500,,,,,34608,7,5279,35,,,,,,,,,,,,
powerball,2003-07-19,10 Million,5.4 Million,,,,,0,100000,0,200000,,,,,677,100,104,500,,,,,33780,7,5234,35,,,,,,,,,,,,
powerball,2003-07-23,13 Million,6.9 Million,,,,,1,100000,1,200000,,,,,676,100,91,500,,,,,29890,7,4557,35,,,,,,,,,,,,
powerball,2003-07-26,20 Million,10.6 Million,,,,,0,100000,0,200000,,,,,795,100,121,300,,,,,38986,7,6461,21,,,,,,,,,,,,
powerball,2003-07-30,26 Million,14.2 Million,,,,,3,100000,1,200000,,,,,768,100,123,200,,,,,36722,7,5485,14,,,,,,,,,,,,
powerball,2003-08-02,36 Million,18.4 Million,,,,,4,100000,0,200000,,,,,794,100,127,300,,,,,39644,7,5796,21,,,,,,,,,,,,
powerball,2003-08-06,43 Million,22.5 Million,,,,,3,100000,0,200000,,,,,974,100,154,200,,,,,43969,7,6349,14,,,,,,,,,,,,
powerball,2003-08-09,52 Million,27.2 Million,,,,,2,100000,0,200000,,,,,962,100,149,400,,,,,50553,7,7175,28,,,,,,,,,,,,
powerball,2003-08-13,61 Million,32.0 Million,,,,,5,100000,0,200000,,,,,1005,100,116,200,,,,,47980,7,6178,14,,,,,,,,,,,,
powerball,2003-08-16,74 Million,37.7 Million,,,,,7,100000,2,200000,,,,,1175,100,134,500,,,,,58111,7,6852,35,,,,,,,,,,,,
powerball,2003-08-20,85 Million,43.5 Million,,,,,5,100000,2,200000,,,,,1308,100,136,500,,,,,58635,7,6520,35,,,,,,,,,,,,
powerball,2003-08-23,100 Million,51.6 Million,,,,,2,100000,0,200000,,,,,1650,100,164,500,,,,,76859,7,7701,35,,,,,,,,,,,,
powerball,2003-08-27,116 Million,60.2 Million,,,,,10,100000,1,200000,,,,,1854,100,198,500,,,,,90436,7,8485,35,,,,,,,,,,,,
powerball,2003-08-30,136 Million,70.8 Million,,,,,16,100000,2,200000,,,,,2218,100,196,300,,,,,108496,7,10010,21,,,,,,,,,,,,
powerball,2003-09-03,10 Million,5.2 Million,,,,,5,100000,0,200000,,,,,1047,100,165,500,,,,,45236,7,7421,35,,,,,,,,,,,,
powerball,2003-09-06,14 Million,7.1 Million,,,,,3,100000,0,200000,,,,,826,100,112,500,,,,,40593,7,6339,35,,,,,,,,,,,,
powerball,2003-09-10,20 Million,10.6 Million,,,,,2,100000,0,200000,,,,,844,100,138,500,,,,,40202,7,6468,35,,,,,,,,,,,,
powerball,2003-09-13,28 Million,14.6 Million,,,,,2,100000,0,200000,,,,,1197,100,195,500,,,,,50686,7,8274,35,,,,,,,,,,,,
powerball,2003-09-17,35 Million,18.4 Million,,,,,5,100000,1,200000,,,,,817,100,128,500,,,,,40487,7,6258,35,,,,,,,,,,,,
powerball,2003-09-20,43 Million,22.8 Million,,,,,4,100000,2,200000,,,,,1087,100,178,400,,,,,49243,7,7596,28,,,,,,,,,,,,
powerball,2003-09-24,51 Million,26.9 Million,,,,,5,100000,0,200000,,,,,832,100,126,400,,,,,43630,7,6451,28,,,,,,,,,,,,
powerball,2003-09-27,59 Million,31.8 Million,,,,,1,100000,1,200000,,,,,998,100,138,500,,,,,49909,7,6751,35,,,,,,,,,,,,
powerball,2003-10-01,68 Million,36.5 Million,,,,,6,100000,0,200000,,,,,1140,100,147,200,,,,,53374,7,7868,14,,,,,,,,,,,,
powerball,2003-10-04,78 Million,42.2 Million,,,,,8,100000,1,200000,,,,,1187,100,175,300,,,,,58506,7,7701,21,,,,,,,,,,,,
powerball,2003-10-08,89 Million,47.8 Million,,,,,15,100000,1,200000,,,,,2531,100,379,500,,,,,83363,7,11928,35,,,,,,,,,,,,
powerball,2003-10-11,104 Million,55.4 Million,,,,,6,100000,1,200000,,,,,1811,100,196,200,,,,,85005,7,10242,14,,,,,,,,,,,,
powerball,2003-10-15,119 Million,63.3 Million,,,,,6,100000,2,200000,,,,,1787,100,195,500,,,,,85388,7,8901,35,,,,,,,,,,,,
powerball,2003-10-18,141 Million,73.1 Million,,,,,10,100000,2,200000,,,,,2223,100,199,500,,,,,102201,7,10124,35,,,,,,,,,,,,
powerball,2003-10-22,162 Million,84.4 Million,,,,,14,100000,0,200000,,,,,2477,100,240,500,,,,,121248,7,11351,35,,,,,,,,,,,,
powerball,2003-10-25,191 Million,99.5 Million,,,,,11,100000,0,200000,,,,,3228,100,238,300,,,,,156385,7,13462,21,,,,,,,,,,,,
powerball,2003-10-29,10 Million,5.2 Million,,,,,3,100000,2,200000,,,,,664,100,93,300,,,,,34177,7,5060,21,,,,,,,,,,,,
powerball,2003-11-01,10 Million,5.2 Million,,,,,3,100000,0,200000,,,,,711,100,118,500,,,,,34575,7,5374,35,,,,,,,,,,,,
powerball,2003-11-05,13 Million,6.7 Million,,,,,2,100000,0,200000,,,,,684,100,104,500,,,,,32691,7,5320,35,,,,,,,,,,,,
powerball,2003-11-08,10 Million,5.2 Million,,,,,2,100000,1,200000,,,,,705,100,95,500,,,,,36982,7,5844,35,,,,,,,,,,,,
powerball,2003-11-12,13 Million,6.6 Million,,,,,2,100000,4,200000,,,,,1275,100,245,400,,,,,48723,7,8855,28,,,,,,,,,,,,
powerball,2003-11-15,19 Million,10.3 Million,,,,,4,100000,1,200000,,,,,782,100,120,500,,,,,38238,7,6067,35,,,,,,,,,,,,
powerball,2003-11-19,26 Million,13.7 Million,,,,,2,100000,0,200000,,,,,681,100,106,400,,,,,33973,7,5082,28,,,,,,,,,,,,
powerball,2003-11-22,33 Million,17.7 Million,,,,,9,100000,1,200000,,,,,1052,100,172,200,,,,,48850,7,7625,14,,,,,,,,,,,,
powerball,2003-11-26,40 Million,21.6 Million,,,,,6,100000,0,200000,,,,,831,100,123,500,,,,,42410,7,6096,35,,,,,,,,,,,,
powerball,2003-11-29,48 Million,25.9 Million,,,,,5,100000,1,200000,,,,,812,100,117,500,,,,,39816,7,5372,35,,,,,,,,,,,,
powerball,2003-12-03,57 Million,30.4 Million,,,,,2,100000,2,200000,,,,,937,100,123,400,,,,,43881,7,5981,28,,,,,,,,,,,,
powerball,2003-12-06,66 Million,35.4 Million,,,,,3,100000,1,200000,,,,,1046,100,152,500,,,,,48915,7,6465,35,,,,,,,,,,,,
powerball,2003-12-10,76 Million,40.5 Million,,,,,3,100000,1,200000,,,,,1128,100,145,400,,,,,53970,7,7315,28,,,,,,,,,,,,
powerball,2003-12-13,87 Million,46.6 Million,,,,,5,100000,0,200000,,,,,1444,100,155,300,,,,,68987,7,9705,21,,,,,,,,,,,,
powerball,2003-12-17,101 Million,54.2 Million,,,,,6,100000,1,200000,,,,,1779,100,187,500,,,,,84635,7,9383,35,,,,,,,,,,,,
powerball,2003-12-20,117 Million,63.3 Million,,,,,8,100000,2,200000,,,,,2254,100,246,400,,,,,105428,7,11835,28,,,,,,,,,,,,
powerball,2003-12-24,143 Million,77.5 Million,,,,,9,100000,1,200000,,,,,3204,100,264,300,,,,,154548,7,13040,21,,,,,,,,,,,,
powerball,2003-12-27,169 Million,91.5 Million,,,,,14,100000,1,200000,,,,,3085,100,270,500,,,,,152049,7,13140,35,,,,,,,,,,,,
powerball,2003-12-31,222 Million,120.3 Million,,,,,29,100000,1,200000,,,,,7130,100,557,300,,,,,340518,7,26219,21,,,,,,,,,,,,
powerball,2004-01-03,10 Million,5.4 Million,,,,,2,100000,0,200000,,,,,847,100,119,400,,,,,42916,7,5784,28,,,,,,,,,,,,
powerball,2004-01-07,14 Million,7.7 Million,,,,,3,100000,0,200000,,,,,983,100,147,300,,,,,44602,7,7161,21,,,,,,,,,,,,
powerball,2004-01-10,22 Million,11.9 Million,,,,,3,100000,2,200000,,,,,938,100,145,500,,,,,45908,7,7024,35,,,,,,,,,,,,
powerball,2004-01-14,29 Million,15.9 Million,,,,,6,100000,0,200000,,,,,741,100,115,500,,,,,38712,7,5432,35,,,,,,,,,,,,
powerball,2004-01-17,38 Million,20.6 Million,,,,,8,100000,0,200000,,,,,955,100,126,500,,,,,45336,7,6748,35,,,,,,,,,,,,
powerball,2004-01-21,46 Million,25.0 Million,,,,,5,100000,1,200000,,,,,937,100,124,400,,,,,44003,7,6383,28,,,,,,,,,,,,
powerball,2004-01-24,55 Million,30.3 Million,,,,,6,100000,3,200000,,,,,933,100,127,300,,,,,48939,7,6727,21,,,,,,,,,,,,
powerball,2004-01-28,63 Million,34.9 Million,,,,,2,100000,0,200000,,,,,966,100,149,400,,,,,47615,7,6469,28,,,,,,,,,,,,
powerball,2004-01-31,75 Million,40.8 Million,,,,,1,100000,0,200000,,,,,1265,100,165,400,,,,,64069,7,8577,28,,,,,,,,,,,,
powerball,2004-02-04,86 Million,46.5 Million,,,,,9,100000,2,200000,,,,,1782,100,264,200,,,,,75099,7,10899,14,,,,,,,,,,,,
powerball,2004-02-07,10 Million,5.4 Million,,,,,5,100000,1,200000,,,,,728,100,102,200,,,,,35610,7,5255,14,,,,,,,,,,,,
powerball,2004-02-11,13 Million,7.2 Million,,,,,4,100000,0,200000,,,,,619,100,80,400,,,,,31519,7,4782,28,,,,,,,,,,,,
powerball,2004-02-14,20 Million,11.2 Million,,,,,3,100000,0,200000,,,,,777,100,132,500,,,,,41726,7,6374,35,,,,,,,,,,,,
powerball,2004-02-18,27 Million,14.9 Million,,,,,4,100000,0,200000,,,,,693,100,112,400,,,,,35821,7,5194,28,,,,,,,,,,,,
powerball,2004-02-21,35 Million,19.2 Million,,,,,7,100000,0,200000,,,,,871,100,115,500,,,,,41587,7,5981,35,,,,,,,,,,,,
powerball,2004-02-25,43 Million,23.3 Million,,,,,5,100000,1,200000,,,,,1188,100,166,500,,,,,52830,7,8303,35,,,,,,,,,,,,
powerball,2004-02-28,52 Million,28.1 Million,,,,,4,100000,0,200000,,,,,918,100,134,200,,,,,45978,7,6454,14,,,,,,,,,,,,
powerball,2004-03-03,60 Million,32.8 Million,,,,,5,100000,0,200000,,,,,1388,100,230,200,,,,,59071,7,8814,14,,,,,,,,,,,,
powerball,2004-03-06,68 Million,38.2 Million,,,,,6,100000,0,200000,,,,,1066,100,132,500,,,,,52378,7,6616,35,,,,,,,,,,,,
powerball,2004-03-10,78 Million,43.5 Million,,,,,7,100000,1,200000,,,,,1075,100,135,500,,,,,54071,7,6798,35,,,,,,,,,,,,
powerball,2004-03-13,89 Million,49.9 Million,,,,,5,100000,0,200000,,,,,1304,100,159,300,,,,,63335,7,7795,21,,,,,,,,,,,,
powerball,2004-03-17,10 Million,5.6 Million,,,,,6,100000,0,200000,,,,,763,100,111,400,,,,,36979,7,5625,28,,,,,,,,,,,,
powerball,2004-03-20,12 Million,6.8 Million,,,,,5,100000,0,200000,,,,,845,100,179,500,,,,,41637,7,6620,35,,,,,,,,,,,,
powerball,2004-03-24,18 Million,10.1 Million,,,,,1,100000,0,200000,,,,,613,100,99,500,,,,,30631,7,4643,35,,,,,,,,,,,,
powerball,2004-03-27,25 Million,14.1 Million,,,,,9,100000,0,200000,,,,,1027,100,163,200,,,,,43842,7,6916,14,,,,,,,,,,,,
powerball,2004-03-31,32 Million,17.7 Million,,,,,1,100000,0,200000,,,,,774,100,89,300,,,,,35455,7,5052,21,,,,,,,,,,,,
powerball,2004-04-03,40 Million,22.2 Million,,,,,4,100000,0,200000,,,,,1052,100,134,300,,,,,47839,7,7141,21,,,,,,,,,,,,
powerball,2004-04-07,48 Million,26.3 Million,,,,,2,100000,1,200000,,,,,964,100,109,500,,,,,44406,7,6186,35,,,,,,,,,,,,
powerball,2004-04-10,57 Million,31.2 Million,,,,,2,100000,0,200000,,,,,1067,100,140,200,,,,,49013,7,6795,14,,,,,,,,,,,,
powerball,2004-04-14,65 Million,35.8 Million,,,,,5,100000,0,200000,,,,,1091,100,145,300,,,,,52152,7,7056,21,,,,,,,,,,,,
powerball,2004-04-17,78 Million,41.2 Million,,,,,2,100000,1,200000,,,,,1093,100,118,500,,,,,54219,7,6664,35,,,,,,,,,,,,
powerball,2004-04-21,90 Million,47.6 Million,,,,,6,100000,0,200000,,,,,1320,100,151,400,,,,,63900,7,8074,28,,,,,,,,,,,,
powerball,2004-04-24,106 Million,55.8 Million,,,,,14,100000,2,200000,,,,,1920,100,239,200,,,,,88693,7,10517,14,,,,,,,,,,,,
powerball,2004-04-28,123 Million,64.6 Million,,,,,5,100000,0,200000,,,,,1804,100,203,200,,,,,86010,7,8284,14,,,,,,,,,,,,
powerball,2004-05-01,145 Million,75.9 Million,,,,,11,100000,2,200000,,,,,2343,100,220,300,,,,,114922,7,11449,21,,,,,,,,,,,,
powerball,2004-05-05,172 Million,90.0 Million,,,,,11,100000,0,200000,,,,,3703,100,356,300,,,,,167453,7,16268,21,,,,,,,,,,,,
powerball,2004-05-08,213 Million,110.2 Million,,,,,19,100000,3,200000,,,,,5300,100,452,400,,,,,233602,7,19910,28,,,,,,,,,,,,
powerball,2004-05-12,10 Million,5.2 Million,,,,,2,100000,0,200000,,,,,804,100,96,400,,,,,38723,7,5436,28,,,,,,,,,,,,
powerball,2004-05-15,16 Million,8.3 Million,,,,,2,100000,1,200000,,,,,791,100,114,200,,,,,39734,7,5768,14,,,,,,,,,,,,
powerball,2004-05-19,24 Million,12.3 Million,,,,,4,100000,0,200000,,,,,732,100,127,500,,,,,39440,7,5709,35,,,,,,,,,,,,
powerball,2004-05-22,33 Million,17.1 Million,,,,,3,100000,0,200000,,,,,943,100,131,500,,,,,46053,7,6586,35,,,,,,,,,,,,
powerball,2004-05-26,42 Million,21.6 Million,,,,,2,100000,0,200000,,,,,1113,100,170,200,,,,,47012,7,7041,14,,,,,,,,,,,,
powerball,2004-05-29,52 Million,26.9 Million,,,,,4,100000,0,200000,,,,,1055,100,147,500,,,,,54093,7,7239,35,,,,,,,,,,,,
powerball,2004-06-02,10 Million,5.2 Million,,,,,8,100000,1,200000,,,,,1259,100,240,500,,,,,49901,7,8713,35,,,,,,,,,,,,
powerball,2004-06-05,15 Million,7.5 Million,,,,,3,100000,1,200000,,,,,852,100,143,500,,,,,41127,7,6585,35,,,,,,,,,,,,
powerball,2004-06-09,22 Million,11.2 Million,,,,,4,100000,1,200000,,,,,711,100,104,200,,,,,33498,7,5318,14,,,,,,,,,,,,
powerball,2004-06-12,30 Million,15.5 Million,,,,,4,100000,2,200000,,,,,891,100,97,300,,,,,39650,7,5815,21,,,,,,,,,,,,
powerball,2004-06-16,38 Million,19.6 Million,,,,,1,100000,0,200000,,,,,818,100,107,500,,,,,39097,7,5986,35,,,,,,,,,,,,
powerball,2004-06-19,47 Million,24.4 Million,,,,,4,100000,1,200000,,,,,921,100,129,200,,,,,46527,7,6683,14,,,,,,,,,,,,
powerball,2004-06-23,56 Million,28.9 Million,,,,,3,100000,1,200000,,,,,1135,100,172,500,,,,,54326,7,8211,35,,,,,,,,,,,,
powerball,2004-06-26,66 Million,34.2 Million,,,,,8,100000,0,200000,,,,,1264,100,184,500,,,,,55933,7,8170,35,,,,,,,,,,,,
powerball,2004-06-30,10 Million,5.2 Million,,,,,2,100000,0,200000,,,,,656,100,89,500,,,,,31584,7,4793,35,,,,,,,,,,,,
powerball,2004-07-03,14 Million,7.6 Million,,,,,2,100000,0,200000,,,,,1120,100,230,400,,,,,52519,7,8807,28,,,,,,,,,,,,
powerball,2004-07-07,21 Million,11.1 Million,,,,,3,100000,1,200000,,,,,728,100,114,500,,,,,35227,7,5572,35,,,,,,,,,,,,
powerball,2004-07-10,10 Million,5.2 Million,,,,,2,100000,0,200000,,,,,803,100,143,400,,,,,40406,7,7007,28,,,,,,,,,,,,
powerball,2004-07-14,14 Million,7.1 Million,,,,,2,100000,0,200000,,,,,633,100,92,300,,,,,30069,7,4831,21,,,,,,,,,,,,
powerball,2004-07-17,21 Million,11.1 Million,,,,,2,100000,1,200000,,,,,696,100,108,300,,,,,36127,7,5490,21,,,,,,,,,,,,
powerball,2004-07-21,28 Million,14.8 Million,,,,,2,100000,1,200000,,,,,666,100,115,500,,,,,34756,7,5238,35,,,,,,,,,,,,
powerball,2004-07-24,37 Million,19.2 Million,,,,,4,100000,0,200000,,,,,853,100,133,400,,,,,45572,7,6971,28,,,,,,,,,,,,
powerball,2004-07-28,44 Million,23.3 Million,,,,,5,100000,1,200000,,,,,773,100,100,300,,,,,40258,7,5955,21,,,,,,,,,,,,
powerball,2004-07-31,55 Million,28.5 Million,,,,,6,100000,1,200000,,,,,1037,100,160,300,,,,,49318,7,6924,21,,,,,,,,,,,,
powerball,2004-08-04,64 Million,33.5 Million,,,,,5,100000,0,200000,,,,,1020,100,145,500,,,,,50062,7,7100,35,,,,,,,,,,,,
powerball,2004-08-07,73 Million,39.4 Million,,,,,6,100000,1,200000,,,,,1242,100,193,500,,,,,63250,7,9107,35,,,,,,,,,,,,
powerball,2004-08-11,84 Million,45.5 Million,,,,,7,100000,1,200000,,,,,1302,100,189,500,,,,,62209,7,8536,35,,,,,,,,,,,,
powerball,2004-08-14,99 Million,53.1 Million,,,,,3,100000,0,200000,,,,,1944,100,239,300,,,,,90181,7,12776,21,,,,,,,,,,,,
powerball,2004-08-18,10 Million,5.4 Million,,,,,3,100000,2,200000,,,,,718,100,134,200,,,,,32638,7,5371,14,,,,,,,,,,,,
powerball,2004-08-21,14 Million,7.5 Million,,,,,5,100000,0,200000,,,,,842,100,158,500,,,,,40737,7,6928,35,,,,,,,,,,,,
powerball,2004-08-25,21 Million,11.2 Million,,,,,5,100000,2,200000,,,,,649,100,85,500,,,,,33081,7,5174,35,,,,,,,,,,,,
powerball,2004-08-28,29 Million,15.5 Million,,,,,0,100000,1,200000,,,,,805,100,136,300,,,,,41214,7,6518,21,,,,,,,,,,,,
powerball,2004-09-01,36 Million,19.6 Million,,,,,0,100000,0,200000,,,,,758,100,112,400,,,,,36651,7,5683,28,,,,,,,,,,,,
powerball,2004-09-04,45 Million,24.4 Million,,,,,6,100000,0,200000,,,,,979,100,171,200,,,,,48592,7,7530,14,,,,,,,,,,,,
powerball,2004-09-08,54 Million,28.8 Million,,,,,6,100000,1,200000,,,,,857,100,120,300,,,,,42934,7,6312,21,,,,,,,,,,,,
powerball,2004-09-11,63 Million,34.1 Million,,,,,4,100000,0,200000,,,,,1009,100,156,200,,,,,48757,7,6633,14,,,,,,,,,,,,
powerball,2004-09-15,73 Million,39.4 Million,,,,,9,100000,0,200000,,,,,1184,100,167,400,,,,,57605,7,8003,28,,,,,,,,,,,,
powerball,2004-09-18,83 Million,45.7 Million,,,,,10,100000,1,200000,,,,,1473,100,195,400,,,,,67055,7,9292,28,,,,,,,,,,,,
powerball,2004-09-22,96 Million,52.5 Million,,,,,9,100000,2,200000,,,,,1440,100,145,500,,,,,69445,7,8646,35,,,,,,,,,,,,
powerball,2004-09-25,111 Million,61.3 Million,,,,,1,100000,1,200000,,,,,1811,100,215,500,,,,,89488,7,10596,35,,,,,,,,,,,,
powerball,2004-09-29,129 Million,70.9 Million,,,,,9,100000,2,200000,,,,,2058,100,237,300,,,,,98360,7,10955,21,,,,,,,,,,,,
powerball,2004-10-02,152 Million,82.8 Million,,,,,13,100000,1,200000,,,,,2802,100,345,400,,,,,128787,7,13767,28,,,,,,,,,,,,
powerball,2004-10-06,177 Million,96.7 Million,,,,,19,100000,0,200000,,,,,3150,100,294,400,,,,,152027,7,15295,28,,,,,,,,,,,,
powerball,2004-10-09,215 Million,116.9 Million,,,,,17,100000,3,200000,,,,,4546,100,412,300,,,,,221289,7,19835,21,,,,,,,,,,,,
powerball,2004-10-13,10 Million,5.4 Million,,,,,4,100000,1,200000,,,,,759,100,115,400,,,,,37233,7,5644,28,,,,,,,,,,,,
powerball,2004-10-16,14 Million,7.9 Million,,,,,1,100000,0,200000,,,,,918,100,146,200,,,,,41320,7,6594,14,,,,,,,,,,,,
powerball,2004-10-20,10 Million,5.5 Million,,,,,2,100000,0,200000,,,,,753,100,114,500,,,,,36377,7,6001,35,,,,,,,,,,,,
powerball,2004-10-23,14 Million,7.5 Million,,,,,5,100000,0,200000,,,,,739,100,98,500,,,,,34884,7,5640,35,,,,,,,,,,,,
powerball,2004-10-27,20 Million,11.2 Million,,,,,1,100000,0,200000,,,,,696,100,119,500,,,,,35036,7,5800,35,,,,,,,,,,,,
powerball,2004-10-30,28 Million,15.5 Million,,,,,2,100000,0,200000,,,,,835,100,128,200,,,,,43570,7,7101,14,,,,,,,,,,,,
powerball,2004-11-03,36 Million,19.5 Million,,,,,3,100000,0,200000,,,,,743,100,121,400,,,,,36548,7,5585,28,,,,,,,,,,,,
powerball,2004-11-06,44 Million,24.2 Million,,,,,5,100000,0,200000,,,,,1020,100,154,300,,,,,48023,7,7215,21,,,,,,,,,,,,
powerball,2004-11-10,53 Million,28.8 Million,,,,,4,100000,0,200000,,,,,912,100,132,200,,,,,45210,7,6436,14,,,,,,,,,,,,
powerball,2004-11-13,62 Million,34.1 Million,,,,,7,100000,0,200000,,,,,1154,100,175,500,,,,,56981,7,8698,35,,,,,,,,,,,,
powerball,2004-11-17,72 Million,39.4 Million,,,,,2,100000,0,200000,,,,,1105,100,154,200,,,,,52693,7,7132,14,,,,,,,,,,,,
powerball,2004-11-20,83 Million,45.7 Million,,,,,3,100000,1,200000,,,,,1229,100,152,200,,,,,59102,7,7512,14,,,,,,,,,,,,
powerball,2004-11-24,96 Million,52.6 Million,,,,,5,100000,1,200000,,,,,1434,100,157,400,,,,,68053,7,8296,28,,,,,,,,,,,,
powerball,2004-11-27,110 Million,60.0 Million,,,,,7,100000,1,200000,,,,,1666,100,174,200,,,,,73179,7,8861,14,,,,,,,,,,,,
powerball,2004-12-01,126 Million,69.2 Million,,,,,8,100000,1,200000,,,,,1879,100,181,400,,,,,92495,7,9693,28,,,,,,,,,,,,
powerball,2004-12-04,147 Million,80.3 Million,,,,,15,100000,4,200000,,,,,3231,100,394,400,,,,,140365,7,16215,28,,,,,,,,,,,,
powerball,2004-12-08,171 Million,93.4 Million,,,,,8,100000,1,200000,,,,,2961,100,277,200,,,,,137011,7,13201,14,,,,,,,,,,,,
powerball,2004-12-11,10 Million,5.5 Million,,,,,1,100000,1,200000,,,,,825,100,112,500,,,,,42802,7,6415,35,,,,,,,,,,,,
powerball,2004-12-15,15 Million,8.1 Million,,,,,0,100000,0,200000,,,,,754,100,132,400,,,,,38992,7,6167,28,,,,,,,,,,,,
powerball,2004-12-18,23 Million,12.6 Million,,,,,3,100000,2,200000,,,,,915,100,135,300,,,,,45281,7,7061,21,,,,,,,,,,,,
powerball,2004-12-22,31 Million,17.0 Million,,,,,7,100000,1,200000,,,,,1632,100,268,500,,,,,64588,7,10861,35,,,,,,,,,,,,
powerball,2004-12-25,10 Million,5.5 Million,,,,,4,100000,0,200000,,,,,785,100,135,300,,,,,36283,7,4980,21,,,,,,,,,,,,
powerball,2004-12-29,14 Million,7.6 Million,,,,,2,100000,2,200000,,,,,733,100,97,500,,,,,34419,7,5383,35,,,,,,,,,,,,
powerball,2005-01-01,22 Million,11.8 Million,,,,,3,100000,2,200000,,,,,851,100,132,500,,,,,40396,7,6136,35,,,,,,,,,,,,
powerball,2005-01-05,29 Million,15.7 Million,,,,,1,100000,1,200000,,,,,1030,100,162,500,,,,,48493,7,8186,35,,,,,,,,,,,,
powerball,2005-01-08,37 Million,20.2 Million,,,,,3,100000,3,200000,,,,,1198,100,183,400,,,,,53960,7,8710,28,,,,,,,,,,,,
powerball,2005-01-12,10 Million,5.5 Million,,,,,5,100000,0,200000,,,,,608,100,92,500,,,,,31393,7,5020,35,,,,,,,,,,,,
powerball,2005-01-15,13 Million,7.2 Million,,,,,3,100000,0,200000,,,,,703,100,111,500,,,,,33686,7,5615,35,,,,,,,,,,,,
powerball,2005-01-19,19 Million,10.6 Million,,,,,2,100000,1,200000,,,,,674,100,123,300,,,,,33403,7,5459,21,,,,,,,,,,,,
powerball,2005-01-22,26 Million,14.7 Million,,,,,6,100000,2,200000,,,,,904,100,158,400,,,,,44143,7,7596,28,,,,,,,,,,,,
powerball,2005-01-26,10 Million,5.6 Million,,,,,2,100000,0,200000,,,,,573,100,102,200,,,,,28059,7,4592,14,,,,,,,,,,,,
powerball,2005-01-29,12 Million,6.8 Million,,,,,3,100000,2,200000,,,,,854,100,140,500,,,,,39702,7,6670,35,,,,,,,,,,,,
powerball,2005-02-02,18 Million,10.3 Million,,,,,5,100000,0,200000,,,,,734,100,126,500,,,,,36256,7,6171,35,,,,,,,,,,,,
powerball,2005-02-05,26 Million,14.5 Million,,,,,3,100000,0,200000,,,,,834,100,129,500,,,,,39674,7,6681,35,,,,,,,,,,,,
powerball,2005-02-09,33 Million,18.4 Million,,,,,2,100000,0,200000,,,,,1095,100,195,500,,,,,48016,7,8265,35,,,,,,,,,,,,
powerball,2005-02-12,41 Million,23.0 Million,,,,,5,100000,0,200000,,,,,867,100,124,500,,,,,42881,7,6615,35,,,,,,,,,,,,
powerball,2005-02-16,10 Million,5.7 Million,,,,,2,100000,0,200000,,,,,640,100,104,500,,,,,30373,7,5162,35,,,,,,,,,,,,
powerball,2005-02-19,13 Million,7.0 Million,,,,,5,100000,0,200000,,,,,777,100,137,300,,,,,38352,7,6870,21,,,,,,,,,,,,
powerball,2005-02-23,19 Million,10.4 Million,,,,,0,100000,0,200000,,,,,625,100,94,400,,,,,32042,7,5499,28,,,,,,,,,,,,
powerball,2005-02-26,10 Million,5.6 Million,,,,,2,100000,0,200000,,,,,711,100,117,500,,,,,35565,7,6025,35,,,,,,,,,,,,
powerball,2005-03-02,12 Million,6.8 Million,,,,,1,100000,0,200000,,,,,658,100,134,500,,,,,31668,7,5863,35,,,,,,,,,,,,
powerball,2005-03-05,20 Million,10.8 Million,,,,,9,100000,0,200000,,,,,815,100,130,200,,,,,38869,7,6789,14,,,,,,,,,,,,
powerball,2005-03-09,10 Million,5.4 Million,,,,,6,100000,0,200000,,,,,750,100,131,300,,,,,34337,7,6196,21,,,,,,,,,,,,
powerball,2005-03-12,12 Million,6.8 Million,,,,,3,100000,0,200000,,,,,660,100,102,500,,,,,32815,7,5473,35,,,,,,,,,,,,
powerball,2005-03-16,19 Million,10.2 Million,,,,,1,100000,0,200000,,,,,695,100,113,200,,,,,33883,7,5996,14,,,,,,,,,,,,
powerball,2005-03-19,10 Million,5.5 Million,,,,,1,100000,0,200000,,,,,638,100,109,400,,,,,35066,7,5865,28,,,,,,,,,,,,
powerball,2005-03-23,12 Million,6.6 Million,,,,,4,100000,1,200000,,,,,635,100,100,500,,,,,29064,7,4753,35,,,,,,,,,,,,
powerball,2005-03-26,19 Million,10.4 Million,,,,,5,100000,0,200000,,,,,750,100,105,500,,,,,35887,7,5890,35,,,,,,,,,,,,
powerball,2005-03-30,26 Million,13.9 Million,,,,,89,100000,21,200000,,,,,740,100,125,500,,,,,33229,7,5419,35,,,,,,,,,,,,
powerball,2005-04-02,10 Million,5.5 Million,,,,,2,100000,1,200000,,,,,1111,100,222,500,,,,,47191,7,9505,35,,,,,,,,,,,,
powerball,2005-04-06,12 Million,6.6 Million,,,,,3,100000,0,200000,,,,,754,100,147,300,,,,,35604,7,6698,21,,,,,,,,,,,,
powerball,2005-04-09,19 Million,10.2 Million,,,,,2,100000,0,200000,,,,,678,100,134,300,,,,,33770,7,5930,21,,,,,,,,,,,,
powerball,2005-04-13,25 Million,13.6 Million,,,,,4,100000,0,200000,,,,,632,100,106,500,,,,,29536,7,4790,35,,,,,,,,,,,,
powerball,2005-04-16,32 Million,17.6 Million,,,,,2,100000,2,200000,,,,,772,100,140,200,,,,,36909,7,6058,14,,,,,,,,,,,,
powerball,2005-04-20,38 Million,21.3 Million,,,,,0,100000,1,200000,,,,,743,100,121,500,,,,,36187,7,5952,35,,,,,,,,,,,,
powerball,2005-04-23,46 Million,25.8 Million,,,,,4,100000,1,200000,,,,,994,100,156,300,,,,,48265,7,7975,21,,,,,,,,,,,,
powerball,2005-04-27,54 Million,30.2 Million,,,,,3,100000,1,200000,,,,,922,100,169,500,,,,,47171,7,7636,35,,,,,,,,,,,,
powerball,2005-04-30,63 Million,35.4 Million,,,,,6,100000,2,200000,,,,,1171,100,174,400,,,,,54375,7,8718,28,,,,,,,,,,,,
powerball,2005-05-04,72 Million,40.8 Million,,,,,2,100000,0,200000,,,,,1260,100,204,200,,,,,58287,7,8693,14,,,,,,,,,,,,
powerball,2005-05-07,84 Million,47.2 Million,,,,,5,100000,3,200000,,,,,1345,100,198,200,,,,,63553,7,8840,14,,,,,,,,,,,,
powerball,2005-05-11,97 Million,54.1 Million,,,,,2,100000,1,200000,,,,,1443,100,179,500,,,,,67882,7,8812,35,,,,,,,,,,,,
powerball,2005-05-14,112 Million,63.6 Million,,,,,2,100000,2,200000,,,,,1858,100,246,200,,,,,91628,7,11084,14,,,,,,,,,,,,
powerball,2005-05-18,131 Million,74.0 Million,,,,,7,100000,0,200000,,,,,2666,100,315,500,,,,,124264,7,15290,35,,,,,,,,,,,,
powerball,2005-05-21,153 Million,86.9 Million,,,,,25,100000,6,200000,,,,,5195,100,745,200,,,,,184096,7,25030,14,,,,,,,,,,,,
powerball,2005-05-25,182 Million,103.2 Million,,,,,14,100000,2,200000,,,,,3523,100,300,200,,,,,167280,7,16031,14,,,,,,,,,,,,
powerball,2005-05-28,220 Million,125.3 Million,,,,,29,100000,1,200000,,,,,5392,100,501,400,,,,,257335,7,24505,28,,,,,,,,,,,,
powerball,2005-06-01,10 Million,5.7 Million,,,,,5,100000,0,200000,,,,,741,100,114,200,,,,,33125,7,5042,14,,,,,,,,,,,,
powerball,2005-06-04,14 Million,7.8 Million,,,,,3,100000,0,200000,,,,,736,100,128,400,,,,,38304,7,6499,28,,,,,,,,,,,,
powerball,2005-06-08,20 Million,11.6 Million,,,,,0,100000,0,200000,,,,,676,100,131,500,,,,,34036,7,5463,35,,,,,,,,,,,,
powerball,2005-06-11,28 Million,16.0 Million,,,,,5,100000,1,200000,,,,,1029,100,155,300,,,,,49997,7,8474,21,,,,,,,,,,,,
powerball,2005-06-15,35 Million,20.1 Million,,,,,5,100000,0,200000,,,,,796,100,123,500,,,,,40487,7,6265,35,,,,,,,,,,,,
powerball,2005-06-18,44 Million,25.0 Million,,,,,72,100000,14,200000,,,,,2005,100,358,500,,,,,70656,7,12401,35,,,,,,,,,,,,
powerball,2005-06-22,51 Million,29.5 Million,,,,,7,100000,0,200000,,,,,983,100,153,500,,,,,47257,7,7190,35,,,,,,,,,,,,
powerball,2005-06-25,60 Million,34.7 Million,,,,,1,100000,2,200000,,,,,1061,100,157,200,,,,,55344,7,8351,14,,,,,,,,,,,,
powerball,2005-06-29,10 Million,5.8 Million,,,,,5,100000,0,200000,,,,,712,100,114,500,,,,,34493,7,5733,35,,,,,,,,,,,,
powerball,2005-07-02,10 Million,5.8 Million,,,,,4,100000,0,200000,,,,,752,100,126,400,,,,,36920,7,6578,28,,,,,,,,,,,,
powerball,2005-07-06,12 Million,6.9 Million,,,,,5,100000,0,200000,,,,,862,100,123,400,,,,,36315,7,6551,28,,,,,,,,,,,,
powerball,2005-07-09,18 Million,10.4 Million,,,,,3,100000,0,200000,,,,,693,100,127,500,,,,,34759,7,5636,35,,,,,,,,,,,,
powerball,2005-07-13,24 Million,13.9 Million,,,,,5,100000,0,200000,,,,,879,100,141,400,,,,,44092,7,7663,28,,,,,,,,,,,,
powerball,2005-07-16,32 Million,17.9 Million,,,,,6,100000,0,200000,,,,,793,100,113,500,,,,,39112,7,6202,35,,,,,,,,,,,,
powerball,2005-07-20,38 Million,21.6 Million,,,,,8,100000,1,200000,,,,,767,100,119,200,,,,,36449,7,5761,14,,,,,,,,,,,,
powerball,2005-07-23,46 Million,26.0 Million,,,,,4,100000,0,200000,,,,,984,100,149,500,,,,,47922,7,7805,35,,,,,,,,,,,,
powerball,2005-07-27,53 Million,30.0 Million,,,,,3,100000,3,200000,,,,,1414,100,229,500,,,,,56689,7,9589,35,,,,,,,,,,,,
powerball,2005-07-30,62 Million,35.0 Million,,,,,4,100000,0,200000,,,,,1051,100,156,500,,,,,50262,7,7475,35,,,,,,,,,,,,
powerball,2005-08-03,71 Million,40.1 Million,,,,,5,100000,4,200000,,,,,1512,100,283,500,,,,,59089,7,9549,35,,,,,,,,,,,,
powerball,2005-08-06,82 Million,46.0 Million,,,,,6,100000,0,200000,,,,,1401,100,197,300,,,,,66693,7,9901,21,,,,,,,,,,,,
powerball,2005-08-10,93 Million,52.2 Million,,,,,7,100000,0,200000,,,,,1319,100,184,500,,,,,62687,7,7989,35,,,,,,,,,,,,
powerball,2005-08-13,10 Million,5.6 Million,,,,,1,100000,1,200000,,,,,728,100,111,400,,,,,36884,7,5970,28,,,,,,,,,,,,
powerball,2005-08-17,12 Million,6.9 Million,,,,,1,100000,0,200000,,,,,694,100,122,500,,,,,32902,7,5687,35,,,,,,,,,,,,
powerball,2005-08-20,19 Million,10.7 Million,,,,,2,100000,1,200000,,,,,782,100,117,400,,,,,38895,7,6620,28,,,,,,,,,,,,
powerball,2005-08-24,25 Million,14.2 Million,,,,,6,100000,1,200000,,,,,763,100,120,500,,,,,37671,7,6773,35,,,,,,,,,,,,
powerball,2005-08-27,32 Million,18.3 Million,,,,,7,100000,0,200000,,,,,903,100,157,500,,,,,43312,7,7236,35,,,,,,,,,,,,
powerball,2005-08-31,44 Million,21.9 Million,,,,,1,200000,0,400000,,,,,630,100,97,200,,,,,33306,7,5566,14,,,,,,,,,,,,
powerball,2005-09-03,52 Million,26.4 Million,,,,,2,200000,0,400000,,,,,941,100,139,400,,,,,44030,7,7192,28,,,,,,,,,,,,
powerball,2005-09-07,60 Million,30.6 Million,,,,,2,200000,1,400000,,,,,659,100,100,300,,,,,33611,7,5048,21,,,,,,,,,,,,
powerball,2005-09-10,71 Million,35.7 Million,,,,,4,200000,1,400000,,,,,941,100,134,400,,,,,47361,7,7763,28,,,,,,,,,,,,
powerball,2005-09-14,81 Million,40.8 Million,,,,,3,200000,0,400000,,,,,858,100,137,400,,,,,42970,7,6240,28,,,,,,,,,,,,
powerball,2005-09-17,95 Million,47.1 Million,,,,,3,200000,0,400000,,,,,1183,100,163,200,,,,,58206,7,8668,14,,,,,,,,,,,,
powerball,2005-09-21,110 Million,54.1 Million,,,,,5,200000,0,400000,,,,,1186,100,147,300,,,,,61229,7,7709,21,,,,,,,,,,,,
powerball,2005-09-24,126 Million,62.5 Million,,,,,6,200000,1,400000,,,,,1499,100,181,500,,,,,74065,7,9309,35,,,,,,,,,,,,
powerball,2005-09-28,143 Million,70.9 Million,,,,,8,200000,2,400000,,,,,1671,100,203,200,,,,,83672,7,10389,14,,,,,,,,,,,,
powerball,2005-10-01,167 Million,82.6 Million,,,,,10,200000,1,400000,,,,,1896,100,235,500,,,,,95626,7,11653,35,,,,,,,,,,,,
powerball,2005-10-05,179 Million,88.5 Million,,,,,12,200000,1,400000,,,,,2534,100,315,500,,,,,118150,7,15428,35,,,,,,,,,,,,
powerball,2005-10-08,211 Million,103.2 Million,,,,,10,200000,3,400000,,,,,2889,100,312,500,,,,,145059,7,17135,35,,,,,,,,,,,,
powerball,2005-10-12,247 Million,121.1 Million,,,,,14,200000,1,400000,,,,,3768,100,418,500,,,,,188376,7,21555,35,,,,,,,,,,,,
powerball,2005-10-15,305 Million,147.6 Million,,,,,21,200000,0,400000,,,,,5891,100,747,300,,,,,301164,7,34223,21,,,,,,,,,,,,
powerball,2005-10-19,340 Million,164.4 Million,,,,,47,200000,2,400000,,,,,10332,100,912,500,,,,,515662,7,46314,35,,,,,,,,,,,,
powerball,2005-10-22,15 Million,7.2 Million,,,,,1,200000,0,400000,,,,,758,100,140,500,,,,,39439,7,7219,35,,,,,,,,,,,,
powerball,2005-10-26,20 Million,9.6 Million,,,,,2,200000,0,400000,,,,,703,100,143,300,,,,,36240,7,7408,21,,,,,,,,,,,,
powerball,2005-10-29,27 Million,13.0 Million,,,,,2,200000,0,400000,,,,,800,100,167,400,,,,,41094,7,8336,28,,,,,,,,,,,,
powerball,2005-11-02,36 Million,17.2 Million,,,,,3,200000,2,400000,,,,,939,100,215,500,,,,,47333,7,9808,35,,,,,,,,,,,,
powerball,2005-11-05,15 Million,7.1 Million,,,,,4,200000,0,400000,,,,,702,100,149,400,,,,,37758,7,7475,28,,,,,,,,,,,,
powerball,2005-11-09,20 Million,9.4 Million,,,,,4,200000,1,400000,,,,,732,100,147,200,,,,,38222,7,7674,14,,,,,,,,,,,,
powerball,2005-11-12,25 Million,12.0 Million,,,,,4,200000,1,400000,,,,,644,100,104,400,,,,,33797,7,6250,28,,,,,,,,,,,,
powerball,2005-11-16,31 Million,14.9 Million,,,,,4,200000,0,400000,,,,,782,100,153,300,,,,,39992,7,7754,21,,,,,,,,,,,,
powerball,2005-11-19,40 Million,19.1 Million,,,,,3,200000,0,400000,,,,,769,100,111,300,,,,,38610,7,7008,21,,,,,,,,,,,,
powerball,2005-11-23,49 Million,23.4 Million,,,,,1,200000,0,400000,,,,,1216,100,236,400,,,,,54450,7,10974,28,,,,,,,,,,,,
powerball,2005-11-26,57 Million,27.6 Million,,,,,3,200000,0,400000,,,,,758,100,145,500,,,,,35861,7,6554,35,,,,,,,,,,,,
powerball,2005-11-30,67 Million,32.0 Million,,,,,3,200000,1,400000,,,,,779,100,128,500,,,,,41501,7,7559,35,,,,,,,,,,,,
powerball,2005-12-03,78 Million,37.1 Million,,,,,8,200000,0,400000,,,,,1116,100,205,300,,,,,49671,7,8929,21,,,,,,,,,,,,
powerball,2005-12-07,88 Million,42.2 Million,,,,,6,200000,2,400000,,,,,913,100,161,500,,,,,43877,7,7172,35,,,,,,,,,,,,
powerball,2005-12-10,100 Million,48.4 Million,,,,,3,200000,1,400000,,,,,1252,100,207,400,,,,,59513,7,9510,28,,,,,,,,,,,,
powerball,2005-12-14,113 Million,54.8 Million,,,,,7,200000,1,400000,,,,,1182,100,177,500,,,,,64059,7,9999,35,,,,,,,,,,,,
powerball,2005-12-17,15 Million,7.3 Million,,,,,3,200000,1,400000,,,,,654,100,103,500,,,,,33205,7,6037,35,,,,,,,,,,,,
powerball,2005-12-21,20 Million,9.7 Million,,,,,1,200000,0,400000,,,,,931,100,199,300,,,,,42727,7,8771,21,,,,,,,,,,,,
powerball,2005-12-24,25 Million,12.2 Million,,,,,5,200000,0,400000,,,,,885,100,142,200,,,,,44441,7,7787,14,,,,,,,,,,,,
powerball,2005-12-28,31 Million,15.1 Million,,,,,3,200000,0,400000,,,,,624,100,102,300,,,,,31161,7,6016,21,,,,,,,,,,,,
powerball,2005-12-31,40 Million,19.7 Million,,,,,0,200000,0,400000,,,,,881,100,148,200,,,,,42015,7,7493,14,,,,,,,,,,,,
powerball,2006-01-04,48 Million,23.4 Million,,,,,5,200000,0,400000,,,,,671,100,111,400,,,,,33732,7,5885,28,,,,,,,,,,,,
powerball,2006-01-07,56 Million,28.0 Million,,,,,3,200000,0,400000,,,,,1027,100,180,400,,,,,47208,7,8608,28,,,,,,,,,,,,
powerball,2006-01-11,65 Million,32.4 Million,,,,,8,200000,0,400000,,,,,1348,100,244,200,,,,,54537,7,10337,14,,,,,,,,,,,,
powerball,2006-01-14,77 Million,38.1 Million,,,,,5,200000,3,400000,,,,,1050,100,165,500,,,,,49968,7,8301,35,,,,,,,,,,,,
powerball,2006-01-18,88 Million,43.5 Million,,,,,3,200000,0,400000,,,,,897,100,148,200,,,,,45298,7,7599,14,,,,,,,,,,,,
powerball,2006-01-21,103 Million,50.7 Million,,,,,5,200000,0,400000,,,,,1336,100,203,300,,,,,65948,7,10428,21,,,,,,,,,,,,
powerball,2006-01-25,118 Million,57.9 Million,,,,,6,200000,1,400000,,,,,1252,100,203,500,,,,,64321,7,9420,35,,,,,,,,,,,,
powerball,2006-01-28,138 Million,66.6 Million,,,,,3,200000,1,400000,,,,,1736,100,245,300,,,,,86235,7,13239,21,,,,,,,,,,,,
powerball,2006-02-01,157 Million,76.2 Million,,,,,10,200000,1,400000,,,,,1679,100,236,400,,,,,91365,7,12614,28,,,,,,,,,,,,
powerball,2006-02-04,183 Million,88.1 Million,,,,,6,200000,0,400000,,,,,2592,100,376,400,,,,,125377,7,17844,28,,,,,,,,,,,,
powerball,2006-02-08,213 Million,102.5 Million,,,,,13,200000,2,400000,,,,,2632,100,344,500,,,,,137160,7,16758,35,,,,,,,,,,,,
powerball,2006-02-11,252 Million,122.2 Million,,,,,9,200000,3,400000,,,,,3576,100,394,400,,,,,186525,7,21806,28,,,,,,,,,,,,
powerball,2006-02-15,309 Million,150.0 Million,,,,,14,200000,2,400000,,,,,5684,100,648,500,,,,,285235,7,31243,35,,,,,,,,,,,,
powerball,2006-02-18,365 Million,177.3 Million,,,,,39,200000,3,400000,,,,,9574,100,895,400,,,,,485093,7,45059,28,,,,,,,,,,,,
powerball,2006-02-22,15 Million,7.2 Million,,,,,2,200000,0,400000,,,,,783,100,155,200,,,,,37700,7,7814,14,,,,,,,,,,,,
powerball,2006-02-25,20 Million,9.7 Million,,,,,3,200000,2,400000,,,,,857,100,180,400,,,,,40830,7,8733,28,,,,,,,,,,,,
powerball,2006-03-01,29 Million,14.1 Million,,,,,1,200000,0,400000,,,,,813,100,206,500,,,,,42035,7,9552,35,,,,,,,,,,,,
powerball,2006-03-04,40 Million,19.4 Million,,,,,2,200000,0,400000,,,,,844,100,226,500,,,,,44760,7,11165,35,,,,,,,,,,,,
powerball,2006-03-08,51 Million,24.3 Million,,,,,3,200000,0,400000,,,,,1302,100,334,500,,,,,62519,7,17314,35,,,,,,,,,,,,
powerball,2006-03-11,64 Million,29.9 Million,,,,,2,200000,0,400000,,,,,933,100,232,1000,,,,,46981,7,11868,70,,,,,,,,,,,,
powerball,2006-03-15,75 Million,35.3 Million,,,,,5,200000,2,400000,,,,,940,100,261,500,,,,,48134,7,13538,35,,,,,,,,,,,,
powerball,2006-03-18,88 Million,41.6 Million,,,,,5,200000,1,400000,,,,,1077,100,250,200,,,,,54782,7,14543,14,,,,,,,,,,,,
powerball,2006-03-22,101 Million,48.0 Million,,,,,5,200000,1,400000,,,,,1210,100,296,200,,,,,62058,7,14921,14,,,,,,,,,,,,
powerball,2006-03-25,118 Million,55.5 Million,,,,,6,200000,1,400000,,,,,1412,100,339,400,,,,,69190,7,15561,28,,,,,,,,,,,,
powerball,2006-03-29,133 Million,62.7 Million,,,,,6,200000,1,400000,,,,,1477,100,332,200,,,,,71587,7,16127,14,,,,,,,,,,,,
powerball,2006-04-01,155 Million,71.6 Million,,,,,8,200000,1,400000,,,,,1639,100,343,300,,,,,82724,7,16288,21,,,,,,,,,,,,
powerball,2006-04-05,174 Million,80.4 Million,,,,,7,200000,2,400000,,,,,2101,100,383,200,,,,,97754,7,18858,14,,,,,,,,,,,,
powerball,2006-04-08,198 Million,90.9 Million,,,,,11,200000,3,400000,,,,,1973,100,321,300,,,,,100833,7,16464,21,,,,,,,,,,,,
powerball,2006-04-12,224 Million,102.9 Million,,,,,9,200000,1,400000,,,,,2374,100,331,400,,,,,117181,7,17605,28,,,,,,,,,,,,
powerball,2006-04-15,15 Million,6.9 Million,,,,,3,200000,1,400000,,,,,951,100,224,300,,,,,43930,7,10182,21,,,,,,,,,,,,
powerball,2006-04-19,20 Million,9.2 Million,,,,,4,200000,1,400000,,,,,657,100,130,400,,,,,34059,7,8089,28,,,,,,,,,,,,
powerball,2006-04-22,29 Million,13.1 Million,,,,,8,200000,2,400000,,,,,1402,100,396,500,,,,,56264,7,14357,35,,,,,,,,,,,,
powerball,2006-04-26,39 Million,17.4 Million,,,,,2,200000,0,400000,,,,,773,100,143,400,,,,,38059,7,8944,28,,,,,,,,,,,,
powerball,2006-04-29,50 Million,22.4 Million,,,,,3,200000,3,400000,,,,,906,100,182,500,,,,,44486,7,9901,35,,,,,,,,,,,,
powerball,2006-05-03,61 Million,27.3 Million,,,,,3,200000,2,400000,,,,,1049,100,248,200,,,,,49229,7,11252,14,,,,,,,,,,,,
powerball,2006-05-06,73 Million,32.9 Million,,,,,1,200000,4,400000,,,,,1195,100,277,200,,,,,55649,7,12377,14,,,,,,,,,,,,
powerball,2006-05-10,85 Million,38.2 Million,,,,,8,200000,0,400000,,,,,1049,100,224,300,,,,,55869,7,11793,21,,,,,,,,,,,,
powerball,2006-05-13,102 Million,45.0 Million,,,,,8,200000,1,400000,,,,,1224,100,233,300,,,,,59987,7,11293,21,,,,,,,,,,,,
powerball,2006-05-17,117 Million,51.6 Million,,,,,7,200000,1,400000,,,,,1413,100,256,400,,,,,68568,7,13239,28,,,,,,,,,,,,
powerball,2006-05-20,15 Million,6.7 Million,,,,,3,200000,0,400000,,,,,865,100,196,200,,,,,42153,7,9561,14,,,,,,,,,,,,
powerball,2006-05-24,20 Million,8.9 Million,,,,,2,200000,0,400000,,,,,675,100,131,300,,,,,35991,7,8107,21,,,,,,,,,,,,
powerball,2006-05-27,28 Million,12.4 Million,,,,,6,200000,0,400000,,,,,746,100,169,300,,,,,39818,7,8876,21,,,,,,,,,,,,
powerball,2006-05-31,38 Million,16.9 Million,,,,,2,200000,0,400000,,,,,818,100,165,500,,,,,40261,7,8784,35,,,,,,,,,,,,
powerball,2006-06-03,50 Million,22.2 Million,,,,,2,200000,0,400000,,,,,1103,100,260,500,,,,,54975,7,12687,35,,,,,,,,,,,,
powerball,2006-06-07,61 Million,27.4 Million,,,,,7,200000,2,400000,,,,,1315,100,260,500,,,,,59079,7,13486,35,,,,,,,,,,,,
powerball,2006-06-10,73 Million,33.3 Million,,,,,3,200000,1,400000,,,,,1050,100,198,300,,,,,53983,7,12430,21,,,,,,,,,,,,
powerball,2006-06-14,86 Million,39.0 Million,,,,,2,200000,3,400000,,,,,1006,100,214,300,,,,,51398,7,11102,21,,,,,,,,,,,,
powerball,2006-06-17,102 Million,46.3 Million,,,,,6,200000,0,400000,,,,,1426,100,303,400,,,,,69489,7,14784,28,,,,,,,,,,,,
powerball,2006-06-21,15 Million,6.8 Million,,,,,2,200000,2,400000,,,,,794,100,166,300,,,,,39218,7,9981,21,,,,,,,,,,,,
powerball,2006-06-24,20 Million,8.9 Million,,,,,3,200000,1,400000,,,,,860,100,220,300,,,,,43172,7,10965,21,,,,,,,,,,,,
powerball,2006-06-28,29 Million,13.0 Million,,,,,3,200000,0,400000,,,,,817,100,224,500,,,,,37957,7,9240,35,,,,,,,,,,,,
powerball,2006-07-01,41 Million,18.1 Million,,,,,2,200000,0,400000,,,,,887,100,184,300,,,,,42905,7,10126,21,,,,,,,,,,,,
powerball,2006-07-05,51 Million,22.6 Million,,,,,3,200000,0,400000,,,,,718,100,164,200,,,,,35947,7,8365,14,,,,,,,,,,,,
powerball,2006-07-08,63 Million,28.0 Million,,,,,4,200000,0,400000,,,,,911,100,199,400,,,,,45253,7,10125,28,,,,,,,,,,,,
powerball,2006-07-12,74 Million,33.3 Million,,,,,4,200000,1,400000,,,,,929,100,245,500,,,,,49179,7,11203,35,,,,,,,,,,,,
powerball,2006-07-15,87 Million,39.4 Million,,,,,4,200000,1,400000,,,,,1015,100,217,400,,,,,51072,7,10708,28,,,,,,,,,,,,
powerball,2006-07-19,102 Million,46.2 Million,,,,,6,200000,1,400000,,,,,1690,100,438,400,,,,,60043,7,12197,28,,,,,,,,,,,,
powerball,2006-07-22,119 Million,53.9 Million,,,,,3,200000,1,400000,,,,,1236,100,224,400,,,,,64138,7,12315,28,,,,,,,,,,,,
powerball,2006-07-26,136 Million,61.9 Million,,,,,5,200000,2,400000,,,,,1887,100,401,400,,,,,88752,7,18633,28,,,,,,,,,,,,
powerball,2006-07-29,157 Million,71.3 Million,,,,,6,200000,2,400000,,,,,1729,100,329,400,,,,,86081,7,16224,28,,,,,,,,,,,,
powerball,2006-08-02,180 Million,81.7 Million,,,,,17,200000,3,400000,,,,,2531,100,535,400,,,,,114642,7,23492,28,,,,,,,,,,,,
powerball,2006-08-09,15 Million,6.9 Million,,,,,2,200000,1,400000,,,,,691,100,173,200,,,,,34360,7,8921,14,,,,,,,,,,,,
powerball,2006-08-12,20 Million,9.1 Million,,,,,2,200000,1,400000,,,,,774,100,188,500,,,,,41797,7,11159,35,,,,,,,,,,,,
powerball,2006-08-16,30 Million,13.5 Million,,,,,2,200000,2,400000,,,,,768,100,201,400,,,,,39552,7,10714,28,,,,,,,,,,,,
powerball,2006-08-19,41 Million,18.8 Million,,,,,8,200000,0,400000,,,,,1010,100,254,300,,,,,48408,7,12427,21,,,,,,,,,,,,
powerball,2006-08-23,52 Million,23.8 Million,,,,,6,200000,0,400000,,,,,928,100,225,500,,,,,46268,7,11744,35,,,,,,,,,,,,
powerball,2006-08-26,64 Million,29.6 Million,,,,,3,200000,2,400000,,,,,1031,100,263,500,,,,,50611,7,12388,35,,,,,,,,,,,,
powerball,2006-08-30,76 Million,35.1 Million,,,,,5,200000,0,400000,,,,,997,100,253,400,,,,,52405,7,13082,28,,,,,,,,,,,,
powerball,2006-09-02,89 Million,41.7 Million,,,,,3,200000,1,400000,,,,,1463,100,370,400,,,,,67481,7,16430,28,,,,,,,,,,,,
powerball,2006-09-06,103 Million,48.4 Million,,,,,5,200000,0,400000,,,,,1164,100,236,400,,,,,58589,7,12311,28,,,,,,,,,,,,
powerball,2006-09-09,119 Million,56.3 Million,,,,,6,200000,0,400000,,,,,1517,100,315,200,,,,,78011,7,17231,14,,,,,,,,,,,,
powerball,2006-09-13,136 Million,64.3 Million,,,,,5,200000,3,400000,,,,,1421,100,293,400,,,,,74664,7,14636,28,,,,,,,,,,,,
powerball,2006-09-16,158 Million,73.7 Million,,,,,11,200000,3,400000,,,,,1948,100,375,500,,,,,96793,7,19116,35,,,,,,,,,,,,
powerball,2006-09-20,179 Million,83.2 Million,,,,,5,200000,1,400000,,,,,1924,100,354,200,,,,,100306,7,19051,14,,,,,,,,,,,,
powerball,2006-09-23,201 Million,96.0 Million,,,,,8,200000,0,400000,,,,,2542,100,386,400,,,,,128639,7,20867,28,,,,,,,,,,,,
powerball,2006-09-27,15 Million,7.2 Million,,,,,4,200000,0,400000,,,,,664,100,173,300,,,,,36492,7,8952,21,,,,,,,,,,,,
powerball,2006-09-30,15 Million,7.3 Million,,,,,7,200000,0,400000,,,,,835,100,203,500,,,,,42862,7,11232,35,,,,,,,,,,,,
powerball,2006-10-04,15 Million,7.3 Million,,,,,7,200000,2,400000,,,,,898,100,295,500,,,,,44530,7,12212,35,,,,,,,,,,,,
powerball,2006-10-07,20 Million,9.6 Million,,,,,1,200000,1,400000,,,,,993,100,264,500,,,,,51094,7,14065,35,,,,,,,,,,,,
powerball,2006-10-11,27 Million,13.0 Million,,,,,3,200000,1,400000,,,,,966,100,250,400,,,,,46512,7,12729,28,,,,,,,,,,,,
powerball,2006-10-14,38 Million,17.9 Million,,,,,2,200000,1,400000,,,,,1053,100,255,200,,,,,50088,7,12775,14,,,,,,,,,,,,
powerball,2006-10-18,48 Million,22.4 Million,,,,,2,200000,0,400000,,,,,808,100,204,300,,,,,40710,7,9846,21,,,,,,,,,,,,
powerball,2006-10-21,59 Million,27.7 Million,,,,,5,200000,0,400000,,,,,921,100,193,400,,,,,46994,7,11062,28,,,,,,,,,,,,
powerball,2006-10-25,70 Million,32.7 Million,,,,,1,200000,1,400000,,,,,820,100,185,500,,,,,44347,7,10031,35,,,,,,,,,,,,
powerball,2006-10-28,82 Million,38.5 Million,,,,,3,200000,0,400000,,,,,1606,100,320,500,,,,,56081,7,12467,35,,,,,,,,,,,,
powerball,2006-11-01,94 Million,44.3 Million,,,,,4,200000,1,400000,,,,,1055,100,226,200,,,,,56457,7,12451,14,,,,,,,,,,,,
powerball,2006-11-04,15 Million,7.1 Million,,,,,3,200000,0,400000,,,,,826,100,175,500,,,,,41505,7,10428,35,,,,,,,,,,,,
powerball,2006-11-08,20 Million,9.5 Million,,,,,2,200000,0,400000,,,,,882,100,222,400,,,,,44050,7,12105,28,,,,,,,,,,,,
powerball,2006-11-11,27 Million,12.8 Million,,,,,2,200000,0,400000,,,,,770,100,179,200,,,,,36152,7,8882,14,,,,,,,,,,,,
powerball,2006-11-15,36 Million,17.0 Million,,,,,2,200000,2,400000,,,,,809,100,178,300,,,,,39953,7,9692,21,,,,,,,,,,,,
powerball,2006-11-18,45 Million,21.7 Million,,,,,5,200000,1,400000,,,,,953,100,225,200,,,,,48821,7,12080,14,,,,,,,,,,,,
powerball,2006-11-22,55 Million,26.4 Million,,,,,2,200000,1,400000,,,,,797,100,200,500,,,,,40211,7,8714,35,,,,,,,,,,,,
powerball,2006-11-25,64 Million,31.2 Million,,,,,2,200000,0,400000,,,,,807,100,176,500,,,,,43160,7,10001,35,,,,,,,,,,,,
powerball,2006-11-29,75 Million,36.1 Million,,,,,17,200000,8,400000,,,,,2398,100,674,300,,,,,77076,7,20130,21,,,,,,,,,,,,
powerball,2006-12-02,15 Million,7.4 Million,,,,,1,200000,0,400000,,,,,682,100,141,300,,,,,35579,7,9066,21,,,,,,,,,,,,
powerball,2006-12-06,20 Million,9.8 Million,,,,,1,200000,1,400000,,,,,733,100,180,400,,,,,34643,7,8911,28,,,,,,,,,,,,
powerball,2006-12-09,25 Million,12.4 Million,,,,,4,200000,1,400000,,,,,746,100,157,400,,,,,38948,7,10117,28,,,,,,,,,,,,
powerball,2006-12-13,34 Million,16.6 Million,,,,,0,200000,1,400000,,,,,698,100,160,300,,,,,34897,7,8847,21,,,,,,,,,,,,
powerball,2006-12-16,45 Million,21.6 Million,,,,,2,200000,1,400000,,,,,875,100,185,400,,,,,44853,7,11144,28,,,,,,,,,,,,
powerball,2006-12-20,54 Million,26.2 Million,,,,,6,200000,1,400000,,,,,958,100,217,500,,,,,48140,7,11465,35,,,,,,,,,,,,
powerball,2006-12-23,66 Million,31.8 Million,,,,,4,200000,0,400000,,,,,996,100,214,500,,,,,49334,7,10856,35,,,,,,,,,,,,
powerball,2006-12-27,75 Million,36.6 Million,,,,,2,200000,0,400000,,,,,962,100,250,300,,,,,47855,7,11069,21,,,,,,,,,,,,
powerball,2006-12-30,89 Million,42.6 Million,,,,,4,200000,1,400000,,,,,1211,100,285,500,,,,,61040,7,13768,35,,,,,,,,,,,,
powerball,2007-01-03,102 Million,48.9 Million,,,,,6,200000,2,400000,,,,,1150,100,269,300,,,,,62087,7,13360,21,,,,,,,,,,,,
powerball,2007-01-06,118 Million,56.9 Million,,,,,3,200000,1,400000,,,,,1409,100,247,400,,,,,70457,7,13219,28,,,,,,,,,,,,
powerball,2007-01-10,135 Million,65.1 Million,,,,,4,200000,0,400000,,,,,1500,100,229,200,,,,,71521,7,12552,14,,,,,,,,,,,,
powerball,2007-01-13,157 Million,75.1 Million,,,,,8,200000,1,400000,,,,,2141,100,372,200,,,,,102877,7,18839,14,,,,,,,,,,,,
powerball,2007-01-17,179 Million,85.7 Million,,,,,10,200000,1,400000,,,,,1847,100,262,200,,,,,95201,7,14451,14,,,,,,,,,,,,
powerball,2007-01-20,212 Million,100.7 Million,,,,,6,200000,4,400000,,,,,2974,100,443,500,,,,,153022,7,23226,35,,,,,,,,,,,,
powerball,2007-01-24,254 Million,120.5 Million,,,,,20,200000,3,400000,,,,,4028,100,555,300,,,,,198467,7,27583,21,,,,,,,,,,,,
powerball,2007-01-27,15 Million,7.0 Million,,,,,2,200000,3,400000,,,,,1041,100,260,500,,,,,51024,7,12710,35,,,,,,,,,,,,
powerball,2007-01-31,15 Million,7.0 Million,,,,,1,200000,0,400000,,,,,748,100,197,400,,,,,37168,7,9202,28,,,,,,,,,,,,
powerball,2007-02-03,20 Million,9.4 Million,,,,,2,200000,0,400000,,,,,841,100,209,500,,,,,44531,7,10805,35,,,,,,,,,,,,
powerball,2007-02-07,27 Million,12.8 Million,,,,,3,200000,0,400000,,,,,730,100,171,300,,,,,38647,7,9628,21,,,,,,,,,,,,
powerball,2007-02-10,37 Million,17.7 Million,,,,,5,200000,2,400000,,,,,939,100,243,300,,,,,48297,7,11863,21,,,,,,,,,,,,
powerball,2007-02-14,47 Million,22.1 Million,,,,,1,200000,3,400000,,,,,772,100,188,300,,,,,38462,7,8909,21,,,,,,,,,,,,
powerball,2007-02-17,57 Million,27.2 Million,,,,,3,200000,0,400000,,,,,920,100,231,300,,,,,48192,7,11183,21,,,,,,,,,,,,
powerball,2007-02-21,67 Million,32.2 Million,,,,,1,200000,1,400000,,,,,1085,100,271,300,,,,,53554,7,12656,21,,,,,,,,,,,,
powerball,2007-02-24,79 Million,37.8 Million,,,,,6,200000,1,400000,,,,,957,100,209,300,,,,,48895,7,10522,21,,,,,,,,,,,,
powerball,2007-02-28,92 Million,43.7 Million,,,,,4,200000,2,400000,,,,,1048,100,230,300,,,,,52245,7,10689,21,,,,,,,,,,,,
powerball,2007-03-03,106 Million,51.3 Million,,,,,9,200000,3,400000,,,,,1525,100,308,300,,,,,76427,7,16163,21,,,,,,,,,,,,
powerball,2007-03-07,124 Million,59.5 Million,,,,,8,200000,0,400000,,,,,1646,100,271,500,,,,,80537,7,15527,35,,,,,,,,,,,,
powerball,2007-03-10,142 Million,68.6 Million,,,,,5,200000,1,400000,,,,,1714,100,328,500,,,,,83517,7,15320,35,,,,,,,,,,,,
powerball,2007-03-14,161 Million,77.7 Million,,,,,8,200000,0,400000,,,,,1777,100,293,200,,,,,89249,7,15749,14,,,,,,,,,,,,
powerball,2007-03-17,183 Million,88.1 Million,,,,,5,200000,3,400000,,,,,2094,100,373,300,,,,,100725,7,17959,21,,,,,,,,,,,,
powerball,2007-03-21,15 Million,7.2 Million,,,,,4,200000,0,400000,,,,,720,100,168,500,,,,,37133,7,8294,35,,,,,,,,,,,,
powerball,2007-03-24,20 Million,9.5 Million,,,,,1,200000,0,400000,,,,,790,100,185,500,,,,,39955,7,9410,35,,,,,,,,,,,,
powerball,2007-03-28,30 Million,14.1 Million,,,,,1,200000,0,400000,,,,,794,100,207,200,,,,,38611,7,9254,14,,,,,,,,,,,,
powerball,2007-03-31,41 Million,19.3 Million,,,,,5,200000,0,400000,,,,,996,100,238,200,,,,,50659,7,12074,14,,,,,,,,,,,,
powerball,2007-04-04,15 Million,7.1 Million,,,,,2,200000,0,400000,,,,,685,100,169,500,,,,,34034,7,9402,35,,,,,,,,,,,,
powerball,2007-04-07,15 Million,7.1 Million,,,,,2,200000,5,400000,,,,,690,100,203,400,,,,,35620,7,10146,28,,,,,,,,,,,,
powerball,2007-04-11,20 Million,9.4 Million,,,,,8,200000,1,400000,,,,,711,100,246,200,,,,,34196,7,10134,14,,,,,,,,,,,,
powerball,2007-04-14,28 Million,13.0 Million,,,,,5,200000,1,400000,,,,,768,100,255,1000,,,,,41425,7,12040,70,,,,,,,,,,,,
powerball,2007-04-18,37 Million,17.3 Million,,,,,10,200000,1,400000,,,,,1397,100,519,300,,,,,57167,7,19504,21,,,,,,,,,,,,
powerball,2007-04-21,47 Million,22.1 Million,,,,,2,200000,1,400000,,,,,829,100,251,400,,,,,43447,7,13127,28,,,,,,,,,,,,
powerball,2007-04-25,57 Million,26.7 Million,,,,,2,200000,0,400000,,,,,858,100,277,400,,,,,42423,7,12804,28,,,,,,,,,,,,
powerball,2007-04-28,68 Million,31.9 Million,,,,,3,200000,0,400000,,,,,891,100,237,400,,,,,44626,7,12609,28,,,,,,,,,,,,
powerball,2007-05-02,15 Million,7.1 Million,,,,,3,200000,1,400000,,,,,633,100,182,300,,,,,32011,7,9374,21,,,,,,,,,,,,
powerball,2007-05-05,20 Million,9.4 Million,,,,,3,200000,1,400000,,,,,760,100,239,200,,,,,37813,7,10876,14,,,,,,,,,,,,
powerball,2007-05-09,25 Million,11.8 Million,,,,,5,200000,2,400000,,,,,649,100,179,400,,,,,33802,7,9618,28,,,,,,,,,,,,
powerball,2007-05-12,34 Million,16.2 Million,,,,,1,200000,1,400000,,,,,719,100,188,300,,,,,36025,7,9674,21,,,,,,,,,,,,
powerball,2007-05-16,43 Million,20.3 Million,,,,,9,200000,1,400000,,,,,794,100,246,200,,,,,41884,7,11076,14,,,,,,,,,,,,
powerball,2007-05-19,53 Million,25.0 Million,,,,,7,200000,4,400000,,,,,1052,100,271,200,,,,,49938,7,13539,14,,,,,,,,,,,,
powerball,2007-05-23,63 Million,29.5 Million,,,,,6,200000,1,400000,,,,,1092,100,266,400,,,,,48073,7,12344,28,,,,,,,,,,,,
powerball,2007-05-26,15 Million,6.9 Million,,,,,0,200000,0,400000,,,,,646,100,185,400,,,,,36222,7,9527,28,,,,,,,,,,,,
powerball,2007-05-30,20 Million,9.2 Million,,,,,1,200000,0,400000,,,,,533,100,156,200,,,,,29485,7,7947,14,,,,,,,,,,,,
powerball,2007-06-02,25 Million,11.6 Million,,,,,1,200000,2,400000,,,,,751,100,182,500,,,,,38517,7,9958,35,,,,,,,,,,,,
powerball,2007-06-06,34 Million,15.6 Million,,,,,3,200000,1,400000,,,,,728,100,209,400,,,,,38719,7,10281,28,,,,,,,,,,,,
powerball,2007-06-09,45 Million,20.2 Million,,,,,3,200000,0,400000,,,,,955,100,294,200,,,,,46402,7,12187,14,,,,,,,,,,,,
powerball,2007-06-13,55 Million,24.6 Million,,,,,6,200000,0,400000,,,,,853,100,205,300,,,,,41672,7,10643,21,,,,,,,,,,,,
powerball,2007-06-16,66 Million,29.8 Million,,,,,1,200000,2,400000,,,,,937,100,221,500,,,,,44814,7,10587,35,,,,,,,,,,,,
powerball,2007-06-20,77 Million,34.7 Million,,,,,6,200000,0,400000,,,,,804,100,185,300,,,,,41222,7,9399,21,,,,,,,,,,,,
powerball,2007-06-23,91 Million,40.5 Million,,,,,4,200000,0,400000,,,,,901,100,200,400,,,,,49726,7,11068,28,,,,,,,,,,,,
powerball,2007-06-27,106 Million,46.8 Million,,,,,8,200000,0,400000,,,,,1463,100,316,400,,,,,68820,7,15406,28,,,,,,,,,,,,
powerball,2007-06-30,15 Million,6.7 Million,,,,,2,200000,1,400000,,,,,665,100,173,300,,,,,34796,7,8762,21,,,,,,,,,,,,
powerball,2007-07-04,20 Million,8.9 Million,,,,,0,200000,1,400000,,,,,681,100,163,500,,,,,34909,7,8814,35,,,,,,,,,,,,
powerball,2007-07-07,30 Million,13.5 Million,,,,,1,200000,3,400000,,,,,1096,100,225,300,,,,,50189,7,11628,21,,,,,,,,,,,,
powerball,2007-07-11,39 Million,17.6 Million,,,,,2,200000,2,400000,,,,,716,100,185,500,,,,,36286,7,9143,35,,,,,,,,,,,,
powerball,2007-07-14,50 Million,22.5 Million,,,,,4,200000,3,400000,,,,,869,100,175,500,,,,,43509,7,10292,35,,,,,,,,,,,,
powerball,2007-07-18,60 Million,27.0 Million,,,,,0,200000,1,400000,,,,,868,100,220,400,,,,,45858,7,10736,28,,,,,,,,,,,,
powerball,2007-07-21,71 Million,32.1 Million,,,,,3,200000,0,400000,,,,,955,100,223,400,,,,,46311,7,10343,28,,,,,,,,,,,,
powerball,2007-07-25,82 Million,37.1 Million,,,,,5,200000,0,400000,,,,,863,100,177,500,,,,,44394,7,9605,35,,,,,,,,,,,,
powerball,2007-07-28,93 Million,43.1 Million,,,,,5,200000,0,400000,,,,,1270,100,301,500,,,,,61978,7,14804,35,,,,,,,,,,,,
powerball,2007-08-01,107 Million,49.6 Million,,,,,3,200000,1,400000,,,,,1241,100,246,500,,,,,61766,7,12922,35,,,,,,,,,,,,
powerball,2007-08-04,123 Million,57.3 Million,,,,,4,200000,3,400000,,,,,1517,100,352,200,,,,,78382,7,16681,14,,,,,,,,,,,,
powerball,2007-08-08,141 Million,65.3 Million,,,,,9,200000,1,400000,,,,,1651,100,327,200,,,,,83797,7,16374,14,,,,,,,,,,,,
powerball,2007-08-11,160 Million,74.9 Million,,,,,10,200000,0,400000,,,,,1924,100,389,400,,,,,97654,7,18801,28,,,,,,,,,,,,
powerball,2007-08-15,184 Million,85.9 Million,,,,,13,200000,3,400000,,,,,2013,100,333,200,,,,,104532,7,18304,14,,,,,,,,,,,,
powerball,2007-08-18,214 Million,100.0 Million,,,,,6,200000,3,400000,,,,,2748,100,455,500,,,,,138457,7,22796,35,,,,,,,,,,,,
powerball,2007-08-22,252 Million,117.8 Million,,,,,12,200000,2,400000,,,,,3206,100,479,400,,,,,165507,7,24846,28,,,,,,,,,,,,
powerball,2007-08-25,314 Million,146.0 Million,,,,,31,200000,5,400000,,,,,5967,100,825,300,,,,,296521,7,42169,21,,,,,,,,,,,,
powerball,2007-08-29,15 Million,7.0 Million,,,,,3,200000,2,400000,,,,,840,100,214,300,,,,,39995,7,9742,21,,,,,,,,,,,,
powerball,2007-09-01,20 Million,9.4 Million,,,,,2,200000,1,400000,,,,,957,100,248,400,,,,,47871,7,12541,28,,,,,,,,,,,,
powerball,2007-09-05,29 Million,13.7 Million,,,,,3,200000,1,400000,,,,,776,100,211,200,,,,,40550,7,10782,14,,,,,,,,,,,,
powerball,2007-09-08,15 Million,7.1 Million,,,,,3,200000,0,400000,,,,,952,100,254,200,,,,,48398,7,12721,14,,,,,,,,,,,,
powerball,2007-09-12,20 Million,9.4 Million,,,,,3,200000,1,400000,,,,,714,100,183,400,,,,,39730,7,10371,28,,,,,,,,,,,,
powerball,2007-09-15,29 Million,13.7 Million,,,,,3,200000,0,400000,,,,,777,100,195,500,,,,,40634,7,10178,35,,,,,,,,,,,,
powerball,2007-09-19,38 Million,18.3 Million,,,,,2,200000,2,400000,,,,,674,100,200,300,,,,,37278,7,9229,21,,,,,,,,,,,,
powerball,2007-09-22,51 Million,23.5 Million,,,,,2,200000,2,400000,,,,,926,100,237,300,,,,,46880,7,11466,21,,,,,,,,,,,,
powerball,2007-09-26,62 Million,28.6 Million,,,,,5,200000,0,400000,,,,,861,100,221,200,,,,,43608,7,10197,14,,,,,,,,,,,,
powerball,2007-09-29,15 Million,7.0 Million,,,,,4,200000,1,400000,,,,,713,100,142,300,,,,,35584,7,8690,21,,,,,,,,,,,,
powerball,2007-10-03,15 Million,7.0 Million,,,,,9,200000,1,400000,,,,,991,100,285,400,,,,,45170,7,12266,28,,,,,,,,,,,,
powerball,2007-10-06,15 Million,7.1 Million,,,,,3,200000,0,400000,,,,,707,100,183,300,,,,,36256,7,9101,21,,,,,,,,,,,,
powerball,2007-10-10,20 Million,9.4 Million,,,,,4,200000,0,400000,,,,,713,100,183,400,,,,,34569,7,8802,28,,,,,,,,,,,,
powerball,2007-10-13,15 Million,7.0 Million,,,,,4,200000,0,400000,,,,,756,100,198,300,,,,,35319,7,8622,21,,,,,,,,,,,,
powerball,2007-10-17,20 Million,9.4 Million,,,,,2,200000,2,400000,,,,,623,100,173,400,,,,,33781,7,9197,28,,,,,,,,,,,,
powerball,2007-10-20,26 Million,12.0 Million,,,,,3,200000,2,400000,,,,,845,100,266,300,,,,,37538,7,9473,21,,,,,,,,,,,,
powerball,2007-10-24,34 Million,15.9 Million,,,,,1,200000,0,400000,,,,,628,100,140,400,,,,,35288,7,8615,28,,,,,,,,,,,,
powerball,2007-10-27,42 Million,20.5 Million,,,,,7,200000,1,400000,,,,,1034,100,210,400,,,,,44067,7,10770,28,,,,,,,,,,,,
powerball,2007-10-31,51 Million,24.7 Million,,,,,1,200000,0,400000,,,,,939,100,193,200,,,,,43063,7,10767,14,,,,,,,,,,,,
powerball,2007-11-03,61 Million,29.7 Million,,,,,3,200000,2,400000,,,,,885,100,209,200,,,,,43506,7,9831,14,,,,,,,,,,,,
powerball,2007-11-07,71 Million,34.5 Million,,,,,4,200000,1,400000,,,,,872,100,188,500,,,,,42250,7,9023,35,,,,,,,,,,,,
powerball,2007-11-10,84 Million,40.1 Million,,,,,7,200000,0,400000,,,,,1349,100,293,400,,,,,63163,7,14910,28,,,,,,,,,,,,
powerball,2007-11-14,96 Million,45.7 Million,,,,,5,200000,0,400000,,,,,1159,100,253,200,,,,,56570,7,12574,14,,,,,,,,,,,,
powerball,2007-11-17,107 Million,52.7 Million,,,,,3,200000,1,400000,,,,,1246,100,239,300,,,,,63573,7,12468,21,,,,,,,,,,,,
powerball,2007-11-21,121 Million,59.9 Million,,,,,7,200000,2,400000,,,,,1671,100,334,200,,,,,83584,7,17100,14,,,,,,,,,,,,
powerball,2007-11-24,135 Million,67.0 Million,,,,,6,200000,1,400000,,,,,1837,100,396,500,,,,,83255,7,17632,35,,,,,,,,,,,,
powerball,2007-11-28,152 Million,75.2 Million,,,,,5,200000,1,400000,,,,,1722,100,321,300,,,,,82739,7,15272,21,,,,,,,,,,,,
powerball,2007-12-01,15 Million,7.5 Million,,,,,0,200000,0,400000,,,,,733,100,165,200,,,,,37946,7,8932,14,,,,,,,,,,,,
powerball,2007-12-05,20 Million,10.0 Million,,,,,1,200000,2,400000,,,,,811,100,196,300,,,,,39321,7,10286,21,,,,,,,,,,,,
powerball,2007-12-08,25 Million,12.4 Million,,,,,2,200000,3,400000,,,,,1116,100,295,300,,,,,50048,7,13517,21,,,,,,,,,,,,
powerball,2007-12-12,34 Million,16.5 Million,,,,,4,200000,1,400000,,,,,732,100,190,500,,,,,37513,7,8834,35,,,,,,,,,,,,
powerball,2007-12-15,15 Million,7.3 Million,,,,,1,200000,1,400000,,,,,678,100,192,300,,,,,33174,7,8233,21,,,,,,,,,,,,
powerball,2007-12-19,20 Million,9.8 Million,,,,,1,200000,0,400000,,,,,729,100,202,300,,,,,37972,7,9475,21,,,,,,,,,,,,
powerball,2007-12-22,25 Million,12.5 Million,,,,,5,200000,1,400000,,,,,891,100,234,400,,,,,47642,7,11968,28,,,,,,,,,,,,
powerball,2007-12-26,33 Million,16.6 Million,,,,,1,200000,1,400000,,,,,615,100,156,300,,,,,33286,7,7457,21,,,,,,,,,,,,
powerball,2007-12-29,44 Million,21.4 Million,,,,,2,200000,0,400000,,,,,907,100,218,400,,,,,47185,7,11553,28,,,,,,,,,,,,
powerball,2008-01-02,53 Million,25.7 Million,,,,,1,200000,0,400000,,,,,829,100,174,400,,,,,40145,7,9570,28,,,,,,,,,,,,
powerball,2008-01-05,63 Million,31.1 Million,,,,,5,200000,1,400000,,,,,1106,100,276,400,,,,,53780,7,12887,28,,,,,,,,,,,,
powerball,2008-01-09,73 Million,36.2 Million,,,,,10,200000,2,400000,,,,,1228,100,286,300,,,,,55215,7,13289,21,,,,,,,,,,,,
powerball,2008-01-12,85 Million,42.3 Million,,,,,5,200000,1,400000,,,,,1119,100,240,300,,,,,52721,7,11440,21,,,,,,,,,,,,
powerball,2008-01-16,97 Million,48.5 Million,,,,,8,200000,0,400000,,,,,1286,100,282,500,,,,,59750,7,13127,35,,,,,,,,,,,,
powerball,2008-01-19,15 Million,7.5 Million,,,,,4,200000,2,400000,,,,,946,100,258,500,,,,,41975,7,10629,35,,,,,,,,,,,,
powerball,2008-01-23,20 Million,10.0 Million,,,,,1,200000,1,400000,,,,,619,100,143,300,,,,,32450,7,8248,21,,,,,,,,,,,,
powerball,2008-01-26,26 Million,12.7 Million,,,,,2,200000,1,400000,,,,,731,100,190,200,,,,,36058,7,8828,14,,,,,,,,,,,,
powerball,2008-01-30,34 Million,16.9 Million,,,,,2,200000,1,400000,,,,,646,100,141,200,,,,,32881,7,7973,14,,,,,,,,,,,,
powerball,2008-02-02,44 Million,21.8 Million,,,,,3,200000,1,400000,,,,,884,100,215,300,,,,,46417,7,11505,21,,,,,,,,,,,,
powerball,2008-02-06,53 Million,26.4 Million,,,,,6,200000,1,400000,,,,,869,100,203,500,,,,,46769,7,11400,35,,,,,,,,,,,,
powerball,2008-02-09,65 Million,31.8 Million,,,,,2,200000,0,400000,,,,,1028,100,230,500,,,,,51521,7,12184,35,,,,,,,,,,,,
powerball,2008-02-13,75 Million,36.7 Million,,,,,4,200000,1,400000,,,,,899,100,226,300,,,,,43277,7,9990,21,,,,,,,,,,,,
powerball,2008-02-16,89 Million,42.7 Million,,,,,6,200000,0,400000,,,,,1244,100,294,300,,,,,62926,7,15011,21,,,,,,,,,,,,
powerball,2008-02-20,104 Million,49.6 Million,,,,,6,200000,0,400000,,,,,1552,100,364,300,,,,,73611,7,15938,21,,,,,,,,,,,,
powerball,2008-02-23,118 Million,57.5 Million,,,,,9,200000,1,400000,,,,,1675,100,346,300,,,,,80221,7,16755,21,,,,,,,,,,,,
powerball,2008-02-27,135 Million,65.9 Million,,,,,11,200000,2,400000,,,,,1576,100,284,500,,,,,73860,7,13517,35,,,,,,,,,,,,
powerball,2008-03-01,153 Million,75.9 Million,,,,,8,200000,1,400000,,,,,1781,100,365,400,,,,,95056,7,18450,28,,,,,,,,,,,,
powerball,2008-03-05,175 Million,86.7 Million,,,,,11,200000,1,400000,,,,,2365,100,470,300,,,,,117598,7,22450,21,,,,,,,,,,,,
powerball,2008-03-08,205 Million,100.9 Million,,,,,13,200000,3,400000,,,,,2743,100,386,200,,,,,133583,7,22233,14,,,,,,,,,,,,
powerball,2008-03-12,239 Million,117.6 Million,,,,,16,200000,0,400000,,,,,3442,100,531,400,,,,,169720,7,25977,28,,,,,,,,,,,,
powerball,2008-03-15,276 Million,139.4 Million,,,,,12,200000,2,400000,,,,,4192,100,528,200,,,,,209553,7,28307,14,,,,,,,,,,,,
powerball,2008-03-19,15 Million,7.6 Million,,,,,4,200000,1,400000,,,,,766,100,150,400,,,,,40496,7,9174,28,,,,,,,,,,,,
powerball,2008-03-22,20 Million,10.3 Million,,,,,5,200000,0,400000,,,,,823,100,219,300,,,,,43484,7,10345,21,,,,,,,,,,,,
powerball,2008-03-26,27 Million,14.0 Million,,,,,1,200000,0,400000,,,,,843,100,211,200,,,,,41621,7,10517,14,,,,,,,,,,,,
powerball,2008-03-29,38 Million,19.2 Million,,,,,2,200000,2,400000,,,,,953,100,221,500,,,,,47117,7,11350,35,,,,,,,,,,,,
powerball,2008-04-02,47 Million,24.0 Million,,,,,2,200000,2,400000,,,,,757,100,181,400,,,,,38476,7,9774,28,,,,,,,,,,,,
powerball,2008-04-05,58 Million,29.6 Million,,,,,7,200000,1,400000,,,,,1093,100,289,500,,,,,55628,7,15557,35,,,,,,,,,,,,
powerball,2008-04-09,69 Million,34.9 Million,,,,,5,200000,1,400000,,,,,1016,100,315,400,,,,,50912,7,14297,28,,,,,,,,,,,,
powerball,2008-04-12,80 Million,41.0 Million,,,,,3,200000,0,400000,,,,,963,100,249,400,,,,,50120,7,12953,28,,,,,,,,,,,,
powerball,2008-04-16,92 Million,47.0 Million,,,,,3,200000,2,400000,,,,,1188,100,316,1000,,,,,60326,7,15430,70,,,,,,,,,,,,
powerball,2008-04-19,111 Million,54.3 Million,,,,,7,200000,3,400000,,,,,1500,100,439,300,,,,,72511,7,18994,21,,,,,,,,,,,,
powerball,2008-04-23,126 Million,61.6 Million,,,,,5,200000,0,400000,,,,,1366,100,349,1000,,,,,72394,7,17872,70,,,,,,,,,,,,
powerball,2008-04-26,143 Million,69.7 Million,,,,,10,200000,1,400000,,,,,2203,100,623,500,,,,,99654,7,26519,35,,,,,,,,,,,,
powerball,2008-04-30,161 Million,78.2 Million,,,,,8,200000,0,400000,,,,,1465,100,326,300,,,,,79193,7,17890,21,,,,,,,,,,,,
powerball,2008-05-03,180 Million,88.0 Million,,,,,9,200000,4,400000,,,,,1925,100,387,300,,,,,93252,7,18722,21,,,,,,,,,,,,
powerball,2008-05-07,15 Million,7.3 Million,,,,,3,200000,1,400000,,,,,803,100,203,200,,,,,39849,7,11172,14,,,,,,,,,,,,
powerball,2008-05-10,20 Million,9.7 Million,,,,,7,200000,2,400000,,,,,885,100,233,200,,,,,41542,7,11291,14,,,,,,,,,,,,
powerball,2008-05-14,26 Million,12.5 Million,,,,,3,200000,2,400000,,,,,787,100,226,200,,,,,37871,7,10317,14,,,,,,,,,,,,
powerball,2008-05-17,35 Million,17.2 Million,,,,,3,200000,1,400000,,,,,933,100,242,300,,,,,47179,7,12490,21,,,,,,,,,,,,
powerball,2008-05-21,15 Million,7.3 Million,,,,,5,200000,1,400000,,,,,941,100,269,400,,,,,40849,7,10956,28,,,,,,,,,,,,
powerball,2008-05-24,20 Million,9.7 Million,,,,,0,200000,1,400000,,,,,717,100,178,200,,,,,34366,7,8625,14,,,,,,,,,,,,
powerball,2008-05-28,25 Million,12.1 Million,,,,,2,200000,1,400000,,,,,745,100,230,200,,,,,35273,7,9223,14,,,,,,,,,,,,
powerball,2008-05-31,34 Million,16.2 Million,,,,,8,200000,5,400000,,,,,1457,100,495,400,,,,,60602,7,17384,28,,,,,,,,,,,,
powerball,2008-06-04,15 Million,7.1 Million,,,,,4,200000,0,400000,,,,,645,100,180,300,,,,,33852,7,9271,21,,,,,,,,,,,,
powerball,2008-06-07,20 Million,9.6 Million,,,,,1,200000,2,400000,,,,,794,100,166,200,,,,,37395,7,9642,14,,,,,,,,,,,,
powerball,2008-06-11,25 Million,12.0 Million,,,,,0,200000,2,400000,,,,,877,100,264,500,,,,,42763,7,11941,35,,,,,,,,,,,,
powerball,2008-06-14,34 Million,16.2 Million,,,,,5,200000,1,400000,,,,,909,100,230,400,,,,,45304,7,12066,28,,,,,,,,,,,,
powerball,2008-06-18,43 Million,20.6 Million,,,,,4,200000,2,400000,,,,,801,100,191,400,,,,,39634,7,10585,28,,,,,,,,,,,,
powerball,2008-06-21,54 Million,25.6 Million,,,,,5,200000,0,400000,,,,,1015,100,291,200,,,,,52755,7,14552,14,,,,,,,,,,,,
powerball,2008-06-25,64 Million,30.4 Million,,,,,4,200000,1,400000,,,,,763,100,179,200,,,,,41050,7,9721,14,,,,,,,,,,,,
powerball,2008-06-28,74 Million,35.9 Million,,,,,2,200000,1,400000,,,,,1076,100,253,300,,,,,51149,7,12139,21,,,,,,,,,,,,
powerball,2008-07-02,85 Million,41.3 Million,,,,,2,200000,0,400000,,,,,895,100,193,500,,,,,44254,7,10027,35,,,,,,,,,,,,
powerball,2008-07-05,15 Million,7.4 Million,,,,,2,200000,2,400000,,,,,658,100,173,500,,,,,34150,7,8426,35,,,,,,,,,,,,
powerball,2008-07-09,20 Million,9.8 Million,,,,,3,200000,0,400000,,,,,660,100,174,400,,,,,33896,7,9067,28,,,,,,,,,,,,
powerball,2008-07-12,25 Million,12.6 Million,,,,,2,200000,1,400000,,,,,1013,100,297,200,,,,,45306,7,12589,14,,,,,,,,,,,,
powerball,2008-07-16,34 Million,16.8 Million,,,,,11,200000,0,400000,,,,,875,100,204,400,,,,,42206,7,10934,28,,,,,,,,,,,,
powerball,2008-07-19,45 Million,21.6 Million,,,,,2,200000,1,400000,,,,,773,100,153,300,,,,,37354,7,9169,21,,,,,,,,,,,,
powerball,2008-07-23,54 Million,26.2 Million,,,,,3,200000,0,400000,,,,,786,100,162,400,,,,,38912,7,9168,28,,,,,,,,,,,,
powerball,2008-07-26,65 Million,31.4 Million,,,,,3,200000,0,400000,,,,,837,100,180,400,,,,,44018,7,10468,28,,,,,,,,,,,,
powerball,2008-07-30,75 Million,36.5 Million,,,,,5,200000,2,400000,,,,,789,100,191,300,,,,,41481,7,9639,21,,,,,,,,,,,,
powerball,2008-08-02,86 Million,42.5 Million,,,,,3,200000,1,400000,,,,,982,100,235,500,,,,,54424,7,12489,35,,,,,,,,,,,,
powerball,2008-08-06,15 Million,7.4 Million,,,,,4,200000,0,400000,,,,,593,100,136,400,,,,,31674,7,7924,28,,,,,,,,,,,,
powerball,2008-08-09,20 Million,9.6 Million,,,,,5,200000,1,400000,,,,,628,100,170,500,,,,,34841,7,8585,35,,,,,,,,,,,,
powerball,2008-08-13,26 Million,12.3 Million,,,,,7,200000,3,400000,,,,,1171,100,383,400,,,,,49241,7,14647,28,,,,,,,,,,,,
powerball,2008-08-16,35 Million,16.9 Million,,,,,5,200000,2,400000,,,,,728,100,186,500,,,,,38274,7,9369,35,,,,,,,,,,,,
powerball,2008-08-20,43 Million,21.1 Million,,,,,3,200000,0,400000,,,,,696,100,172,200,,,,,38429,7,9750,14,,,,,,,,,,,,
powerball,2008-08-23,53 Million,25.8 Million,,,,,0,200000,2,400000,,,,,873,100,218,300,,,,,43722,7,10856,21,,,,,,,,,,,,
powerball,2008-08-27,62 Million,30.3 Million,,,,,4,200000,1,400000,,,,,804,100,176,200,,,,,39572,7,9206,14,,,,,,,,,,,,
powerball,2008-08-30,71 Million,35.5 Million,,,,,8,200000,0,400000,,,,,989,100,213,300,,,,,49942,7,11886,21,,,,,,,,,,,,
powerball,2008-09-03,81 Million,40.4 Million,,,,,4,200000,0,400000,,,,,834,100,189,200,,,,,40578,7,9109,14,,,,,,,,,,,,
powerball,2008-09-06,92 Million,46.6 Million,,,,,4,200000,1,400000,,,,,1030,100,234,400,,,,,53836,7,11777,28,,,,,,,,,,,,
powerball,2008-09-10,105 Million,53.5 Million,,,,,5,200000,1,400000,,,,,1200,100,232,200,,,,,61101,7,12362,14,,,,,,,,,,,,
powerball,2008-09-13,121 Million,61.4 Million,,,,,12,200000,2,400000,,,,,1538,100,296,200,,,,,73818,7,14783,14,,,,,,,,,,,,
powerball,2008-09-17,137 Million,69.5 Million,,,,,7,200000,2,400000,,,,,1704,100,328,300,,,,,82955,7,16433,21,,,,,,,,,,,,
powerball,2008-09-20,157 Million,79.0 Million,,,,,2,200000,2,400000,,,,,1733,100,292,500,,,,,88459,7,15991,35,,,,,,,,,,,,
powerball,2008-09-24,177 Million,89.4 Million,,,,,9,200000,0,400000,,,,,2229,100,368,500,,,,,104647,7,18981,35,,,,,,,,,,,,
powerball,2008-09-27,207 Million,102.9 Million,,,,,15,200000,3,400000,,,,,2759,100,438,400,,,,,129332,7,21196,28,,,,,,,,,,,,
powerball,2008-10-01,15 Million,7.5 Million,,,,,0,200000,0,400000,,,,,667,100,148,200,,,,,36445,7,8817,14,,,,,,,,,,,,
powerball,2008-10-04,20 Million,10.3 Million,,,,,3,200000,1,400000,,,,,768,100,200,500,,,,,41650,7,10372,35,,,,,,,,,,,,
powerball,2008-10-08,15 Million,7.7 Million,,,,,4,200000,2,400000,,,,,654,100,199,400,,,,,35194,7,9323,28,,,,,,,,,,,,
powerball,2008-10-11,20 Million,10.1 Million,,,,,5,200000,0,400000,,,,,912,100,240,400,,,,,48636,7,13463,28,,,,,,,,,,,,
powerball,2008-10-15,25 Million,12.7 Million,,,,,2,200000,2,400000,,,,,752,100,148,400,,,,,35746,7,9338,28,,,,,,,,,,,,
powerball,2008-10-18,34 Million,16.4 Million,,,,,2,200000,1,400000,,,,,864,100,195,400,,,,,40753,7,10377,28,,,,,,,,,,,,
powerball,2008-10-22,42 Million,20.6 Million,,,,,2,200000,1,400000,,,,,717,100,153,300,,,,,36535,7,8969,21,,,,,,,,,,,,
powerball,2008-10-25,50 Million,25.6 Million,,,,,2,200000,2,400000,,,,,895,100,197,200,,,,,45742,7,10948,14,,,,,,,,,,,,
powerball,2008-10-29,59 Million,30.2 Million,,,,,2,200000,0,400000,,,,,693,100,163,200,,,,,38572,7,9021,14,,,,,,,,,,,,
powerball,2008-11-01,15 Million,7.5 Million,,,,,4,200000,1,400000,,,,,712,100,165,400,,,,,38472,7,9708,28,,,,,,,,,,,,
powerball,2008-11-05,20 Million,10.0 Million,,,,,2,200000,2,400000,,,,,755,100,173,200,,,,,38266,7,9938,14,,,,,,,,,,,,
powerball,2008-11-08,25 Million,12.5 Million,,,,,3,200000,1,400000,,,,,863,100,218,200,,,,,40927,7,10263,14,,,,,,,,,,,,
powerball,2008-11-12,33 Million,16.5 Million,,,,,6,200000,0,400000,,,,,795,100,196,200,,,,,37322,7,9651,14,,,,,,,,,,,,
powerball,2008-11-15,42 Million,21.2 Million,,,,,6,200000,2,400000,,,,,1591,100,433,200,,,,,65351,7,18220,14,,,,,,,,,,,,
powerball,2008-11-19,51 Million,25.7 Million,,,,,4,200000,0,400000,,,,,821,100,165,400,,,,,38884,7,9407,28,,,,,,,,,,,,
powerball,2008-11-22,58 Million,30.8 Million,,,,,6,200000,3,400000,,,,,1000,100,262,400,,,,,48431,7,12306,28,,,,,,,,,,,,
powerball,2008-11-26,15 Million,8.0 Million,,,,,2,200000,0,400000,,,,,679,100,176,200,,,,,34084,7,8757,14,,,,,,,,,,,,
powerball,2008-11-29,20 Million,10.8 Million,,,,,4,200000,0,400000,,,,,608,100,157,400,,,,,32081,7,7880,28,,,,,,,,,,,,
powerball,2008-12-03,25 Million,13.5 Million,,,,,2,200000,0,400000,,,,,637,100,162,500,,,,,34769,7,9066,35,,,,,,,,,,,,
powerball,2008-12-06,30 Million,17.5 Million,,,,,2,200000,0,400000,,,,,681,100,198,500,,,,,36690,7,8859,35,,,,,,,,,,,,
powerball,2008-12-10,35 Million,20.4 Million,,,,,8,200000,0,400000,,,,,796,100,237,400,,,,,37983,7,9452,28,,,,,,,,,,,,
powerball,2008-12-13,43 Million,25.0 Million,,,,,3,200000,0,400000,,,,,856,100,220,200,,,,,42869,7,10801,14,,,,,,,,,,,,
powerball,2008-12-17,51 Million,29.4 Million,,,,,11,200000,2,400000,,,,,1541,100,389,400,,,,,55835,7,15375,28,,,,,,,,,,,,
powerball,2008-12-20,55 Million,34.5 Million,,,,,0,200000,1,400000,,,,,890,100,223,500,,,,,45706,7,11368,35,,,,,,,,,,,,
powerball,2008-12-24,64 Million,40.3 Million,,,,,2,200000,0,400000,,,,,1175,100,239,500,,,,,56616,7,12687,35,,,,,,,,,,,,
powerball,2008-12-27,72 Million,45.4 Million,,,,,2,200000,4,400000,,,,,1119,100,251,500,,,,,50367,7,12651,35,,,,,,,,,,,,
powerball,2008-12-31,82 Million,51.4 Million,,,,,4,200000,2,400000,,,,,1455,100,398,500,,,,,72363,7,19116,35,,,,,,,,,,,,
powerball,2009-01-03,91 Million,57.1 Million,,,,,2,200000,2,400000,,,,,1002,100,250,300,,,,,53030,7,12549,21,,,,,,,,,,,,
powerball,2009-01-07,105 Million,66.1 Million,,,,,3,200000,1,400000,,,,,1229,100,245,500,,,,,64321,7,13880,35,,,,,,,,,,,,
powerball,2009-01-10,130 Million,75.9 Million,,,,,3,200000,0,400000,,,,,1238,100,263,300,,,,,70933,7,15750,21,,,,,,,,,,,,
powerball,2009-01-14,147 Million,86.1 Million,,,,,9,200000,2,400000,,,,,1394,100,331,500,,,,,76537,7,15761,35,,,,,,,,,,,,
powerball,2009-01-17,163 Million,98.0 Million,,,,,2,200000,0,400000,,,,,1981,100,428,200,,,,,104953,7,23948,14,,,,,,,,,,,,
powerball,2009-01-21,20 Million,12.0 Million,,,,,3,200000,2,400000,,,,,669,100,142,400,,,,,34087,7,8968,28,,,,,,,,,,,,
powerball,2009-01-24,25 Million,14.1 Million,,,,,6,200000,3,400000,,,,,787,100,217,200,,,,,42838,7,11499,14,,,,,,,,,,,,
powerball,2009-01-28,30 Million,16.9 Million,,,,,6,200000,1,400000,,,,,1149,100,364,400,,,,,50696,7,15065,28,,,,,,,,,,,,
powerball,2009-01-31,43 Million,23.2 Million,,,,,2,200000,1,400000,,,,,819,100,211,400,,,,,44905,7,12291,28,,,,,,,,,,,,
powerball,2009-02-04,54 Million,29.2 Million,,,,,2,200000,1,400000,,,,,866,100,242,400,,,,,45337,7,12830,28,,,,,,,,,,,,
powerball,2009-02-07,67 Million,36.1 Million,,,,,2,200000,0,400000,,,,,913,100,265,200,,,,,52175,7,14141,14,,,,,,,,,,,,
powerball,2009-02-11,79 Million,42.8 Million,,,,,3,200000,0,400000,,,,,916,100,244,200,,,,,49186,7,13141,14,,,,,,,,,,,,
powerball,2009-02-14,93 Million,51.1 Million,,,,,3,200000,1,400000,,,,,1216,100,313,500,,,,,68120,7,17900,35,,,,,,,,,,,,
powerball,2009-02-18,108 Million,59.7 Million,,,,,5,200000,1,400000,,,,,1009,100,214,300,,,,,54697,7,12465,21,,,,,,,,,,,,
powerball,2009-02-21,130 Million,69.7 Million,,,,,1,200000,1,400000,,,,,1257,100,293,400,,,,,66713,7,14886,28,,,,,,,,,,,,
powerball,2009-02-25,150 Million,80.2 Million,,,,,8,200000,0,400000,,,,,1287,100,242,400,,,,,68459,7,13934,28,,,,,,,,,,,,
powerball,2009-02-28,174 Million,93.3 Million,,,,,2,200000,0,400000,,,,,1639,100,326,500,,,,,88700,7,18062,35,,,,,,,,,,,,
powerball,2009-03-04,20 Million,10.7 Million,,,,,2,200000,0,400000,,,,,618,100,150,200,,,,,34244,7,9182,14,,,,,,,,,,,,
powerball,2009-03-07,25 Million,13.4 Million,,,,,2,200000,0,400000,,,,,639,100,156,200,,,,,35533,7,9209,14,,,,,,,,,,,,
powerball,2009-03-11,33 Million,17.5 Million,,,,,3,200000,2,400000,,,,,953,100,271,500,,,,,47236,7,13752,35,,,,,,,,,,,,
powerball,2009-03-14,45 Million,24.0 Million,,,,,1,200000,0,400000,,,,,888,100,206,200,,,,,45000,7,11927,14,,,,,,,,,,,,
powerball,2009-03-18,56 Million,30.1 Million,,,,,3,200000,0,400000,,,,,760,100,263,200,,,,,40535,7,11018,14,,,,,,,,,,,,
powerball,2009-03-21,68 Million,37.1 Million,,,,,1,200000,2,400000,,,,,829,100,231,400,,,,,47260,7,12096,28,,,,,,,,,,,,
powerball,2009-03-25,81 Million,43.8 Million,,,,,2,200000,1,400000,,,,,816,100,216,200,,,,,45062,7,11615,14,,,,,,,,,,,,
powerball,2009-03-28,95 Million,51.7 Million,,,,,1,200000,0,400000,,,,,1028,100,267,300,,,,,54347,7,13280,21,,,,,,,,,,,,
powerball,2009-04-01,111 Million,60.1 Million,,,,,2,200000,2,400000,,,,,1099,100,231,300,,,,,58336,7,13306,21,,,,,,,,,,,,
powerball,2009-04-04,126 Million,69.8 Million,,,,,3,200000,1,400000,,,,,1079,100,239,300,,,,,59496,7,12107,21,,,,,,,,,,,,
powerball,2009-04-08,144 Million,79.7 Million,,,,,3,200000,1,400000,,,,,1140,100,210,500,,,,,62619,7,12786,35,,,,,,,,,,,,
powerball,2009-04-11,20 Million,10.9 Million,,,,,4,200000,2,400000,,,,,753,100,201,400,,,,,42065,7,11113,28,,,,,,,,,,,,
powerball,2009-04-15,25 Million,13.6 Million,,,,,0,200000,2,400000,,,,,596,100,166,200,,,,,33362,7,9298,14,,,,,,,,,,,,
powerball,2009-04-18,32 Million,17.3 Million,,,,,0,200000,0,400000,,,,,770,100,199,300,,,,,41717,7,11503,21,,,,,,,,,,,,
powerball,2009-04-22,43 Million,22.8 Million,,,,,2,200000,0,400000,,,,,652,100,175,200,,,,,36541,7,9717,14,,,,,,,,,,,,
powerball,2009-04-25,54 Million,29.1 Million,,,,,4,200000,1,400000,,,,,795,100,199,500,,,,,42462,7,11016,35,,,,,,,,,,,,
powerball,2009-04-29,65 Million,34.9 Million,,,,,4,200000,1,400000,,,,,685,100,172,500,,,,,35578,7,9162,35,,,,,,,,,,,,
powerball,2009-05-02,81 Million,41.9 Million,,,,,3,200000,1,400000,,,,,948,100,247,300,,,,,46541,7,12062,21,,,,,,,,,,,,
powerball,2009-05-06,95 Million,49.0 Million,,,,,9,200000,2,400000,,,,,1713,100,475,500,,,,,70872,7,19914,35,,,,,,,,,,,,
powerball,2009-05-09,114 Million,57.7 Million,,,,,2,200000,0,400000,,,,,1064,100,240,300,,,,,55759,7,12496,21,,,,,,,,,,,,
powerball,2009-05-13,131 Million,66.5 Million,,,,,5,200000,2,400000,,,,,1155,100,248,300,,,,,60890,7,13952,21,,,,,,,,,,,,
powerball,2009-05-16,148 Million,76.9 Million,,,,,5,200000,2,400000,,,,,1241,100,258,200,,,,,70621,7,14906,14,,,,,,,,,,,,
powerball,2009-05-20,169 Million,87.7 Million,,,,,5,200000,1,400000,,,,,1361,100,271,200,,,,,75411,7,14914,14,,,,,,,,,,,,
powerball,2009-05-23,199 Million,101.0 Million,,,,,6,200000,2,400000,,,,,1601,100,300,500,,,,,89468,7,16719,35,,,,,,,,,,,,
powerball,2009-05-27,232 Million,118.0 Million,,,,,12,200000,4,400000,,,,,3810,100,839,300,,,,,163510,7,33961,21,,,,,,,,,,,,
powerball,2009-05-30,20 Million,9.7 Million,,,,,2,200000,1,400000,,,,,610,100,166,500,,,,,34206,7,8522,35,,,,,,,,,,,,
powerball,2009-06-03,25 Million,12.2 Million,,,,,2,200000,1,400000,,,,,723,100,211,200,,,,,37503,7,10530,14,,,,,,,,,,,,
powerball,2009-06-06,35 Million,17.0 Million,,,,,2,200000,0,400000,,,,,876,100,268,300,,,,,47190,7,13381,21,,,,,,,,,,,,
powerball,2009-06-10,47 Million,22.7 Million,,,,,3,200000,2,400000,,,,,720,100,195,200,,,,,36170,7,9185,14,,,,,,,,,,,,
powerball,2009-06-13,60 Million,29.2 Million,,,,,3,200000,1,400000,,,,,810,100,202,400,,,,,45018,7,11209,28,,,,,,,,,,,,
powerball,2009-06-17,73 Million,35.5 Million,,,,,2,200000,1,400000,,,,,773,100,210,500,,,,,42738,7,10508,35,,,,,,,,,,,,
powerball,2009-06-20,88 Million,42.5 Million,,,,,9,200000,3,400000,,,,,1538,100,452,200,,,,,68049,7,18689,14,,,,,,,,,,,,
powerball,2009-06-24,20 Million,9.6 Million,,,,,2,200000,0,400000,,,,,563,100,145,500,,,,,31743,7,8342,35,,,,,,,,,,,,
powerball,2009-06-27,25 Million,12.5 Million,,,,,3,200000,0,400000,,,,,750,100,199,400,,,,,37415,7,10062,28,,,,,,,,,,,,
powerball,2009-07-01,20 Million,10.0 Million,,,,,3,200000,0,400000,,,,,546,100,137,200,,,,,29679,7,8081,14,,,,,,,,,,,,
powerball,2009-07-04,25 Million,12.7 Million,,,,,4,200000,1,400000,,,,,775,100,206,300,,,,,40814,7,11159,21,,,,,,,,,,,,
powerball,2009-07-08,30 Million,15.3 Million,,,,,5,200000,0,400000,,,,,546,100,122,200,,,,,29474,7,7660,14,,,,,,,,,,,,
powerball,2009-07-11,40 Million,20.1 Million,,,,,3,200000,0,400000,,,,,700,100,181,500,,,,,40313,7,10473,35,,,,,,,,,,,,
powerball,2009-07-15,50 Million,25.3 Million,,,,,5,200000,0,400000,,,,,609,100,143,500,,,,,31406,7,7829,35,,,,,,,,,,,,
powerball,2009-07-18,63 Million,31.4 Million,,,,,5,200000,0,400000,,,,,809,100,207,400,,,,,46181,7,11987,28,,,,,,,,,,,,
powerball,2009-07-22,75 Million,37.2 Million,,,,,8,200000,2,400000,,,,,1106,100,301,200,,,,,52959,7,13958,14,,,,,,,,,,,,
powerball,2009-07-25,89 Million,43.9 Million,,,,,5,200000,2,400000,,,,,1014,100,230,500,,,,,49246,7,12115,35,,,,,,,,,,,,
powerball,2009-07-29,105 Million,51.6 Million,,,,,3,200000,0,400000,,,,,901,100,205,200,,,,,49386,7,10508,14,,,,,,,,,,,,
powerball,2009-08-01,122 Million,60.6 Million,,,,,4,200000,0,400000,,,,,1043,100,214,400,,,,,58932,7,12421,28,,,,,,,,,,,,
powerball,2009-08-05,141 Million,69.8 Million,,,,,3,200000,1,400000,,,,,1108,100,228,300,,,,,61318,7,12563,21,,,,,,,,,,,,
powerball,2009-08-08,164 Million,80.7 Million,,,,,2,200000,0,400000,,,,,1363,100,265,400,,,,,73741,7,14499,28,,,,,,,,,,,,
powerball,2009-08-12,189 Million,92.7 Million,,,,,6,200000,0,400000,,,,,1602,100,323,300,,,,,87723,7,16734,21,,,,,,,,,,,,
powerball,2009-08-15,218 Million,108.6 Million,,,,,4,200000,1,400000,,,,,2278,100,392,500,,,,,117446,7,21448,35,,,,,,,,,,,,
powerball,2009-08-19,260 Million,129.8 Million,,,,,13,200000,4,400000,,,,,2835,100,468,500,,,,,153237,7,24690,35,,,,,,,,,,,,
powerball,2009-08-22,20 Million,10.3 Million,,,,,2,200000,1,400000,,,,,840,100,221,500,,,,,45458,7,11379,35,,,,,,,,,,,,
powerball,2009-08-26,25 Million,12.8 Million,,,,,2,200000,1,400000,,,,,690,100,181,300,,,,,37973,7,10183,21,,,,,,,,,,,,
powerball,2009-08-29,35 Million,17.5 Million,,,,,3,200000,2,400000,,,,,654,100,182,300,,,,,36333,7,9007,21,,,,,,,,,,,,
powerball,2009-09-02,46 Million,23.1 Million,,,,,2,200000,2,400000,,,,,634,100,167,400,,,,,36177,7,9101,28,,,,,,,,,,,,
powerball,2009-09-05,57 Million,29.6 Million,,,,,3,200000,0,400000,,,,,857,100,184,300,,,,,45024,7,11395,21,,,,,,,,,,,,
powerball,2009-09-09,69 Million,35.7 Million,,,,,2,200000,0,400000,,,,,865,100,246,400,,,,,43094,7,10832,28,,,,,,,,,,,,
powerball,2009-09-12,82 Million,42.7 Million,,,,,1,200000,0,400000,,,,,853,100,230,200,,,,,44845,7,10436,14,,,,,,,,,,,,
powerball,2009-09-16,96 Million,49.9 Million,,,,,6,200000,0,400000,,,,,848,100,165,200,,,,,45322,7,10067,14,,,,,,,,,,,,
powerball,2009-09-19,114 Million,58.7 Million,,,,,4,200000,1,400000,,,,,1218,100,298,300,,,,,66758,7,14900,21,,,,,,,,,,,,
powerball,2009-09-23,132 Million,67.6 Million,,,,,8,200000,1,400000,,,,,1744,100,414,500,,,,,78370,7,18822,35,,,,,,,,,,,,
powerball,2009-09-26,151 Million,77.7 Million,,,,,13,200000,2,400000,,,,,1299,100,285,300,,,,,70385,7,14981,21,,,,,,,,,,,,
powerball,2009-09-30,172 Million,88.3 Million,,,,,5,200000,1,400000,,,,,1279,100,216,300,,,,,66483,7,12303,21,,,,,,,,,,,,
powerball,2009-10-03,189 Million,101.2 Million,,,,,2,200000,1,400000,,,,,1621,100,320,300,,,,,86777,7,16792,21,,,,,,,,,,,,
powerball,2009-10-07,20 Million,10.7 Million,,,,,4,200000,0,400000,,,,,608,100,142,300,,,,,36387,7,9270,21,,,,,,,,,,,,
powerball,2009-10-10,25 Million,13.3 Million,,,,,2,200000,1,400000,,,,,650,100,173,300,,,,,36504,7,9323,21,,,,,,,,,,,,
powerball,2009-10-14,31 Million,16.7 Million,,,,,12,200000,2,400000,,,,,1120,100,358,200,,,,,46660,7,12904,14,,,,,,,,,,,,
powerball,2009-10-17,20 Million,10.1 Million,,,,,7,200000,1,400000,,,,,1166,100,335,500,,,,,43790,7,12206,35,,,,,,,,,,,,
powerball,2009-10-21,25 Million,12.6 Million,,,,,4,200000,0,400000,,,,,593,100,165,200,,,,,32344,7,8260,14,,,,,,,,,,,,
powerball,2009-10-24,32 Million,16.4 Million,,,,,4,200000,1,400000,,,,,679,100,154,200,,,,,34696,7,8520,14,,,,,,,,,,,,
powerball,2009-10-28,42 Million,21.8 Million,,,,,4,200000,0,400000,,,,,745,100,195,500,,,,,38401,7,10226,35,,,,,,,,,,,,
powerball,2009-10-31,55 Million,28.0 Million,,,,,4,200000,1,400000,,,,,808,100,226,500,,,,,42763,7,11126,35,,,,,,,,,,,,
powerball,2009-11-04,68 Million,34.3 Million,,,,,4,200000,1,400000,,,,,749,100,170,300,,,,,41707,7,11306,21,,,,,,,,,,,,
powerball,2009-11-07,83 Million,41.4 Million,,,,,3,200000,0,400000,,,,,849,100,219,500,,,,,46078,7,11465,35,,,,,,,,,,,,
powerball,2009-11-11,97 Million,48.4 Million,,,,,12,200000,0,400000,,,,,1478,100,461,200,,,,,64283,7,17818,14,,,,,,,,,,,,
powerball,2009-11-14,20 Million,10.3 Million,,,,,5,200000,0,400000,,,,,671,100,166,500,,,,,34786,7,9471,35,,,,,,,,,,,,
powerball,2009-11-18,25 Million,12.8 Million,,,,,1,200000,0,400000,,,,,502,100,146,400,,,,,28336,7,7476,28,,,,,,,,,,,,
powerball,2009-11-21,33 Million,16.7 Million,,,,,5,200000,1,400000,,,,,641,100,146,500,,,,,35256,7,9289,35,,,,,,,,,,,,
powerball,2009-11-25,20 Million,10.1 Million,,,,,1,200000,0,400000,,,,,581,100,148,200,,,,,32480,7,8824,14,,,,,,,,,,,,
powerball,2009-11-28,25 Million,12.7 Million,,,,,3,200000,0,400000,,,,,544,100,149,300,,,,,31615,7,8754,21,,,,,,,,,,,,
powerball,2009-12-02,31 Million,15.5 Million,,,,,3,200000,0,400000,,,,,576,100,153,400,,,,,30719,7,8156,28,,,,,,,,,,,,
powerball,2009-12-05,43 Million,21.3 Million,,,,,5,200000,0,400000,,,,,618,100,155,300,,,,,34968,7,9001,21,,,,,,,,,,,,
powerball,2009-12-09,53 Million,26.8 Million,,,,,0,200000,2,400000,,,,,823,100,233,500,,,,,43231,7,12021,35,,,,,,,,,,,,
powerball,2009-12-12,67 Million,33.1 Million,,,,,2,200000,0,400000,,,,,751,100,202,200,,,,,43635,7,11208,14,,,,,,,,,,,,
powerball,2009-12-16,79 Million,39.3 Million,,,,,5,200000,0,400000,,,,,872,100,223,500,,,,,44980,7,11464,35,,,,,,,,,,,,
powerball,2009-12-19,93 Million,46.5 Million,,,,,3,200000,2,400000,,,,,954,100,234,300,,,,,49390,7,12102,21,,,,,,,,,,,,
powerball,2009-12-23,110 Million,55.1 Million,,,,,3,200000,0,400000,,,,,1025,100,211,400,,,,,55556,7,12166,28,,,,,,,,,,,,
powerball,2009-12-26,129 Million,63.5 Million,,,,,4,200000,1,400000,,,,,950,100,223,300,,,,,54876,7,11988,21,,,,,,,,,,,,
powerball,2009-12-30,20 Million,10.0 Million,,,,,3,200000,1,400000,,,,,640,100,171,300,,,,,33033,7,8644,21,,,,,,,,,,,,
powerball,2010-01-02,25 Million,12.2 Million,,,,,5,200000,1,400000,,,,,1070,100,323,300,,,,,50869,7,14922,21,,,,,,,,,,,,
powerball,2010-01-06,20 Million,9.7 Million,,,,,1,200000,0,400000,,,,,497,100,112,200,,,,,27368,7,7085,14,,,,,,,,,,,,
powerball,2010-01-09,25 Million,12.0 Million,,,,,3,200000,0,400000,,,,,613,100,147,200,,,,,31632,7,8259,14,,,,,,,,,,,,
powerball,2010-01-13,30 Million,14.5 Million,,,,,2,200000,2,400000,,,,,680,100,162,300,,,,,37199,7,10056,21,,,,,,,,,,,,
powerball,2010-01-16,42 Million,20.1 Million,,,,,2,200000,0,400000,,,,,728,100,167,500,,,,,41459,7,10925,35,,,,,,,,,,,,
powerball,2010-01-20,53 Million,25.6 Million,,,,,6,200000,1,400000,,,,,728,100,165,400,,,,,35428,7,8950,28,,,,,,,,,,,,
powerball,2010-01-23,65 Million,32.1 Million,,,,,2,200000,1,400000,,,,,816,100,195,200,,,,,44381,7,11623,14,,,,,,,,,,,,
powerball,2010-01-27,78 Million,38.3 Million,,,,,3,200000,2,400000,,,,,1083,100,277,500,,,,,49731,7,13112,35,,,,,,,,,,,,
powerball,2010-01-30,93 Million,45.4 Million,,,,,4,200000,1,400000,,,,,820,100,186,300,,,,,46202,7,11253,21,,,,,,,,,,,,
powerball,2010-02-03,117 Million,57.1 Million,,,,,4,200000,2,400000,,,,,1471,100,291,200,,,,,79702,7,15794,14,,,,,,,,,,,,
powerball,2010-02-06,141 Million,69.7 Million,,,,,8,200000,2,400000,,,,,1445,100,270,300,,,,,80084,7,15323,21,,,,,,,,,,,,
powerball,2010-02-10,20 Million,9.9 Million,,,,,4,200000,1,400000,,,,,889,100,190,500,,,,,48016,7,11744,35,,,,,,,,,,,,
powerball,2010-02-13,30 Million,14.3 Million,,,,,4,200000,1,400000,,,,,1086,100,248,400,,,,,55558,7,13964,28,,,,,,,,,,,,
powerball,2010-02-17,44 Million,21.5 Million,,,,,3,200000,0,400000,,,,,1262,100,335,300,,,,,61874,7,16873,21,,,,,,,,,,,,
powerball,2010-02-20,62 Million,29.7 Million,,,,,6,200000,0,400000,,,,,1024,100,224,200,,,,,54830,7,13131,14,,,,,,,,,,,,
powerball,2010-02-24,78 Million,37.7 Million,,,,,0,200000,0,400000,,,,,894,100,198,200,,,,,49586,7,11175,14,,,,,,,,,,,,
powerball,2010-02-27,97 Million,47.0 Million,,,,,4,200000,0,400000,,,,,1053,100,206,200,,,,,57818,7,12954,14,,,,,,,,,,,,
powerball,2010-03-03,118 Million,57.6 Million,,,,,5,200000,1,400000,,,,,1422,100,301,400,,,,,80727,7,17152,28,,,,,,,,,,,,
powerball,2010-03-06,145 Million,69.7 Million,,,,,9,200000,1,400000,,,,,1420,100,295,200,,,,,80654,7,15610,14,,,,,,,,,,,,
powerball,2010-03-10,173 Million,83.2 Million,,,,,8,200000,1,400000,,,,,1857,100,352,200,,,,,97257,7,17553,14,,,,,,,,,,,,
powerball,2010-03-13,212 Million,101.6 Million,,,,,12,200000,2,400000,,,,,2765,100,469,500,,,,,144210,7,25475,35,,,,,,,,,,,,
powerball,2010-03-17,20 Million,9.6 Million,,,,,2,200000,0,400000,,,,,839,100,174,200,,,,,45274,7,10176,14,,,,,,,,,,,,
powerball,2010-03-20,30 Million,14.9 Million,,,,,3,200000,0,400000,,,,,940,100,206,200,,,,,51488,7,11883,14,,,,,,,,,,,,
powerball,2010-03-24,45 Million,22.2 Million,,,,,4,200000,1,400000,,,,,954,100,192,300,,,,,50181,7,11283,21,,,,,,,,,,,,
powerball,2010-03-27,65 Million,30.7 Million,,,,,7,200000,2,400000,,,,,1201,100,293,400,,,,,62326,7,14331,28,,,,,,,,,,,,
powerball,2010-03-31,83 Million,39.1 Million,,,,,5,200000,1,400000,,,,,1126,100,260,500,,,,,59389,7,13084,35,,,,,,,,,,,,
powerball,2010-04-03,104 Million,49.8 Million,,,,,5,200000,0,400000,,,,,1312,100,264,400,,,,,72056,7,14755,28,,,,,,,,,,,,
powerball,2010-04-07,125 Million,60.3 Million,,,,,5,200000,2,400000,,,,,1330,100,259,200,,,,,70963,7,13805,14,,,,,,,,,,,,
powerball,2010-04-10,151 Million,72.5 Million,,,,,9,200000,0,400000,,,,,1375,100,233,200,,,,,79032,7,14168,14,,,,,,,,,,,,
powerball,2010-04-14,178 Million,85.4 Million,,,,,10,200000,1,400000,,,,,1773,100,278,300,,,,,92950,7,16281,21,,,,,,,,,,,,
powerball,2010-04-17,213 Million,102.8 Million,,,,,4,200000,1,400000,,,,,2373,100,455,500,,,,,129539,7,22632,35,,,,,,,,,,,,
powerball,2010-04-21,259 Million,124.9 Million,,,,,13,200000,1,400000,,,,,2813,100,430,200,,,,,154450,7,23670,14,,,,,,,,,,,,
powerball,2010-04-24,20 Million,9.7 Million,,,,,3,200000,3,400000,,,,,806,100,193,200,,,,,46025,7,10174,14,,,,,,,,,,,,
powerball,2010-04-28,30 Million,14.7 Million,,,,,5,200000,0,400000,,,,,1092,100,256,400,,,,,56145,7,13498,28,,,,,,,,,,,,
powerball,2010-05-01,47 Million,23.0 Million,,,,,3,200000,0,400000,,,,,924,100,226,400,,,,,51919,7,12865,28,,,,,,,,,,,,
powerball,2010-05-05,63 Million,31.0 Million,,,,,1,200000,3,400000,,,,,835,100,212,400,,,,,48423,7,11762,28,,,,,,,,,,,,
powerball,2010-05-08,79 Million,40.3 Million,,,,,6,200000,2,400000,,,,,1151,100,284,500,,,,,60129,7,14892,35,,,,,,,,,,,,
powerball,2010-05-12,97 Million,49.7 Million,,,,,7,200000,1,400000,,,,,1016,100,262,200,,,,,56728,7,13656,14,,,,,,,,,,,,
powerball,2010-05-15,123 Million,60.9 Million,,,,,6,200000,1,400000,,,,,1554,100,380,200,,,,,81874,7,19430,14,,,,,,,,,,,,
powerball,2010-05-19,146 Million,72.4 Million,,,,,7,200000,0,400000,,,,,1328,100,290,300,,,,,76308,7,16572,21,,,,,,,,,,,,
powerball,2010-05-22,164 Million,85.4 Million,,,,,3,200000,0,400000,,,,,1491,100,334,200,,,,,84972,7,17590,14,,,,,,,,,,,,
powerball,2010-05-26,190 Million,98.8 Million,,,,,15,200000,5,400000,,,,,3360,100,861,400,,,,,130707,7,30754,28,,,,,,,,,,,,
powerball,2010-05-29,225 Million,115.8 Million,,,,,9,200000,2,400000,,,,,2418,100,491,400,,,,,127795,7,26462,28,,,,,,,,,,,,
powerball,2010-06-02,262 Million,134.9 Million,,,,,10,200000,3,400000,,,,,2665,100,500,400,,,,,145609,7,27139,28,,,,,,,,,,,,
powerball,2010-06-05,20 Million,10.5 Million,,,,,5,200000,1,400000,,,,,858,100,212,400,,,,,48643,7,11761,28,,,,,,,,,,,,
powerball,2010-06-09,29 Million,15.3 Million,,,,,2,200000,1,400000,,,,,1000,100,280,400,,,,,51167,7,13065,28,,,,,,,,,,,,
powerball,2010-06-12,46 Million,23.6 Million,,,,,5,200000,2,400000,,,,,1126,100,311,1000,,,,,61109,7,15667,70,,,,,,,,,,,,
powerball,2010-06-16,62 Million,31.8 Million,,,,,4,200000,1,400000,,,,,1374,100,362,500,,,,,67478,7,17488,35,,,,,,,,,,,,
powerball,2010-06-19,79 Million,41.0 Million,,,,,4,200000,1,400000,,,,,1044,100,247,300,,,,,59315,7,14239,21,,,,,,,,,,,,
powerball,2010-06-23,97 Million,50.2 Million,,,,,3,200000,1,400000,,,,,1145,100,217,300,,,,,61925,7,14002,21,,,,,,,,,,,,
powerball,2010-06-26,20 Million,10.4 Million,,,,,2,200000,1,400000,,,,,800,100,192,400,,,,,45189,7,10972,28,,,,,,,,,,,,
powerball,2010-06-30,27 Million,14.3 Million,,,,,3,200000,0,400000,,,,,744,100,174,500,,,,,43806,7,10412,35,,,,,,,,,,,,
powerball,2010-07-03,42 Million,22.6 Million,,,,,5,200000,0,400000,,,,,980,100,254,300,,,,,56884,7,13819,21,,,,,,,,,,,,
powerball,2010-07-07,56 Million,30.0 Million,,,,,3,200000,0,400000,,,,,836,100,182,200,,,,,46499,7,10511,14,,,,,,,,,,,,
powerball,2010-07-10,74 Million,38.9 Million,,,,,3,200000,2,400000,,,,,1186,100,266,400,,,,,58087,7,13223,28,,,,,,,,,,,,
powerball,2010-07-14,20 Million,10.5 Million,,,,,9,200000,1,400000,,,,,812,100,190,300,,,,,44024,7,11084,21,,,,,,,,,,,,
powerball,2010-07-17,26 Million,13.7 Million,,,,,6,200000,1,400000,,,,,933,100,212,400,,,,,47197,7,11501,28,,,,,,,,,,,,
powerball,2010-07-21,39 Million,20.7 Million,,,,,1,200000,0,400000,,,,,796,100,173,300,,,,,43866,7,10087,21,,,,,,,,,,,,
powerball,2010-07-24,54 Million,28.7 Million,,,,,2,200000,1,400000,,,,,913,100,198,200,,,,,50825,7,11448,14,,,,,,,,,,,,
powerball,2010-07-28,69 Million,36.5 Million,,,,,6,200000,1,400000,,,,,1478,100,403,500,,,,,68887,7,17612,35,,,,,,,,,,,,
powerball,2010-07-31,86 Million,45.8 Million,,,,,3,200000,0,400000,,,,,1079,100,234,300,,,,,60387,7,13299,21,,,,,,,,,,,,
powerball,2010-08-04,20 Million,10.7 Million,,,,,3,200000,0,400000,,,,,728,100,193,400,,,,,42713,7,10487,28,,,,,,,,,,,,
powerball,2010-08-07,26 Million,13.6 Million,,,,,2,200000,5,400000,,,,,927,100,267,500,,,,,51496,7,12859,35,,,,,,,,,,,,
powerball,2010-08-11,38 Million,20.2 Million,,,,,4,200000,0,400000,,,,,1043,100,269,200,,,,,55637,7,14799,14,,,,,,,,,,,,
powerball,2010-08-14,53 Million,28.1 Million,,,,,3,200000,0,400000,,,,,906,100,192,200,,,,,48698,7,10847,14,,,,,,,,,,,,
powerball,2010-08-18,65 Million,35.5 Million,,,,,1,200000,0,400000,,,,,796,100,190,300,,,,,48403,7,11077,21,,,,,,,,,,,,
powerball,2010-08-21,79 Million,44.3 Million,,,,,21,200000,4,400000,,,,,2516,100,756,200,,,,,97808,7,25156,14,,,,,,,,,,,,
powerball,2010-08-25,20 Million,11.2 Million,,,,,1,200000,2,400000,,,,,758,100,179,300,,,,,43534,7,10718,21,,,,,,,,,,,,
powerball,2010-08-28,25 Million,14.1 Million,,,,,1,200000,0,400000,,,,,798,100,191,400,,,,,46768,7,11282,28,,,,,,,,,,,,
powerball,2010-09-01,35 Million,19.6 Million,,,,,3,200000,0,400000,,,,,831,100,197,300,,,,,45580,7,10862,21,,,,,,,,,,,,
powerball,2010-09-04,50 Million,27.5 Million,,,,,4,200000,0,400000,,,,,1181,100,319,200,,,,,62858,7,15242,14,,,,,,,,,,,,
powerball,2010-09-08,64 Million,34.7 Million,,,,,3,200000,0,400000,,,,,809,100,158,500,,,,,44220,7,9617,35,,,,,,,,,,,,
powerball,2010-09-11,79 Million,43.3 Million,,,,,5,200000,1,400000,,,,,1117,100,233,400,,,,,59868,7,13652,28,,,,,,,,,,,,
powerball,2010-09-15,95 Million,52.1 Million,,,,,2,200000,1,400000,,,,,1259,100,269,500,,,,,66020,7,14149,35,,,,,,,,,,,,
powerball,2010-09-18,116 Million,63.1 Million,,,,,3,200000,1,400000,,,,,1396,100,273,400,,,,,74598,7,14475,28,,,,,,,,,,,,
powerball,2010-09-22,20 Million,10.9 Million,,,,,3,200000,0,400000,,,,,727,100,193,500,,,,,40292,7,9552,35,,,,,,,,,,,,
powerball,2010-09-25,25 Million,14.0 Million,,,,,0,200000,0,400000,,,,,1012,100,229,200,,,,,52424,7,13178,14,,,,,,,,,,,,
powerball,2010-09-29,36 Million,19.8 Million,,,,,5,200000,1,400000,,,,,741,100,157,400,,,,,39801,7,9007,28,,,,,,,,,,,,
powerball,2010-10-02,49 Million,27.4 Million,,,,,3,200000,0,400000,,,,,1043,100,204,400,,,,,54718,7,13147,28,,,,,,,,,,,,
powerball,2010-10-06,62 Million,34.6 Million,,,,,3,200000,0,400000,,,,,935,100,226,500,,,,,49421,7,11208,35,,,,,,,,,,,,
powerball,2010-10-09,20 Million,11.3 Million,,,,,3,200000,0,400000,,,,,829,100,171,300,,,,,46015,7,10982,21,,,,,,,,,,,,
powerball,2010-10-13,25 Million,14.2 Million,,,,,2,200000,0,400000,,,,,810,100,188,400,,,,,42516,7,10461,28,,,,,,,,,,,,
powerball,2010-10-16,35 Million,19.2 Million,,,,,9,200000,1,400000,,,,,1277,100,383,200,,,,,61523,7,16409,14,,,,,,,,,,,,
powerball,2010-10-20,46 Million,25.5 Million,,,,,3,200000,1,400000,,,,,984,100,232,300,,,,,46408,7,11044,21,,,,,,,,,,,,
powerball,2010-10-23,60 Million,33.0 Million,,,,,2,200000,1,400000,,,,,1275,100,319,400,,,,,63487,7,15379,28,,,,,,,,,,,,
powerball,2010-10-27,72 Million,40.1 Million,,,,,3,200000,0,400000,,,,,811,100,153,500,,,,,44885,7,9841,35,,,,,,,,,,,,
powerball,2010-10-30,89 Million,48.4 Million,,,,,7,200000,1,400000,,,,,1113,100,274,500,,,,,62745,7,14540,35,,,,,,,,,,,,
powerball,2010-11-03,107 Million,58.0 Million,,,,,4,200000,1,400000,,,,,1252,100,216,200,,,,,64468,7,11976,14,,,,,,,,,,,,
powerball,2010-11-06,129 Million,69.6 Million,,,,,10,200000,1,400000,,,,,2049,100,406,400,,,,,98755,7,19842,28,,,,,,,,,,,,
powerball,2010-11-10,20 Million,10.8 Million,,,,,3,200000,1,400000,,,,,955,100,248,400,,,,,52830,7,13601,28,,,,,,,,,,,,
powerball,2010-11-13,25 Million,13.3 Million,,,,,3,200000,1,400000,,,,,802,100,169,500,,,,,43457,7,9935,35,,,,,,,,,,,,
powerball,2010-11-17,36 Million,19.2 Million,,,,,2,200000,1,400000,,,,,663,100,132,300,,,,,37303,7,8348,21,,,,,,,,,,,,
powerball,2010-11-20,52 Million,26.8 Million,,,,,5,200000,1,400000,,,,,858,100,215,500,,,,,48348,7,10584,35,,,,,,,,,,,,
powerball,2010-11-24,65 Million,34.2 Million,,,,,1,200000,0,400000,,,,,1028,100,193,300,,,,,55424,7,12727,21,,,,,,,,,,,,
powerball,2010-11-27,79 Million,41.6 Million,,,,,4,200000,0,400000,,,,,889,100,193,500,,,,,48494,7,10974,35,,,,,,,,,,,,
powerball,2010-12-01,95 Million,50.0 Million,,,,,25,200000,9,400000,,,,,3270,100,918,300,,,,,106240,7,27488,21,,,,,,,,,,,,
powerball,2010-12-04,20 Million,10.4 Million,,,,,8,200000,3,400000,,,,,1144,100,259,500,,,,,52476,7,12832,35,,,,,,,,,,,,
powerball,2010-12-08,25 Million,13.0 Million,,,,,2,200000,1,400000,,,,,745,100,183,400,,,,,41733,7,10412,28,,,,,,,,,,,,
powerball,2010-12-11,38 Million,19.1 Million,,,,,21,200000,2,400000,,,,,2185,100,682,200,,,,,79240,7,22334,14,,,,,,,,,,,,
powerball,2010-12-15,20 Million,10.2 Million,,,,,3,200000,1,400000,,,,,822,100,190,500,,,,,44206,7,11366,35,,,,,,,,,,,,
powerball,2010-12-18,25 Million,12.6 Million,,,,,3,200000,0,400000,,,,,995,100,256,400,,,,,52056,7,13269,28,,,,,,,,,,,,
powerball,2010-12-22,36 Million,18.2 Million,,,,,5,200000,1,400000,,,,,803,100,177,200,,,,,43838,7,10635,14,,,,,,,,,,,,
powerball,2010-12-25,49 Million,24.9 Million,,,,,2,200000,3,400000,,,,,800,100,166,200,,,,,43371,7,9069,14,,,,,,,,,,,,
powerball,2010-12-29,20 Million,10.2 Million,,,,,1,200000,0,400000,,,,,978,100,238,200,,,,,46525,7,11753,14,,,,,,,,,,,,
powerball,2011-01-01,25 Million,12.7 Million,,,,,2,200000,0,400000,,,,,798,100,208,200,,,,,42999,7,9544,14,,,,,,,,,,,,
powerball,2011-01-05,38 Million,19.3 Million,,,,,2,200000,0,400000,,,,,961,100,207,500,,,,,49292,7,10398,35,,,,,,,,,,,,
powerball,2011-01-08,53 Million,26.5 Million,,,,,3,200000,0,400000,,,,,932,100,211,200,,,,,53770,7,12456,14,,,,,,,,,,,,
powerball,2011-01-12,66 Million,33.2 Million,,,,,2,200000,1,400000,,,,,855,100,191,400,,,,,47560,7,10430,28,,,,,,,,,,,,
powerball,2011-01-15,82 Million,41.8 Million,,,,,8,200000,1,400000,,,,,1255,100,296,300,,,,,70210,7,15816,21,,,,,,,,,,,,
powerball,2011-01-19,99 Million,50.4 Million,,,,,3,200000,0,400000,,,,,973,100,205,300,,,,,53408,7,10042,21,,,,,,,,,,,,
powerball,2011-01-22,122 Million,61.2 Million,,,,,5,200000,1,400000,,,,,1328,100,242,200,,,,,71662,7,13279,14,,,,,,,,,,,,
powerball,2011-01-26,20 Million,10.0 Million,,,,,2,200000,0,400000,,,,,619,100,122,300,,,,,34723,7,7621,21,,,,,,,,,,,,
powerball,2011-01-29,25 Million,12.6 Million,,,,,4,200000,0,400000,,,,,716,100,159,400,,,,,40133,7,9072,28,,,,,,,,,,,,
powerball,2011-02-02,36 Million,17.9 Million,,,,,0,200000,0,400000,,,,,675,100,161,400,,,,,36280,7,8350,28,,,,,,,,,,,,
powerball,2011-02-05,51 Million,25.4 Million,,,,,1,200000,0,400000,,,,,825,100,167,500,,,,,44990,7,9420,35,,,,,,,,,,,,
powerball,2011-02-09,66 Million,32.5 Million,,,,,3,200000,0,400000,,,,,1007,100,231,400,,,,,52216,7,11597,28,,,,,,,,,,,,
powerball,2011-02-12,84 Million,41.1 Million,,,,,8,200000,1,400000,,,,,1164,100,262,400,,,,,59309,7,12451,28,,,,,,,,,,,,
powerball,2011-02-16,104 Million,51.2 Million,,,,,4,200000,0,400000,,,,,1608,100,330,200,,,,,85143,7,17328,14,,,,,,,,,,,,
powerball,2011-02-19,129 Million,63.2 Million,,,,,7,200000,1,400000,,,,,1699,100,309,500,,,,,89640,7,16502,35,,,,,,,,,,,,
powerball,2011-02-23,155 Million,75.8 Million,,,,,9,200000,3,400000,,,,,1651,100,267,300,,,,,87380,7,14980,21,,,,,,,,,,,,
powerball,2011-02-26,182 Million,91.2 Million,,,,,5,200000,1,400000,,,,,2681,100,477,500,,,,,130572,7,23837,35,,,,,,,,,,,,
powerball,2011-03-02,20 Million,10.0 Million,,,,,3,200000,2,400000,,,,,699,100,122,200,,,,,37837,7,8561,14,,,,,,,,,,,,
powerball,2011-03-05,27 Million,13.2 Million,,,,,2,200000,1,400000,,,,,897,100,193,200,,,,,47120,7,10865,14,,,,,,,,,,,,
powerball,2011-03-09,40 Million,19.6 Million,,,,,4,200000,2,400000,,,,,838,100,202,200,,,,,45977,7,10767,14,,,,,,,,,,,,
powerball,2011-03-12,54 Million,27.1 Million,,,,,5,200000,0,400000,,,,,1054,100,228,400,,,,,58751,7,13458,28,,,,,,,,,,,,
powerball,2011-03-16,68 Million,34.1 Million,,,,,2,200000,1,400000,,,,,763,100,137,300,,,,,43600,7,9189,21,,,,,,,,,,,,
powerball,2011-03-19,84 Million,42.6 Million,,,,,3,200000,2,400000,,,,,1494,100,347,200,,,,,74473,7,17433,14,,,,,,,,,,,,
powerball,2011-03-23,103 Million,52.5 Million,,,,,2,200000,3,400000,,,,,1661,100,333,200,,,,,81412,7,16100,14,,,,,,,,,,,,
powerball,2011-03-26,129 Million,65.3 Million,,,,,12,200000,2,400000,,,,,2808,100,642,400,,,,,125151,7,25997,28,,,,,,,,,,,,
powerball,2011-03-30,154 Million,77.8 Million,,,,,6,200000,1,400000,,,,,1451,100,232,400,,,,,81386,7,12984,28,,,,,,,,,,,,
powerball,2011-04-02,185 Million,93.3 Million,,,,,7,200000,2,400000,,,,,2096,100,360,200,,,,,113219,7,18574,14,,,,,,,,,,,,
powerball,2011-04-06,222 Million,111.7 Million,,,,,13,200000,2,400000,,,,,2952,100,504,200,,,,,128784,7,18299,14,,,,,,,,,,,,
powerball,2011-04-09,20 Million,9.9 Million,,,,,2,200000,3,400000,,,,,850,100,186,400,,,,,48575,7,9842,28,,,,,,,,,,,,
powerball,2011-04-13,28 Million,13.9 Million,,,,,4,200000,1,400000,,,,,750,100,171,300,,,,,42711,7,9145,21,,,,,,,,,,,,
powerball,2011-04-16,42 Million,21.4 Million,,,,,3,200000,2,400000,,,,,954,100,205,500,,,,,51782,7,10971,35,,,,,,,,,,,,
powerball,2011-04-20,57 Million,28.9 Million,,,,,3,200000,1,400000,,,,,991,100,226,300,,,,,54620,7,11000,21,,,,,,,,,,,,
powerball,2011-04-23,74 Million,37.7 Million,,,,,1,200000,0,400000,,,,,1053,100,212,300,,,,,59619,7,11821,21,,,,,,,,,,,,
powerball,2011-04-27,20 Million,10.2 Million,,,,,1,200000,1,400000,,,,,834,100,180,200,,,,,41180,7,9153,14,,,,,,,,,,,,
powerball,2011-04-30,25 Million,12.8 Million,,,,,4,200000,2,400000,,,,,932,100,225,200,,,,,49895,7,11026,14,,,,,,,,,,,,
powerball,2011-05-04,37 Million,18.9 Million,,,,,5,200000,2,400000,,,,,1055,100,236,400,,,,,51536,7,11558,28,,,,,,,,,,,,
powerball,2011-05-07,51 Million,26.6 Million,,,,,1,200000,2,400000,,,,,968,100,205,400,,,,,55828,7,11911,28,,,,,,,,,,,,
powerball,2011-05-11,65 Million,33.9 Million,,,,,1,200000,1,400000,,,,,1030,100,203,300,,,,,53644,7,10980,21,,,,,,,,,,,,
powerball,2011-05-14,82 Million,42.6 Million,,,,,9,200000,2,400000,,,,,1270,100,223,200,,,,,67424,7,13650,14,,,,,,,,,,,,
powerball,2011-05-18,99 Million,51.6 Million,,,,,5,200000,2,400000,,,,,1279,100,246,400,,,,,72011,7,14172,28,,,,,,,,,,,,
powerball,2011-05-21,121 Million,62.9 Million,,,,,6,200000,0,400000,,,,,1467,100,244,300,,,,,80181,7,13741,21,,,,,,,,,,,,
powerball,2011-05-25,144 Million,74.9 Million,,,,,5,200000,1,400000,,,,,1643,100,282,200,,,,,88127,7,14220,14,,,,,,,,,,,,
powerball,2011-05-28,169 Million,89.0 Million,,,,,5,200000,0,400000,,,,,1766,100,284,400,,,,,97985,7,14847,28,,,,,,,,,,,,
powerball,2011-06-01,202 Million,106.2 Million,,,,,9,200000,2,400000,,,,,2305,100,327,400,,,,,122398,7,18025,28,,,,,,,,,,,,
powerball,2011-06-04,20 Million,10.6 Million,,,,,1,200000,1,400000,,,,,906,100,172,500,,,,,46943,7,9774,35,,,,,,,,,,,,
powerball,2011-06-08,26 Million,13.5 Million,,,,,5,200000,0,400000,,,,,684,100,149,500,,,,,39519,7,8215,35,,,,,,,,,,,,
powerball,2011-06-11,20 Million,10.6 Million,,,,,1,200000,0,400000,,,,,845,100,191,300,,,,,46535,7,10313,21,,,,,,,,,,,,
powerball,2011-06-15,25 Million,13.2 Million,,,,,1,200000,0,400000,,,,,691,100,166,400,,,,,39169,7,8713,28,,,,,,,,,,,,
powerball,2011-06-18,37 Million,19.4 Million,,,,,4,200000,1,400000,,,,,965,100,199,200,,,,,50940,7,11443,14,,,,,,,,,,,,
powerball,2011-06-22,49 Million,25.9 Million,,,,,2,200000,1,400000,,,,,783,100,149,400,,,,,44474,7,9518,28,,,,,,,,,,,,
powerball,2011-06-25,63 Million,33.5 Million,,,,,2,200000,0,400000,,,,,869,100,192,400,,,,,48297,7,9588,28,,,,,,,,,,,,
powerball,2011-06-29,77 Million,40.8 Million,,,,,2,200000,0,400000,,,,,815,100,149,300,,,,,44262,7,8368,21,,,,,,,,,,,,
powerball,2011-07-02,20 Million,10.3 Million,,,,,3,200000,0,400000,,,,,974,100,229,300,,,,,52034,7,12232,21,,,,,,,,,,,,
powerball,2011-07-06,25 Million,12.9 Million,,,,,3,200000,1,400000,,,,,649,100,131,200,,,,,37771,7,8257,14,,,,,,,,,,,,
powerball,2011-07-09,36 Million,18.8 Million,,,,,10,200000,2,400000,,,,,1622,100,415,300,,,,,72051,7,17570,21,,,,,,,,,,,,
powerball,2011-07-13,49 Million,25.3 Million,,,,,2,200000,1,400000,,,,,905,100,187,400,,,,,46882,7,10222,28,,,,,,,,,,,,
powerball,2011-07-16,62 Million,32.8 Million,,,,,2,200000,1,400000,,,,,875,100,182,300,,,,,49148,7,9794,21,,,,,,,,,,,,
powerball,2011-07-20,76 Million,40.2 Million,,,,,4,200000,0,400000,,,,,969,100,184,400,,,,,49607,7,9581,28,,,,,,,,,,,,
powerball,2011-07-23,94 Million,49.1 Million,,,,,4,200000,1,400000,,,,,1214,100,249,300,,,,,68094,7,13559,21,,,,,,,,,,,,
powerball,2011-07-27,114 Million,59.6 Million,,,,,3,200000,1,400000,,,,,1228,100,181,200,,,,,68688,7,10826,14,,,,,,,,,,,,
powerball,2011-07-30,135 Million,71.8 Million,,,,,4,200000,0,400000,,,,,1470,100,237,200,,,,,82762,7,13297,14,,,,,,,,,,,,
powerball,2011-08-03,161 Million,85.5 Million,,,,,12,200000,1,400000,,,,,1983,100,367,200,,,,,107099,7,17686,14,,,,,,,,,,,,
powerball,2011-08-06,182 Million,101.6 Million,,,,,8,200000,0,400000,,,,,2156,100,309,300,,,,,108671,7,15424,21,,,,,,,,,,,,
powerball,2011-08-10,229 Million,123.6 Million,,,,,11,200000,1,400000,,,,,3256,100,442,400,,,,,171654,7,23413,28,,,,,,,,,,,,
powerball,2011-08-13,20 Million,11.5 Million,,,,,0,200000,0,400000,,,,,856,100,184,200,,,,,47565,7,9146,14,,,,,,,,,,,,
powerball,2011-08-17,25 Million,14.4 Million,,,,,5,200000,0,400000,,,,,788,100,150,400,,,,,44519,7,9261,28,,,,,,,,,,,,
powerball,2011-08-20,36 Million,21.4 Million,,,,,4,200000,0,400000,,,,,1199,100,245,200,,,,,59349,7,12422,14,,,,,,,,,,,,
powerball,2011-08-24,48 Million,28.6 Million,,,,,5,200000,0,400000,,,,,867,100,162,500,,,,,48526,7,9377,35,,,,,,,,,,,,
powerball,2011-08-27,63 Million,37.0 Million,,,,,3,200000,1,400000,,,,,1065,100,182,300,,,,,57816,7,11173,21,,,,,,,,,,,,
powerball,2011-08-31,77 Million,45.0 Million,,,,,4,200000,0,400000,,,,,968,100,176,500,,,,,52790,7,9518,35,,,,,,,,,,,,
powerball,2011-09-03,92 Million,54.9 Million,,,,,5,200000,1,400000,,,,,1195,100,223,500,,,,,64348,7,11669,35,,,,,,,,,,,,
powerball,2011-09-07,109 Million,65.3 Million,,,,,2,200000,3,400000,,,,,1625,100,306,400,,,,,87583,7,16518,28,,,,,,,,,,,,
powerball,2011-09-10,20 Million,12.1 Million,,,,,4,200000,0,400000,,,,,991,100,236,400,,,,,51847,7,11247,28,,,,,,,,,,,,
powerball,2011-09-14,25 Million,15.1 Million,,,,,2,200000,0,400000,,,,,664,100,110,300,,,,,36893,7,7526,21,,,,,,,,,,,,
powerball,2011-09-17,20 Million,12.0 Million,,,,,6,200000,1,400000,,,,,906,100,199,200,,,,,50408,7,11283,14,,,,,,,,,,,,
powerball,2011-09-21,25 Million,15.1 Million,,,,,2,200000,2,400000,,,,,675,100,126,400,,,,,37578,7,7818,28,,,,,,,,,,,,
powerball,2011-09-24,30 Million,19.4 Million,,,,,4,200000,1,400000,,,,,1220,100,271,500,,,,,61998,7,14775,35,,,,,,,,,,,,
powerball,2011-09-28,37 Million,24.0 Million,,,,,2,200000,0,400000,,,,,702,100,133,200,,,,,38016,7,7882,14,,,,,,,,,,,,
powerball,2011-10-01,49 Million,30.9 Million,,,,,4,200000,0,400000,,,,,1145,100,256,300,,,,,60133,7,13247,21,,,,,,,,,,,,
powerball,2011-10-05,60 Million,38.0 Million,,,,,3,200000,0,400000,,,,,850,100,168,400,,,,,46612,7,9288,28,,,,,,,,,,,,
powerball,2011-10-08,74 Million,46.4 Million,,,,,3,200000,1,400000,,,,,1181,100,210,500,,,,,57918,7,11262,35,,,,,,,,,,,,
powerball,2011-10-12,87 Million,54.6 Million,,,,,7,200000,1,400000,,,,,1184,100,220,300,,,,,67037,7,13305,21,,,,,,,,,,,,
powerball,2011-10-15,107 Million,65.4 Million,,,,,9,200000,0,400000,,,,,1574,100,298,400,,,,,85776,7,15936,28,,,,,,,,,,,,
powerball,2011-10-19,126 Million,76.9 Million,,,,,3,200000,2,400000,,,,,1460,100,214,500,,,,,76781,7,12055,35,,,,,,,,,,,,
powerball,2011-10-22,149 Million,90.2 Million,,,,,9,200000,0,400000,,,,,1867,100,301,400,,,,,104105,7,17400,28,,,,,,,,,,,,
powerball,2011-10-26,174 Million,105.5 Million,,,,,8,200000,1,400000,,,,,2030,100,300,300,,,,,110604,7,16138,21,,,,,,,,,,,,
powerball,2011-10-29,209 Million,124.8 Million,,,,,11,200000,1,400000,,,,,2673,100,373,500,,,,,139088,7,18863,35,,,,,,,,,,,,
powerball,2011-11-02,254 Million,151.7 Million,,,,,19,200000,1,400000,,,,,3726,100,489,400,,,,,200611,7,25563,28,,,,,,,,,,,,
powerball,2011-11-05,20 Million,12.4 Million,,,,,3,200000,0,400000,,,,,845,100,187,300,,,,,49352,7,9530,21,,,,,,,,,,,,
powerball,2011-11-09,25 Million,15.5 Million,,,,,2,200000,0,400000,,,,,746,100,154,300,,,,,39368,7,7994,21,,,,,,,,,,,,
powerball,2011-11-12,35 Million,22.0 Million,,,,,6,200000,0,400000,,,,,904,100,166,500,,,,,49181,7,9346,35,,,,,,,,,,,,
powerball,2011-11-16,47 Million,29.3 Million,,,,,5,200000,2,400000,,,,,1053,100,222,200,,,,,51578,7,10216,14,,,,,,,,,,,,
powerball,2011-11-19,60 Million,37.6 Million,,,,,3,200000,2,400000,,,,,1409,100,303,300,,,,,71413,7,15485,21,,,,,,,,,,,,
powerball,2011-11-23,20 Million,12.8 Million,,,,,1,200000,1,400000,,,,,724,100,158,200,,,,,39440,7,7620,14,,,,,,,,,,,,
powerball,2011-11-26,25 Million,16.0 Million,,,,,1,200000,0,400000,,,,,719,100,140,200,,,,,38883,7,8185,14,,,,,,,,,,,,
powerball,2011-11-30,30 Million,19.1 Million,,,,,2,200000,0,400000,,,,,738,100,153,200,,,,,41428,7,8504,14,,,,,,,,,,,,
powerball,2011-12-03,42 Million,26.2 Million,,,,,3,200000,0,400000,,,,,945,100,207,300,,,,,51456,7,10512,21,,,,,,,,,,,,
powerball,2011-12-07,53 Million,33.0 Million,,,,,3,200000,0,400000,,,,,927,100,163,200,,,,,50436,7,10181,14,,,,,,,,,,,,
powerball,2011-12-10,66 Million,40.8 Million,,,,,3,200000,1,400000,,,,,993,100,185,500,,,,,53641,7,10271,35,,,,,,,,,,,,
powerball,2011-12-14,78 Million,48.5 Million,,,,,6,200000,0,400000,,,,,892,100,146,500,,,,,48877,7,9236,35,,,,,,,,,,,,
powerball,2011-12-17,90 Million,57.6 Million,,,,,7,200000,1,400000,,,,,1024,100,205,400,,,,,58062,7,10610,28,,,,,,,,,,,,
powerball,2011-12-21,106 Million,67.8 Million,,,,,1,200000,1,400000,,,,,1413,100,207,500,,,,,77536,7,13737,35,,,,,,,,,,,,
powerball,2011-12-24,129 Million,81.3 Million,,,,,7,200000,2,400000,,,,,1808,100,261,200,,,,,95581,7,14983,14,,,,,,,,,,,,
powerball,2011-12-28,20 Million,12.6 Million,,,,,2,200000,1,400000,,,,,776,100,170,200,,,,,43478,7,8631,14,,,,,,,,,,,,
powerball,2011-12-31,25 Million,15.8 Million,,,,,5,200000,1,400000,,,,,1285,100,245,400,,,,,63531,7,13009,28,,,,,,,,,,,,
powerball,2012-01-04,32 Million,20.1 Million,,,,,2,200000,1,400000,,,,,722,100,140,400,,,,,38789,7,7779,28,,,,,,,,,,,,
powerball,2012-01-07,44 Million,27.4 Million,,,,,1,200000,1,400000,,,,,996,100,183,500,,,,,54443,7,10893,35,,,,,,,,,,,,
powerball,2012-01-11,54 Million,34.3 Million,,,,,6,200000,2,400000,,,,,886,100,175,200,,,,,50741,7,10321,14,,,,,,,,,,,,
powerball,2012-01-14,66 Million,42.3 Million,,,,,5,200000,0,400000,,,,,1010,100,163,500,,,,,55958,7,10624,35,,,,,,,,,,,,
powerball,2012-01-18,81 Million,52.3 Million,,,,,1,1000000,0,2000000,,,,,653,100,136,100,,,,,35495,7,7101,7,,,,,,,,,,,,
powerball,2012-01-21,103 Million,64.6 Million,,,,,1,1000000,0,2000000,,,,,883,100,184,100,,,,,47266,7,9273,7,,,,,,,,,,,,
powerball,2012-01-25,123 Million,76.9 Million,,,,,3,1000000,0,2000000,,,,,1008,100,203,100,,,,,52387,7,10332,7,,,,,,,,,,,,
powerball,2012-01-28,147 Million,91.9 Million,,,,,3,1000000,0,2000000,,,,,1015,100,179,100,,,,,52457,7,9315,7,,,,,,,,,,,,
powerball,2012-02-01,174 Million,108.5 Million,,,,,3,1000000,0,2000000,,,,,1166,100,200,100,,,,,64278,7,11008,7,,,,,,,,,,,,
powerball,2012-02-04,210 Million,131.2 Million,,,,,3,1000000,2,2000000,,,,,1500,100,227,100,,,,,84154,7,13119,7,,,,,,,,,,,,
powerball,2012-02-08,255 Million,159.2 Million,,,,,5,1000000,0,2000000,,,,,1966,100,327,100,,,,,107802,7,16487,7,,,,,,,,,,,,
powerball,2012-02-11,336 Million,210.0 Million,,,,,11,1000000,0,2000000,,,,,3462,100,482,100,,,,,192044,7,25783,7,,,,,,,,,,,,
powerball,2012-02-15,40 Million,25.0 Million,,,,,2,1000000,0,2000000,,,,,627,100,147,100,,,,,34484,7,7747,7,,,,,,,,,,,,
powerball,2012-02-18,50 Million,30.9 Million,,,,,5,1000000,0,2000000,,,,,627,100,127,100,,,,,35892,7,7722,7,,,,,,,,,,,,
powerball,2012-02-22,60 Million,37.1 Million,,,,,2,1000000,1,2000000,,,,,710,100,156,100,,,,,38691,7,8888,7,,,,,,,,,,,,
powerball,2012-02-25,70 Million,43.7 Million,,,,,3,1000000,1,2000000,,,,,749,100,150,100,,,,,39137,7,8506,7,,,,,,,,,,,,
powerball,2012-02-29,40 Million,25.0 Million,,,,,4,1000000,7,2000000,,,,,1344,100,352,100,,,,,51484,7,13256,7,,,,,,,,,,,,
powerball,2012-03-03,50 Million,30.9 Million,,,,,3,1000000,2,2000000,,,,,635,100,142,100,,,,,35534,7,8251,7,,,,,,,,,,,,
powerball,2012-03-07,60 Million,37.1 Million,,,,,1,1000000,0,2000000,,,,,573,100,129,100,,,,,32579,7,7352,7,,,,,,,,,,,,
powerball,2012-03-10,40 Million,24.6 Million,,,,,1,1000000,0,2000000,,,,,807,100,187,100,,,,,42926,7,10416,7,,,,,,,,,,,,
powerball,2012-03-14,50 Million,30.7 Million,,,,,1,1000000,0,2000000,,,,,470,100,114,100,,,,,26991,7,6110,7,,,,,,,,,,,,
powerball,2012-03-17,60 Million,35.6 Million,,,,,1,1000000,0,2000000,,,,,526,100,128,100,,,,,30828,7,6863,7,,,,,,,,,,,,
powerball,2012-03-21,70 Million,41.5 Million,,,,,1,1000000,0,2000000,,,,,505,100,112,100,,,,,27347,7,6054,7,,,,,,,,,,,,
powerball,2012-03-24,40 Million,24.2 Million,,,,,1,1000000,0,2000000,,,,,573,100,140,100,,,,,31003,7,7037,7,,,,,,,,,,,,
powerball,2012-03-28,50 Million,30.2 Million,,,,,3,1000000,0,2000000,,,,,547,100,112,100,,,,,29980,7,6560,7,,,,,,,,,,,,
powerball,2012-03-31,60 Million,36.5 Million,,,,,3,1000000,0,2000000,,,,,671,100,141,100,,,,,37235,7,7377,7,,,,,,,,,,,,
powerball,2012-04-04,70 Million,42.6 Million,,,,,4,1000000,0,2000000,,,,,605,100,126,100,,,,,30232,7,6454,7,,,,,,,,,,,,
powerball,2012-04-07,80 Million,48.4 Million,,,,,9,1000000,5,2000000,,,,,1094,100,267,100,,,,,49139,7,11723,7,,,,,,,,,,,,
powerball,2012-04-11,95 Million,57.2 Million,,,,,3,1000000,0,2000000,,,,,613,100,134,100,,,,,34739,7,7275,7,,,,,,,,,,,,
powerball,2012-04-14,111 Million,69.2 Million,,,,,5,1000000,1,2000000,,,,,1141,100,272,100,,,,,53538,7,11682,7,,,,,,,,,,,,
powerball,2012-04-18,130 Million,80.8 Million,,,,,3,1000000,0,2000000,,,,,744,100,135,100,,,,,40073,7,7491,7,,,,,,,,,,,,
powerball,2012-04-21,151 Million,94.1 Million,,,,,8,1000000,0,2000000,,,,,912,100,187,100,,,,,52768,7,10190,7,,,,,,,,,,,,
powerball,2012-04-25,173 Million,107.5 Million,,,,,8,1000000,2,2000000,,,,,974,100,165,100,,,,,52746,7,9478,7,,,,,,,,,,,,
powerball,2012-04-28,40 Million,25.0 Million,,,,,1,1000000,0,2000000,,,,,442,100,102,100,,,,,25318,7,5501,7,,,,,,,,,,,,
powerball,2012-05-02,50 Million,31.3 Million,,,,,0,1000000,0,2000000,,,,,469,100,115,100,,,,,26271,7,6099,7,,,,,,,,,,,,
powerball,2012-05-05,60 Million,37.8 Million,,,,,2,1000000,1,2000000,,,,,532,100,112,100,,,,,31737,7,7492,7,,,,,,,,,,,,
powerball,2012-05-09,70 Million,44.1 Million,,,,,3,1000000,1,2000000,,,,,614,100,153,100,,,,,35196,7,8953,7,,,,,,,,,,,,
powerball,2012-05-12,80 Million,51.1 Million,,,,,2,1000000,0,2000000,,,,,571,100,110,100,,,,,30117,7,6379,7,,,,,,,,,,,,
powerball,2012-05-16,90 Million,57.4 Million,,,,,3,1000000,3,2000000,,,,,1034,100,269,100,,,,,45536,7,10945,7,,,,,,,,,,,,
powerball,2012-05-19,100 Million,65.4 Million,,,,,0,1000000,1,2000000,,,,,723,100,121,100,,,,,39060,7,7690,7,,,,,,,,,,,,
powerball,2012-05-23,110 Million,71.9 Million,,,,,3,1000000,0,2000000,,,,,668,100,123,100,,,,,39079,7,7647,7,,,,,,,,,,,,
powerball,2012-05-26,127 Million,82.8 Million,,,,,5,1000000,0,2000000,,,,,694,100,146,100,,,,,40440,7,7375,7,,,,,,,,,,,,
powerball,2012-05-30,144 Million,94.0 Million,,,,,3,1000000,0,2000000,,,,,791,100,127,100,,,,,42648,7,8275,7,,,,,,,,,,,,
powerball,2012-06-02,159 Million,108.2 Million,,,,,2,1000000,0,2000000,,,,,1098,100,241,100,,,,,63082,7,12767,7,,,,,,,,,,,,
powerball,2012-06-06,180 Million,122.4 Million,,,,,0,1000000,0,2000000,,,,,929,100,165,100,,,,,51514,7,8811,7,,,,,,,,,,,,
powerball,2012-06-09,211 Million,140.5 Million,,,,,4,1000000,1,2000000,,,,,1178,100,183,100,,,,,62835,7,10085,7,,,,,,,,,,,,
powerball,2012-06-13,241 Million,160.3 Million,,,,,6,1000000,1,2000000,,,,,1499,100,235,100,,,,,82755,7,13277,7,,,,,,,,,,,,
powerball,2012-06-16,40 Million,26.6 Million,,,,,3,1000000,1,2000000,,,,,840,100,197,100,,,,,40548,7,10143,7,,,,,,,,,,,,
powerball,2012-06-20,50 Million,33.3 Million,,,,,2,1000000,0,2000000,,,,,467,100,126,100,,,,,25926,7,6185,7,,,,,,,,,,,,
powerball,2012-06-23,60 Million,39.8 Million,,,,,0,1000000,0,2000000,,,,,515,100,109,100,,,,,28481,7,6277,7,,,,,,,,,,,,
powerball,2012-06-27,40 Million,26.5 Million,,,,,1,1000000,0,2000000,,,,,383,100,112,100,,,,,20959,7,4699,7,,,,,,,,,,,,
powerball,2012-06-30,50 Million,33.0 Million,,,,,3,1000000,0,2000000,,,,,569,100,138,100,,,,,29717,7,7228,7,,,,,,,,,,,,
powerball,2012-07-04,60 Million,39.7 Million,,,,,0,1000000,0,2000000,,,,,495,100,110,100,,,,,22917,7,5435,7,,,,,,,,,,,,
powerball,2012-07-07,70 Million,46.9 Million,,,,,5,1000000,1,2000000,,,,,493,100,142,100,,,,,31682,7,7147,7,,,,,,,,,,,,
powerball,2012-07-11,80 Million,53.6 Million,,,,,2,1000000,0,2000000,,,,,518,100,118,100,,,,,28604,7,6080,7,,,,,,,,,,,,
powerball,2012-07-14,90 Million,61.1 Million,,,,,4,1000000,0,2000000,,,,,676,100,171,100,,,,,37046,7,7847,7,,,,,,,,,,,,
powerball,2012-07-18,100 Million,67.9 Million,,,,,3,1000000,0,2000000,,,,,821,100,154,100,,,,,44491,7,8848,7,,,,,,,,,,,,
powerball,2012-07-21,110 Million,74.1 Million,,,,,3,1000000,0,2000000,,,,,754,100,138,100,,,,,39977,7,7695,7,,,,,,,,,,,,
powerball,2012-07-25,121 Million,81.4 Million,,,,,4,1000000,0,2000000,,,,,831,100,150,100,,,,,42246,7,7655,7,,,,,,,,,,,,
powerball,2012-07-28,139 Million,94.4 Million,,,,,2,1000000,2,2000000,,,,,859,100,153,100,,,,,51290,7,9657,7,,,,,,,,,,,,
powerball,2012-08-01,160 Million,108.4 Million,,,,,5,1000000,0,2000000,,,,,889,100,153,100,,,,,48795,7,8013,7,,,,,,,,,,,,
powerball,2012-08-04,186 Million,125.4 Million,,,,,4,1000000,0,2000000,,,,,1655,100,309,100,,,,,62210,7,10294,7,,,,,,,,,,,,
powerball,2012-08-08,217 Million,146.1 Million,,,,,21,1000000,1,2000000,,,,,3552,100,731,100,,,,,126370,7,23963,7,,,,,,,,,,,,
powerball,2012-08-11,260 Million,173.0 Million,,,,,5,1000000,0,2000000,,,,,1926,100,282,100,,,,,103769,7,15259,7,,,,,,,,,,,,
powerball,2012-08-15,337 Million,224.7 Million,,,,,8,1000000,1,2000000,,,,,3673,100,430,100,,,,,199503,7,23793,7,,,,,,,,,,,,
powerball,2012-08-18,40 Million,25.7 Million,,,,,1,1000000,1,2000000,,,,,458,100,101,100,,,,,25535,7,5672,7,,,,,,,,,,,,
powerball,2012-08-22,50 Million,32.2 Million,,,,,2,1000000,1,2000000,,,,,459,100,109,100,,,,,25109,7,5443,7,,,,,,,,,,,,
powerball,2012-08-25,60 Million,39.6 Million,,,,,3,1000000,0,2000000,,,,,881,100,204,100,,,,,42593,7,10336,7,,,,,,,,,,,,
powerball,2012-08-29,70 Million,46.2 Million,,,,,2,1000000,0,2000000,,,,,467,100,105,100,,,,,25081,7,5411,7,,,,,,,,,,,,
powerball,2012-09-01,80 Million,53.2 Million,,,,,2,1000000,0,2000000,,,,,725,100,170,100,,,,,39014,7,9144,7,,,,,,,,,,,,
powerball,2012-09-05,90 Million,59.8 Million,,,,,1,1000000,1,2000000,,,,,882,100,190,100,,,,,33257,7,7425,7,,,,,,,,,,,,
powerball,2012-09-08,100 Million,65.8 Million,,,,,1,1000000,0,2000000,,,,,802,100,152,100,,,,,39056,7,8017,7,,,,,,,,,,,,
powerball,2012-09-12,110 Million,72.4 Million,,,,,4,1000000,0,2000000,,,,,662,100,129,100,,,,,36431,7,7163,7,,,,,,,,,,,,
powerball,2012-09-15,132 Million,83.4 Million,,,,,4,1000000,1,2000000,,,,,826,100,133,100,,,,,46788,7,8991,7,,,,,,,,,,,,
powerball,2012-09-19,152 Million,96.2 Million,,,,,3,1000000,0,2000000,,,,,948,100,185,100,,,,,55441,7,10711,7,,,,,,,,,,,,
powerball,2012-09-22,173 Million,111.4 Million,,,,,5,1000000,0,2000000,,,,,1109,100,191,100,,,,,59937,7,10563,7,,,,,,,,,,,,
powerball,2012-09-26,202 Million,129.8 Million,,,,,5,1000000,1,2000000,,,,,1376,100,178,100,,,,,72179,7,11474,7,,,,,,,,,,,,
powerball,2012-09-29,40 Million,26.4 Million,,,,,7,1000000,2,2000000,,,,,519,100,133,100,,,,,29596,7,6766,7,,,,,,,,,,,,
powerball,2012-10-03,50 Million,33.0 Million,,,,,0,1000000,1,2000000,,,,,486,100,97,100,,,,,25016,7,5558,7,,,,,,,,,,,,
powerball,2012-10-06,40 Million,25.8 Million,,,,,1,1000000,0,2000000,,,,,435,100,80,100,,,,,25154,7,5532,7,,,,,,,,,,,,
powerball,2012-10-10,50 Million,32.3 Million,,,,,0,1000000,0,2000000,,,,,424,100,105,100,,,,,24936,7,5632,7,,,,,,,,,,,,
powerball,2012-10-13,60 Million,39.5 Million,,,,,0,1000000,0,2000000,,,,,713,100,157,100,,,,,35181,7,8556,7,,,,,,,,,,,,
powerball,2012-10-17,70 Million,46.1 Million,,,,,2,1000000,2,2000000,,,,,888,100,211,100,,,,,41137,7,10754,7,,,,,,,,,,,,
powerball,2012-10-20,80 Million,51.4 Million,,,,,4,1000000,0,2000000,,,,,660,100,138,100,,,,,36527,7,7873,7,,,,,,,,,,,,
powerball,2012-10-24,90 Million,57.8 Million,,,,,0,1000000,0,2000000,,,,,708,100,134,100,,,,,37730,7,8294,7,,,,,,,,,,,,
powerball,2012-10-27,100 Million,65.0 Million,,,,,1,1000000,0,2000000,,,,,747,100,109,100,,,,,39543,7,7370,7,,,,,,,,,,,,
powerball,2012-10-31,110 Million,71.5 Million,,,,,3,1000000,1,2000000,,,,,652,100,116,100,,,,,34520,7,6894,7,,,,,,,,,,,,
powerball,2012-11-03,126 Million,81.8 Million,,,,,4,1000000,2,2000000,,,,,1018,100,211,100,,,,,58559,7,12495,7,,,,,,,,,,,,
powerball,2012-11-07,146 Million,94.3 Million,,,,,1,1000000,0,2000000,,,,,743,100,136,100,,,,,42490,7,7376,7,,,,,,,,,,,,
powerball,2012-11-10,164 Million,109.3 Million,,,,,3,1000000,1,2000000,,,,,931,100,156,100,,,,,52015,7,8546,7,,,,,,,,,,,,
powerball,2012-11-14,187 Million,125.3 Million,,,,,2,1000000,0,2000000,,,,,1122,100,169,100,,,,,62177,7,10214,7,,,,,,,,,,,,
powerball,2012-11-17,219 Million,146.2 Million,,,,,5,1000000,1,2000000,,,,,1469,100,191,100,,,,,77944,7,11946,7,,,,,,,,,,,,
powerball,2012-11-21,263 Million,172.1 Million,,,,,2,1000000,1,2000000,,,,,2045,100,360,100,,,,,113838,7,17323,7,,,,,,,,,,,,
powerball,2012-11-24,327 Million,214.1 Million,,,,,10,1000000,1,2000000,,,,,2951,100,393,100,,,,,163249,7,21878,7,,,,,,,,,,,,
powerball,2012-11-28,588 Million,384.7 Million,,,,,58,1000000,8,2000000,,,,,16407,100,1721,100,,,,,796149,7,84724,7,,,,,,,,,,,,
powerball,2012-12-01,40 Million,26.5 Million,,,,,4,1000000,1,2000000,,,,,747,100,197,100,,,,,38576,7,9114,7,,,,,,,,,,,,
powerball,2012-12-05,50 Million,33.1 Million,,,,,2,1000000,0,2000000,,,,,817,100,163,100,,,,,38611,7,9388,7,,,,,,,,,,,,
powerball,2012-12-08,40 Million,26.4 Million,,,,,3,1000000,0,2000000,,,,,571,100,139,100,,,,,33258,7,7542,7,,,,,,,,,,,,
powerball,2012-12-12,50 Million,33.0 Million,,,,,1,1000000,0,2000000,,,,,643,100,144,100,,,,,37063,7,8429,7,,,,,,,,,,,,
powerball,2012-12-15,40 Million,26.1 Million,,,,,4,1000000,0,2000000,,,,,526,100,127,100,,,,,28183,7,6395,7,,,,,,,,,,,,
powerball,2012-12-19,50 Million,32.7 Million,,,,,8,1000000,1,2000000,,,,,1144,100,286,100,,,,,44961,7,11019,7,,,,,,,,,,,,
powerball,2012-12-22,40 Million,26.0 Million,,,,,5,1000000,1,2000000,,,,,540,100,124,100,,,,,29270,7,6477,7,,,,,,,,,,,,
powerball,2012-12-26,50 Million,32.4 Million,,,,,3,1000000,2,2000000,,,,,491,100,113,100,,,,,29092,7,6615,7,,,,,,,,,,,,
powerball,2012-12-29,40 Million,26.2 Million,,,,,1,1000000,1,2000000,,,,,467,100,115,100,,,,,24191,7,5334,7,,,,,,,,,,,,
powerball,2013-01-02,50 Million,32.7 Million,,,,,0,1000000,1,2000000,,,,,469,100,101,100,,,,,24746,7,5707,7,,,,,,,,,,,,
powerball,2013-01-05,60 Million,37.7 Million,,,,,3,1000000,1,2000000,,,,,482,100,109,100,,,,,27012,7,6015,7,,,,,,,,,,,,
powerball,2013-01-09,70 Million,44.0 Million,,,,,1,1000000,1,2000000,,,,,575,100,100,100,,,,,32844,7,7650,7,,,,,,,,,,,,
powerball,2013-01-12,80 Million,50.8 Million,,,,,2,1000000,1,2000000,,,,,744,100,150,100,,,,,37777,7,8725,7,,,,,,,,,,,,
powerball,2013-01-16,90 Million,57.2 Million,,,,,0,1000000,1,2000000,,,,,596,100,145,100,,,,,32979,7,7206,7,,,,,,,,,,,,
powerball,2013-01-19,100 Million,63.9 Million,,,,,3,1000000,0,2000000,,,,,780,100,157,100,,,,,44765,7,8790,7,,,,,,,,,,,,
powerball,2013-01-23,112 Million,71.5 Million,,,,,1,1000000,0,2000000,,,,,870,100,182,100,,,,,43794,7,8977,7,,,,,,,,,,,,
powerball,2013-01-26,133 Million,84.0 Million,,,,,6,1000000,0,2000000,,,,,867,100,146,100,,,,,47215,7,8929,7,,,,,,,,,,,,
powerball,2013-01-30,154 Million,97.7 Million,,,,,3,1000000,0,2000000,,,,,1017,100,159,100,,,,,50919,7,8847,7,,,,,,,,,,,,
powerball,2013-02-02,183 Million,115.0 Million,,,,,6,1000000,1,2000000,,,,,1295,100,216,100,,,,,68306,7,11692,7,,,,,,,,,,,,
powerball,2013-02-06,217 Million,136.5 Million,,,,,6,1000000,1,2000000,,,,,1526,100,213,100,,,,,83317,7,12828,7,,,,,,,,,,,,
powerball,2013-02-09,40 Million,25.1 Million,,,,,3,1000000,0,2000000,,,,,560,100,104,100,,,,,31706,7,7303,7,,,,,,,,,,,,
powerball,2013-02-13,50 Million,31.4 Million,,,,,1,1000000,1,2000000,,,,,669,100,154,100,,,,,34928,7,8270,7,,,,,,,,,,,,
powerball,2013-02-16,60 Million,37.5 Million,,,,,2,1000000,1,2000000,,,,,483,100,113,100,,,,,29023,7,6115,7,,,,,,,,,,,,
powerball,2013-02-20,70 Million,43.8 Million,,,,,0,1000000,0,2000000,,,,,811,100,187,100,,,,,40406,7,9383,7,,,,,,,,,,,,
powerball,2013-02-23,80 Million,49.9 Million,,,,,7,1000000,2,2000000,,,,,649,100,162,100,,,,,37402,7,7839,7,,,,,,,,,,,,
powerball,2013-02-27,90 Million,56.1 Million,,,,,4,1000000,0,2000000,,,,,743,100,150,100,,,,,37718,7,7782,7,,,,,,,,,,,,
powerball,2013-03-02,106 Million,67.2 Million,,,,,2,1000000,0,2000000,,,,,890,100,194,100,,,,,53412,7,10679,7,,,,,,,,,,,,
powerball,2013-03-06,127 Million,80.4 Million,,,,,9,1000000,1,2000000,,,,,1136,100,229,100,,,,,54815,7,10438,7,,,,,,,,,,,,
powerball,2013-03-09,156 Million,95.6 Million,,,,,2,1000000,1,2000000,,,,,1032,100,190,100,,,,,55217,7,9945,7,,,,,,,,,,,,
powerball,2013-03-13,183 Million,112.6 Million,,,,,5,1000000,0,2000000,,,,,1348,100,208,100,,,,,72463,7,12728,7,,,,,,,,,,,,
powerball,2013-03-16,218 Million,134.9 Million,,,,,13,1000000,3,2000000,,,,,1801,100,303,100,,,,,101334,7,17423,7,,,,,,,,,,,,
powerball,2013-03-20,262 Million,162.1 Million,,,,,3,1000000,0,2000000,,,,,1820,100,287,100,,,,,105382,7,15562,7,,,,,,,,,,,,
powerball,2013-03-23,338 Million,211.0 Million,,,,,13,1000000,1,2000000,,,,,3452,100,435,100,,,,,189243,7,25195,7,,,,,,,,,,,,
powerball,2013-03-27,40 Million,25.0 Million,,,,,2,1000000,0,2000000,,,,,452,100,83,100,,,,,25398,7,5731,7,,,,,,,,,,,,
powerball,2013-03-30,50 Million,31.4 Million,,,,,2,1000000,0,2000000,,,,,670,100,164,100,,,,,34479,7,8078,7,,,,,,,,,,,,
powerball,2013-04-03,40 Million,25.1 Million,,,,,5,1000000,1,2000000,,,,,1158,100,253,100,,,,,46253,7,12141,7,,,,,,,,,,,,
powerball,2013-04-06,50 Million,32.4 Million,,,,,1,1000000,3,2000000,,,,,854,100,205,100,,,,,46766,7,11545,7,,,,,,,,,,,,
powerball,2013-04-10,60 Million,38.9 Million,,,,,1,1000000,0,2000000,,,,,693,100,96,100,,,,,36720,7,5737,7,,,,,,,,,,,,
powerball,2013-04-13,70 Million,45.1 Million,,,,,5,1000000,0,2000000,,,,,728,100,117,100,,,,,41708,7,7619,7,,,,,,,,,,,,
powerball,2013-04-17,80 Million,51.6 Million,,,,,1,1000000,2,2000000,,,,,707,100,108,100,,,,,36826,7,6476,7,,,,,,,,,,,,
powerball,2013-04-20,96 Million,62.3 Million,,,,,6,1000000,0,2000000,,,,,871,100,160,100,,,,,48371,7,8965,7,,,,,,,,,,,,
powerball,2013-04-24,116 Million,75.6 Million,,,,,5,1000000,0,2000000,,,,,932,100,143,100,,,,,49900,7,8432,7,,,,,,,,,,,,
powerball,2013-04-27,139 Million,91.0 Million,,,,,2,1000000,0,2000000,,,,,943,100,163,100,,,,,55513,7,9081,7,,,,,,,,,,,,
powerball,2013-05-01,164 Million,106.9 Million,,,,,2,1000000,0,2000000,,,,,1036,100,140,100,,,,,57393,7,8637,7,,,,,,,,,,,,
powerball,2013-05-04,194 Million,126.2 Million,,,,,4,1000000,0,2000000,,,,,1636,100,286,100,,,,,86915,7,14050,7,,,,,,,,,,,,
powerball,2013-05-08,230 Million,149.5 Million,,,,,1,1000000,3,2000000,,,,,1580,100,231,100,,,,,89167,7,12384,7,,,,,,,,,,,,
powerball,2013-05-11,279 Million,177.6 Million,,,,,16,1000000,0,2000000,,,,,2662,100,369,100,,,,,133910,7,20123,7,,,,,,,,,,,,
powerball,2013-05-15,364 Million,231.6 Million,,,,,26,1000000,2,2000000,,,,,4173,100,507,100,,,,,229811,7,27957,7,,,,,,,,,,,,
powerball,2013-05-18,591 Million,370.9 Million,,,,,33,1000000,2,2000000,,,,,11210,100,1127,100,,,,,605111,7,62500,7,,,,,,,,,,,,
powerball,2013-05-22,40 Million,25.1 Million,,,,,4,1000000,1,2000000,,,,,567,100,94,100,,,,,32996,7,5782,7,,,,,,,,,,,,
powerball,2013-05-25,50 Million,31.1 Million,,,,,10,1000000,1,2000000,,,,,1581,100,323,100,,,,,61980,7,12829,7,,,,,,,,,,,,
powerball,2013-05-29,40 Million,24.9 Million,,,,,2,1000000,0,2000000,,,,,510,100,108,100,,,,,31504,7,5904,7,,,,,,,,,,,,
powerball,2013-06-01,40 Million,24.4 Million,,,,,2,1000000,0,2000000,,,,,618,100,119,100,,,,,34132,7,6290,7,,,,,,,,,,,,
powerball,2013-06-05,50 Million,30.6 Million,,,,,0,1000000,2,2000000,,,,,580,100,91,100,,,,,33289,7,6177,7,,,,,,,,,,,,
powerball,2013-06-08,60 Million,36.8 Million,,,,,2,1000000,1,2000000,,,,,1130,100,253,100,,,,,56235,7,11268,7,,,,,,,,,,,,
powerball,2013-06-12,70 Million,42.9 Million,,,,,3,1000000,2,2000000,,,,,630,100,124,100,,,,,37287,7,6744,7,,,,,,,,,,,,
powerball,2013-06-15,85 Million,52.0 Million,,,,,1,1000000,0,2000000,,,,,736,100,124,100,,,,,38967,7,6801,7,,,,,,,,,,,,
powerball,2013-06-19,105 Million,63.8 Million,,,,,2,1000000,0,2000000,,,,,728,100,116,100,,,,,40051,7,6493,7,,,,,,,,,,,,
powerball,2013-06-22,132 Million,77.4 Million,,,,,3,1000000,1,2000000,,,,,1047,100,178,100,,,,,57589,7,10120,7,,,,,,,,,,,,
powerball,2013-06-26,40 Million,23.5 Million,,,,,2,1000000,0,2000000,,,,,525,100,97,100,,,,,29471,7,5665,7,,,,,,,,,,,,
powerball,2013-06-29,50 Million,29.3 Million,,,,,1,1000000,0,2000000,,,,,578,100,124,100,,,,,33833,7,6619,7,,,,,,,,,,,,
powerball,2013-07-03,60 Million,35.2 Million,,,,,2,1000000,1,2000000,,,,,634,100,125,100,,,,,34807,7,6962,7,,,,,,,,,,,,
powerball,2013-07-06,70 Million,41.5 Million,,,,,2,1000000,0,2000000,,,,,613,100,119,100,,,,,33310,7,6482,7,,,,,,,,,,,,
powerball,2013-07-10,80 Million,47.4 Million,,,,,4,1000000,0,2000000,,,,,563,100,107,100,,,,,30766,7,5540,7,,,,,,,,,,,,
powerball,2013-07-13,98 Million,56.9 Million,,,,,5,1000000,0,2000000,,,,,833,100,171,100,,,,,46483,7,8647,7,,,,,,,,,,,,
powerball,2013-07-17,118 Million,68.8 Million,,,,,1,1000000,1,2000000,,,,,856,100,120,100,,,,,44049,7,7121,7,,,,,,,,,,,,
powerball,2013-07-20,142 Million,83.1 Million,,,,,4,1000000,1,2000000,,,,,921,100,126,100,,,,,52046,7,8277,7,,,,,,,,,,,,
powerball,2013-07-24,167 Million,97.9 Million,,,,,5,1000000,1,2000000,,,,,1025,100,137,100,,,,,55035,7,8225,7,,,,,,,,,,,,
powerball,2013-07-27,201 Million,116.9 Million,,,,,4,1000000,0,2000000,,,,,1321,100,179,100,,,,,70404,7,9879,7,,,,,,,,,,,,
powerball,2013-07-31,244 Million,141.5 Million,,,,,5,1000000,2,2000000,,,,,1794,100,216,100,,,,,94049,7,12123,7,,,,,,,,,,,,
powerball,2013-08-03,307 Million,176.9 Million,,,,,7,1000000,2,2000000,,,,,2658,100,320,100,,,,,143136,7,18268,7,,,,,,,,,,,,
powerball,2013-08-07,448 Million,258.2 Million,,,,,34,1000000,4,2000000,,,,,5807,100,589,100,,,,,322723,7,34205,7,,,,,,,,,,,,
powerball,2013-08-10,40 Million,23.1 Million,,,,,2,1000000,2,2000000,,,,,593,100,109,100,,,,,36253,7,6744,7,,,,,,,,,,,,
powerball,2013-08-14,50 Million,28.9 Million,,,,,3,1000000,0,2000000,,,,,710,100,134,100,,,,,38966,7,7841,7,,,,,,,,,,,,
powerball,2013-08-17,60 Million,33.5 Million,,,,,1,1000000,0,2000000,,,,,661,100,105,100,,,,,35984,7,6630,7,,,,,,,,,,,,
powerball,2013-08-21,72 Million,40.2 Million,,,,,2,1000000,0,2000000,,,,,717,100,108,100,,,,,34993,7,6202,7,,,,,,,,,,,,
powerball,2013-08-24,94 Million,52.4 Million,,,,,4,1000000,0,2000000,,,,,841,100,146,100,,,,,46492,7,8317,7,,,,,,,,,,,,
powerball,2013-08-28,118 Million,65.3 Million,,,,,4,1000000,0,2000000,,,,,1593,100,291,100,,,,,75410,7,14550,7,,,,,,,,,,,,
powerball,2013-08-31,142 Million,81.0 Million,,,,,2,1000000,2,2000000,,,,,1177,100,191,100,,,,,64180,7,10853,7,,,,,,,,,,,,
powerball,2013-09-04,169 Million,96.0 Million,,,,,11,1000000,0,2000000,,,,,1111,100,186,100,,,,,60963,7,10022,7,,,,,,,,,,,,
powerball,2013-09-07,209 Million,116.0 Million,,,,,3,1000000,1,2000000,,,,,1642,100,345,100,,,,,91884,7,14899,7,,,,,,,,,,,,
powerball,2013-09-11,248 Million,138.1 Million,,,,,5,1000000,1,2000000,,,,,1641,100,261,100,,,,,89875,7,12852,7,,,,,,,,,,,,
powerball,2013-09-14,301 Million,168.5 Million,,,,,11,1000000,0,2000000,,,,,2313,100,286,100,,,,,124359,7,16744,7,,,,,,,,,,,,
powerball,2013-09-18,399 Million,223.3 Million,,,,,9,1000000,3,2000000,,,,,4740,100,561,100,,,,,245580,7,28715,7,,,,,,,,,,,,
powerball,2013-09-21,40 Million,22.5 Million,,,,,5,1000000,0,2000000,,,,,617,100,122,100,,,,,32495,7,6395,7,,,,,,,,,,,,
powerball,2013-09-25,50 Million,28.2 Million,,,,,1,1000000,0,2000000,,,,,656,100,131,100,,,,,37570,7,7645,7,,,,,,,,,,,,
powerball,2013-09-28,60 Million,34.4 Million,,,,,1,1000000,0,2000000,,,,,603,100,121,100,,,,,33100,7,6320,7,,,,,,,,,,,,
powerball,2013-10-02,70 Million,40.1 Million,,,,,3,1000000,0,2000000,,,,,661,100,134,100,,,,,37579,7,7206,7,,,,,,,,,,,,
powerball,2013-10-05,88 Million,50.3 Million,,,,,5,1000000,0,2000000,,,,,893,100,185,100,,,,,46752,7,9308,7,,,,,,,,,,,,
powerball,2013-10-09,110 Million,62.7 Million,,,,,7,1000000,0,2000000,,,,,1186,100,220,100,,,,,56866,7,10975,7,,,,,,,,,,,,
powerball,2013-10-12,134 Million,76.5 Million,,,,,2,1000000,0,2000000,,,,,851,100,149,100,,,,,49286,7,8794,7,,,,,,,,,,,,
powerball,2013-10-16,158 Million,90.1 Million,,,,,3,1000000,0,2000000,,,,,1043,100,124,100,,,,,52847,7,8368,7,,,,,,,,,,,,
powerball,2013-10-19,183 Million,105.7 Million,,,,,6,1000000,0,2000000,,,,,986,100,127,100,,,,,55219,7,8450,7,,,,,,,,,,,,
powerball,2013-10-23,213 Million,123.3 Million,,,,,8,1000000,0,2000000,,,,,1314,100,177,100,,,,,72323,7,10851,7,,,,,,,,,,,,
powerball,2013-10-26,40 Million,23.3 Million,,,,,6,1000000,0,2000000,,,,,620,100,92,100,,,,,32016,7,6180,7,,,,,,,,,,,,
powerball,2013-10-30,50 Million,29.2 Million,,,,,1,1000000,0,2000000,,,,,531,100,87,100,,,,,27259,7,5329,7,,,,,,,,,,,,
powerball,2013-11-02,60 Million,34.7 Million,,,,,2,1000000,0,2000000,,,,,743,100,135,100,,,,,40815,7,8406,7,,,,,,,,,,,,
powerball,2013-11-06,70 Million,40.4 Million,,,,,2,1000000,2,2000000,,,,,1113,100,258,100,,,,,47534,7,10617,7,,,,,,,,,,,,
powerball,2013-11-09,88 Million,49.8 Million,,,,,2,1000000,0,2000000,,,,,656,100,116,100,,,,,36419,7,7013,7,,,,,,,,,,,,
powerball,2013-11-13,108 Million,60.9 Million,,,,,2,1000000,0,2000000,,,,,617,100,108,100,,,,,35470,7,6067,7,,,,,,,,,,,,
powerball,2013-11-16,130 Million,73.4 Million,,,,,5,1000000,0,2000000,,,,,785,100,142,100,,,,,42574,7,7587,7,,,,,,,,,,,,
powerball,2013-11-20,40 Million,22.5 Million,,,,,3,1000000,1,2000000,,,,,663,100,152,100,,,,,32350,7,7111,7,,,,,,,,,,,,
powerball,2013-11-23,50 Million,27.9 Million,,,,,1,1000000,0,2000000,,,,,498,100,115,100,,,,,30555,7,6270,7,,,,,,,,,,,,
powerball,2013-11-27,60 Million,33.5 Million,,,,,0,1000000,1,2000000,,,,,496,100,85,100,,,,,27567,7,5257,7,,,,,,,,,,,,
powerball,2013-11-30,70 Million,39.3 Million,,,,,0,1000000,0,2000000,,,,,489,100,104,100,,,,,29057,7,5894,7,,,,,,,,,,,,
powerball,2013-12-04,81 Million,45.2 Million,,,,,5,1000000,2,2000000,,,,,935,100,217,100,,,,,45375,7,9614,7,,,,,,,,,,,,
powerball,2013-12-07,102 Million,56.7 Million,,,,,5,1000000,0,2000000,,,,,749,100,165,100,,,,,39571,7,7398,7,,,,,,,,,,,,
powerball,2013-12-11,123 Million,68.4 Million,,,,,7,1000000,0,2000000,,,,,1455,100,352,100,,,,,61646,7,12893,7,,,,,,,,,,,,
powerball,2013-12-14,40 Million,22.2 Million,,,,,3,1000000,0,2000000,,,,,773,100,124,100,,,,,41101,7,7540,7,,,,,,,,,,,,
powerball,2013-12-18,50 Million,27.7 Million,,,,,0,1000000,0,2000000,,,,,695,100,130,100,,,,,38739,7,7229,7,,,,,,,,,,,,
powerball,2013-12-21,60 Million,33.5 Million,,,,,2,1000000,0,2000000,,,,,556,100,107,100,,,,,29783,7,5815,7,,,,,,,,,,,,
powerball,2013-12-25,72 Million,39.9 Million,,,,,1,1000000,0,2000000,,,,,518,100,107,100,,,,,28161,7,5102,7,,,,,,,,,,,,
powerball,2013-12-28,40 Million,22.1 Million,,,,,2,1000000,1,2000000,,,,,447,100,92,100,,,,,25730,7,5103,7,,,,,,,,,,,,
powerball,2014-01-01,50 Million,27.7 Million,,,,,0,1000000,0,2000000,,,,,460,100,104,100,,,,,26399,7,5253,7,,,,,,,,,,,,
powerball,2014-01-04,60 Million,33.1 Million,,,,,1,1000000,0,2000000,,,,,492,100,92,100,,,,,27699,7,5756,7,,,,,,,,,,,,
powerball,2014-01-08,70 Million,38.6 Million,,,,,2,1000000,0,2000000,,,,,484,100,92,100,,,,,25720,7,5101,7,,,,,,,,,,,,
powerball,2014-01-11,80 Million,44.7 Million,,,,,1,1000000,0,2000000,,,,,566,100,110,100,,,,,31209,7,5970,7,,,,,,,,,,,,
powerball,2014-01-15,94 Million,52.4 Million,,,,,3,1000000,0,2000000,,,,,1184,100,290,100,,,,,52131,7,11436,7,,,,,,,,,,,,
powerball,2014-01-18,113 Million,63.9 Million,,,,,4,1000000,1,2000000,,,,,790,100,136,100,,,,,44512,7,8428,7,,,,,,,,,,,,
powerball,2014-01-22,131 Million,73.9 Million,,,,,3,1000000,0,2000000,,,,,1461,100,330,300,,,,,55752,7,11650,21,,,,,,,,,,,,
powerball,2014-01-25,150 Million,85.7 Million,,,,,2,1000000,1,2000000,,,,,791,100,138,200,,,,,45674,7,8282,14,,,,,,,,,,,,
powerball,2014-01-29,170 Million,97.2 Million,,,,,5,1000000,0,2000000,,,,,894,100,194,200,,,,,47700,7,8552,14,,,,,,,,,,,,
powerball,2014-02-01,194 Million,111.9 Million,,,,,5,1000000,2,2000000,,,,,1336,100,281,200,,,,,68275,7,12833,14,,,,,,,,,,,,
powerball,2014-02-05,220 Million,126.7 Million,,,,,2,1000000,1,2000000,,,,,978,100,170,300,,,,,54347,7,8695,21,,,,,,,,,,,,
powerball,2014-02-08,253 Million,145.1 Million,,,,,10,1000000,0,2000000,,,,,1265,100,191,200,,,,,68661,7,10741,14,,,,,,,,,,,,
powerball,2014-02-12,286 Million,163.9 Million,,,,,8,1000000,0,2000000,,,,,1449,100,173,200,,,,,72851,7,9745,14,,,,,,,,,,,,
powerball,2014-02-15,331 Million,188.4 Million,,,,,9,1000000,1,2000000,,,,,3065,100,493,300,,,,,131556,7,21266,21,,,,,,,,,,,,
powerball,2014-02-19,425 Million,242.2 Million,,,,,17,1000000,1,2000000,,,,,4003,100,477,300,,,,,213743,7,24554,21,,,,,,,,,,,,
powerball,2014-02-22,40 Million,22.6 Million,,,,,1,1000000,0,2000000,,,,,719,100,199,500,,,,,36230,7,8008,35,,,,,,,,,,,,
powerball,2014-02-26,50 Million,28.2 Million,,,,,0,1000000,0,2000000,,,,,650,100,134,200,,,,,33431,7,7400,14,,,,,,,,,,,,
powerball,2014-03-01,60 Million,34.4 Million,,,,,3,1000000,4,2000000,,,,,839,100,191,400,,,,,41779,7,9462,28,,,,,,,,,,,,
powerball,2014-03-05,40 Million,23.0 Million,,,,,1,1000000,0,2000000,,,,,797,100,181,200,,,,,43890,7,10530,14,,,,,,,,,,,,
powerball,2014-03-08,50 Million,28.2 Million,,,,,3,1000000,2,2000000,,,,,640,100,149,200,,,,,35708,7,7693,14,,,,,,,,,,,,
powerball,2014-03-12,60 Million,33.8 Million,,,,,1,1000000,0,2000000,,,,,490,100,118,200,,,,,26815,7,5666,14,,,,,,,,,,,,
powerball,2014-03-15,70 Million,40.2 Million,,,,,3,1000000,1,2000000,,,,,574,100,107,400,,,,,30343,7,5879,28,,,,,,,,,,,,
powerball,2014-03-19,80 Million,45.9 Million,,,,,6,1000000,0,2000000,,,,,744,100,153,200,,,,,35945,7,7567,14,,,,,,,,,,,,
powerball,2014-03-22,97 Million,55.4 Million,,,,,5,1000000,0,2000000,,,,,594,100,124,200,,,,,33090,7,6504,14,,,,,,,,,,,,
powerball,2014-03-26,40 Million,22.9 Million,,,,,3,1000000,0,2000000,,,,,452,100,82,200,,,,,23933,7,4705,14,,,,,,,,,,,,
powerball,2014-03-29,50 Million,29.1 Million,,,,,2,1000000,0,2000000,,,,,832,100,204,200,,,,,42743,7,9908,14,,,,,,,,,,,,
powerball,2014-04-02,60 Million,34.9 Million,,,,,1,1000000,0,2000000,,,,,680,100,175,200,,,,,34892,7,7831,14,,,,,,,,,,,,
powerball,2014-04-05,70 Million,40.2 Million,,,,,4,1000000,1,2000000,,,,,685,100,142,500,,,,,36495,7,7746,35,,,,,,,,,,,,
powerball,2014-04-09,80 Million,46.0 Million,,,,,2,1000000,0,2000000,,,,,559,100,113,200,,,,,29999,7,6031,14,,,,,,,,,,,,
powerball,2014-04-12,92 Million,53.8 Million,,,,,1,1000000,0,2000000,,,,,648,100,111,200,,,,,32770,7,6337,14,,,,,,,,,,,,
powerball,2014-04-16,110 Million,64.3 Million,,,,,2,1000000,0,2000000,,,,,631,100,116,300,,,,,33775,7,6110,21,,,,,,,,,,,,
powerball,2014-04-19,130 Million,75.9 Million,,,,,0,1000000,0,2000000,,,,,788,100,126,500,,,,,42019,7,7841,35,,,,,,,,,,,,
powerball,2014-04-23,149 Million,86.9 Million,,,,,3,1000000,1,2000000,,,,,752,100,128,400,,,,,41953,7,7545,28,,,,,,,,,,,,
powerball,2014-04-26,40 Million,23.4 Million,,,,,2,1000000,0,2000000,,,,,917,100,192,300,,,,,40297,7,9250,21,,,,,,,,,,,,
powerball,2014-04-30,50 Million,29.3 Million,,,,,2,1000000,1,2000000,,,,,881,100,229,300,,,,,40212,7,9717,21,,,,,,,,,,,,
powerball,2014-05-03,60 Million,35.6 Million,,,,,3,1000000,4,2000000,,,,,508,100,114,400,,,,,29450,7,6498,28,,,,,,,,,,,,
powerball,2014-05-07,70 Million,41.5 Million,,,,,0,1000000,0,2000000,,,,,460,100,106,200,,,,,25564,7,5513,14,,,,,,,,,,,,
powerball,2014-05-10,80 Million,47.4 Million,,,,,1,1000000,0,2000000,,,,,526,100,95,200,,,,,28484,7,5877,14,,,,,,,,,,,,
powerball,2014-05-14,90 Million,53.3 Million,,,,,0,1000000,0,2000000,,,,,462,100,81,300,,,,,26843,7,5469,21,,,,,,,,,,,,
powerball,2014-05-17,100 Million,59.6 Million,,,,,3,1000000,1,2000000,,,,,557,100,134,300,,,,,33140,7,6578,21,,,,,,,,,,,,
powerball,2014-05-21,116 Million,68.8 Million,,,,,5,1000000,0,2000000,,,,,584,100,125,500,,,,,31374,7,5777,35,,,,,,,,,,,,
powerball,2014-05-24,135 Million,79.7 Million,,,,,2,1000000,0,2000000,,,,,674,100,133,200,,,,,37826,7,7066,14,,,,,,,,,,,,
powerball,2014-05-28,153 Million,90.2 Million,,,,,2,1000000,0,2000000,,,,,695,100,101,300,,,,,39270,7,6813,21,,,,,,,,,,,,
powerball,2014-05-31,173 Million,103.2 Million,,,,,6,1000000,0,2000000,,,,,874,100,161,200,,,,,48889,7,8448,14,,,,,,,,,,,,
powerball,2014-06-04,196 Million,117.2 Million,,,,,1,1000000,1,2000000,,,,,1451,100,262,300,,,,,70187,7,12903,21,,,,,,,,,,,,
powerball,2014-06-07,227 Million,134.4 Million,,,,,4,1000000,0,2000000,,,,,1166,100,188,200,,,,,61850,7,9242,14,,,,,,,,,,,,
powerball,2014-06-11,260 Million,153.5 Million,,,,,4,1000000,0,2000000,,,,,1404,100,192,500,,,,,78863,7,11493,35,,,,,,,,,,,,
powerball,2014-06-14,40 Million,23.5 Million,,,,,2,1000000,1,2000000,,,,,553,100,106,300,,,,,29541,7,6079,21,,,,,,,,,,,,
powerball,2014-06-18,50 Million,29.4 Million,,,,,1,1000000,0,2000000,,,,,470,100,97,300,,,,,26966,7,5604,21,,,,,,,,,,,,
powerball,2014-06-21,60 Million,35.0 Million,,,,,3,1000000,1,2000000,,,,,533,100,94,300,,,,,28113,7,5833,21,,,,,,,,,,,,
powerball,2014-06-25,70 Million,40.9 Million,,,,,2,1000000,0,2000000,,,,,566,100,115,400,,,,,30565,7,6432,28,,,,,,,,,,,,
powerball,2014-06-28,80 Million,47.8 Million,,,,,0,1000000,2,2000000,,,,,577,100,170,200,,,,,31587,7,6576,14,,,,,,,,,,,,
powerball,2014-07-02,90 Million,53.8 Million,,,,,4,1000000,1,2000000,,,,,556,100,81,200,,,,,29054,7,5515,14,,,,,,,,,,,,
powerball,2014-07-05,106 Million,62.1 Million,,,,,3,1000000,0,2000000,,,,,607,100,100,400,,,,,33321,7,6253,28,,,,,,,,,,,,
powerball,2014-07-09,125 Million,73.1 Million,,,,,3,1000000,1,2000000,,,,,669,100,141,200,,,,,36972,7,6812,14,,,,,,,,,,,,
powerball,2014-07-12,40 Million,24.0 Million,,,,,4,1000000,1,2000000,,,,,879,100,180,200,,,,,40975,7,9661,14,,,,,,,,,,,,
powerball,2014-07-16,50 Million,29.9 Million,,,,,3,1000000,0,2000000,,,,,646,100,132,300,,,,,31686,7,7251,21,,,,,,,,,,,,
powerball,2014-07-19,60 Million,36.1 Million,,,,,0,1000000,0,2000000,,,,,619,100,125,200,,,,,30688,7,6917,14,,,,,,,,,,,,
powerball,2014-07-23,40 Million,24.1 Million,,,,,3,1000000,0,2000000,,,,,991,100,272,500,,,,,39333,7,9477,35,,,,,,,,,,,,
powerball,2014-07-26,50 Million,30.2 Million,,,,,1,1000000,0,2000000,,,,,478,100,110,200,,,,,26151,7,5529,14,,,,,,,,,,,,
powerball,2014-07-30,60 Million,36.3 Million,,,,,1,1000000,0,2000000,,,,,442,100,78,300,,,,,22933,7,4701,21,,,,,,,,,,,,
powerball,2014-08-02,70 Million,42.0 Million,,,,,4,1000000,0,2000000,,,,,537,100,114,200,,,,,29700,7,6438,14,,,,,,,,,,,,
powerball,2014-08-06,80 Million,48.0 Million,,,,,2,1000000,0,2000000,,,,,635,100,139,500,,,,,32898,7,7317,35,,,,,,,,,,,,
powerball,2014-08-09,90 Million,54.9 Million,,,,,5,1000000,1,2000000,,,,,622,100,129,200,,,,,33301,7,7150,14,,,,,,,,,,,,
powerball,2014-08-13,40 Million,24.4 Million,,,,,1,1000000,0,2000000,,,,,391,100,68,200,,,,,21180,7,4698,14,,,,,,,,,,,,
powerball,2014-08-16,50 Million,30.5 Million,,,,,2,1000000,0,2000000,,,,,430,100,97,200,,,,,28597,7,6550,14,,,,,,,,,,,,
powerball,2014-08-20,60 Million,36.6 Million,,,,,1,1000000,0,2000000,,,,,502,100,115,200,,,,,27186,7,6075,14,,,,,,,,,,,,
powerball,2014-08-23,70 Million,42.7 Million,,,,,1,1000000,1,2000000,,,,,454,100,81,300,,,,,25371,7,5478,21,,,,,,,,,,,,
powerball,2014-08-27,80 Million,48.8 Million,,,,,7,1000000,2,2000000,,,,,598,100,117,300,,,,,26395,7,5855,21,,,,,,,,,,,,
powerball,2014-08-30,90 Million,55.5 Million,,,,,1,1000000,0,2000000,,,,,579,100,117,200,,,,,30249,7,6361,14,,,,,,,,,,,,
powerball,2014-09-03,100 Million,61.7 Million,,,,,4,1000000,0,2000000,,,,,603,100,108,300,,,,,32018,7,6081,21,,,,,,,,,,,,
powerball,2014-09-06,111 Million,67.6 Million,,,,,1,1000000,0,2000000,,,,,691,100,132,200,,,,,38592,7,7338,14,,,,,,,,,,,,
powerball,2014-09-10,129 Million,78.4 Million,,,,,2,1000000,0,2000000,,,,,704,100,146,500,,,,,38016,7,6975,35,,,,,,,,,,,,
powerball,2014-09-13,152 Million,90.4 Million,,,,,1,1000000,0,2000000,,,,,842,100,161,300,,,,,46157,7,8869,21,,,,,,,,,,,,
powerball,2014-09-17,173 Million,103.0 Million,,,,,5,1000000,1,2000000,,,,,838,100,135,200,,,,,46352,7,7952,14,,,,,,,,,,,,
powerball,2014-09-20,198 Million,118.1 Million,,,,,2,1000000,0,2000000,,,,,1037,100,154,400,,,,,56406,7,9217,28,,,,,,,,,,,,
powerball,2014-09-24,229 Million,136.2 Million,,,,,9,1000000,1,2000000,,,,,1791,100,299,400,,,,,88158,7,14881,28,,,,,,,,,,,,
powerball,2014-09-27,40 Million,24.2 Million,,,,,3,1000000,1,2000000,,,,,454,100,91,300,,,,,25746,7,5675,21,,,,,,,,,,,,
powerball,2014-10-01,50 Million,30.3 Million,,,,,1,1000000,2,2000000,,,,,556,100,129,200,,,,,29681,7,7613,14,,,,,,,,,,,,
powerball,2014-10-04,60 Million,36.8 Million,,,,,1,1000000,0,2000000,,,,,687,100,167,200,,,,,33012,7,8268,14,,,,,,,,,,,,
powerball,2014-10-08,70 Million,42.9 Million,,,,,1,1000000,1,2000000,,,,,493,100,107,300,,,,,25015,7,5903,21,,,,,,,,,,,,
powerball,2014-10-11,80 Million,49.7 Million,,,,,1,1000000,1,2000000,,,,,605,100,153,200,,,,,29753,7,7117,14,,,,,,,,,,,,
powerball,2014-10-15,90 Million,55.9 Million,,,,,3,1000000,0,2000000,,,,,1047,100,259,200,,,,,43385,7,11218,14,,,,,,,,,,,,
powerball,2014-10-18,100 Million,63.2 Million,,,,,3,1000000,0,2000000,,,,,611,100,122,200,,,,,33229,7,7153,14,,,,,,,,,,,,
powerball,2014-10-22,110 Million,69.5 Million,,,,,2,1000000,2,2000000,,,,,551,100,112,200,,,,,32049,7,6756,14,,,,,,,,,,,,
powerball,2014-10-25,125 Million,78.5 Million,,,,,3,1000000,0,2000000,,,,,654,100,135,200,,,,,35240,7,7111,14,,,,,,,,,,,,
powerball,2014-10-29,141 Million,88.6 Million,,,,,2,1000000,0,2000000,,,,,634,100,119,300,,,,,33797,7,6299,21,,,,,,,,,,,,
powerball,2014-11-01,160 Million,100.1 Million,,,,,4,1000000,0,2000000,,,,,1050,100,249,200,,,,,53475,7,11872,14,,,,,,,,,,,,
powerball,2014-11-05,180 Million,112.1 Million,,,,,2,1000000,1,2000000,,,,,1265,100,289,300,,,,,59337,7,12571,21,,,,,,,,,,,,
powerball,2014-11-08,203 Million,126.5 Million,,,,,6,1000000,0,2000000,,,,,1119,100,259,300,,,,,56131,7,10526,21,,,,,,,,,,,,
powerball,2014-11-12,40 Million,25.0 Million,,,,,1,1000000,1,2000000,,,,,379,100,79,300,,,,,21189,7,4789,21,,,,,,,,,,,,
powerball,2014-11-15,50 Million,31.1 Million,,,,,2,1000000,0,2000000,,,,,503,100,98,200,,,,,26095,7,6102,14,,,,,,,,,,,,
powerball,2014-11-19,60 Million,37.3 Million,,,,,1,1000000,0,2000000,,,,,347,100,93,200,,,,,22477,7,5091,14,,,,,,,,,,,,
powerball,2014-11-22,70 Million,43.5 Million,,,,,1,1000000,1,2000000,,,,,439,100,102,200,,,,,24801,7,5591,14,,,,,,,,,,,,
powerball,2014-11-26,80 Million,50.5 Million,,,,,0,1000000,2,2000000,,,,,453,100,112,500,,,,,26433,7,5949,35,,,,,,,,,,,,
powerball,2014-11-29,90 Million,56.8 Million,,,,,2,1000000,2,2000000,,,,,575,100,120,200,,,,,28177,7,6556,14,,,,,,,,,,,,
powerball,2014-12-03,40 Million,25.3 Million,,,,,0,1000000,0,2000000,,,,,391,100,87,300,,,,,20911,7,4980,21,,,,,,,,,,,,
powerball,2014-12-06,50 Million,31.5 Million,,,,,2,1000000,0,2000000,,,,,476,100,129,200,,,,,26168,7,6243,14,,,,,,,,,,,,
powerball,2014-12-10,60 Million,37.8 Million,,,,,0,1000000,1,2000000,,,,,400,100,108,200,,,,,21085,7,5074,14,,,,,,,,,,,,
powerball,2014-12-13,70 Million,45.2 Million,,,,,2,1000000,0,2000000,,,,,585,100,150,300,,,,,27673,7,6690,21,,,,,,,,,,,,
powerball,2014-12-17,80 Million,51.7 Million,,,,,2,1000000,0,2000000,,,,,461,100,100,300,,,,,23162,7,5347,21,,,,,,,,,,,,
powerball,2014-12-20,90 Million,58.1 Million,,,,,2,1000000,2,2000000,,,,,581,100,136,500,,,,,29422,7,6993,35,,,,,,,,,,,,
powerball,2014-12-24,100 Million,64.6 Million,,,,,3,1000000,1,2000000,,,,,748,100,154,400,,,,,36760,7,7542,28,,,,,,,,,,,,
powerball,2014-12-27,110 Million,70.8 Million,,,,,3,1000000,2,2000000,,,,,948,100,237,200,,,,,46144,7,11603,14,,,,,,,,,,,,
powerball,2014-12-31,120 Million,77.2 Million,,,,,5,1000000,0,2000000,,,,,746,100,159,200,,,,,40326,7,8629,14,,,,,,,,,,,,
powerball,2015-01-03,133 Million,86.3 Million,,,,,1,1000000,0,2000000,,,,,572,100,138,300,,,,,32805,7,7270,21,,,,,,,,,,,,
powerball,2015-01-07,147 Million,96.0 Million,,,,,2,1000000,0,2000000,,,,,620,100,121,200,,,,,32086,7,6595,14,,,,,,,,,,,,
powerball,2015-01-10,160 Million,106.9 Million,,,,,4,1000000,0,2000000,,,,,1375,100,344,500,,,,,56451,7,13093,35,,,,,,,,,,,,
powerball,2015-01-14,177 Million,117.7 Million,,,,,2,1000000,0,2000000,,,,,796,100,162,500,,,,,44738,7,9391,35,,,,,,,,,,,,
powerball,2015-01-17,190 Million,130.6 Million,,,,,8,1000000,2,2000000,,,,,940,100,152,200,,,,,52082,7,10913,14,,,,,,,,,,,,
powerball,2015-01-21,211 Million,144.8 Million,,,,,2,1000000,2,2000000,,,,,1063,100,194,400,,,,,59106,7,11009,28,,,,,,,,,,,,
powerball,2015-01-24,235 Million,161.5 Million,,,,,8,1000000,2,2000000,,,,,1244,100,232,200,,,,,69130,7,12707,14,,,,,,,,,,,,
powerball,2015-01-28,260 Million,178.4 Million,,,,,4,1000000,0,2000000,,,,,1320,100,192,500,,,,,68509,7,11232,35,,,,,,,,,,,,
powerball,2015-01-31,286 Million,198.9 Million,,,,,8,1000000,0,2000000,,,,,1756,100,315,200,,,,,96407,7,17256,14,,,,,,,,,,,,
powerball,2015-02-04,325 Million,225.9 Million,,,,,7,1000000,1,2000000,,,,,1980,100,288,200,,,,,107789,7,15836,14,,,,,,,,,,,,
powerball,2015-02-07,395 Million,266.8 Million,,,,,10,1000000,1,2000000,,,,,3239,100,472,500,,,,,178097,7,25464,35,,,,,,,,,,,,
powerball,2015-02-11,564 Million,381.1 Million,,,,,33,1000000,1,2000000,,,,,9151,100,1160,300,,,,,482666,7,59809,21,,,,,,,,,,,,
powerball,2015-02-14,40 Million,26.7 Million,,,,,1,1000000,1,2000000,,,,,495,100,118,200,,,,,28520,7,6575,14,,,,,,,,,,,,
powerball,2015-02-18,50 Million,33.4 Million,,,,,1,1000000,1,2000000,,,,,463,100,106,200,,,,,28544,7,7001,14,,,,,,,,,,,,
powerball,2015-02-21,60 Million,39.2 Million,,,,,3,1000000,0,2000000,,,,,515,100,109,200,,,,,30056,7,7569,14,,,,,,,,,,,,
powerball,2015-02-25,70 Million,45.8 Million,,,,,3,1000000,1,2000000,,,,,574,100,149,300,,,,,31778,7,8015,21,,,,,,,,,,,,
powerball,2015-02-28,80 Million,53.1 Million,,,,,4,1000000,3,2000000,,,,,727,100,190,200,,,,,38184,7,9812,14,,,,,,,,,,,,
powerball,2015-03-04,90 Million,59.7 Million,,,,,6,1000000,1,2000000,,,,,606,100,138,200,,,,,35824,7,8224,14,,,,,,,,,,,,
powerball,2015-03-07,102 Million,65.2 Million,,,,,4,1000000,0,2000000,,,,,695,100,148,400,,,,,35399,7,7854,28,,,,,,,,,,,,
powerball,2015-03-11,119 Million,76.2 Million,,,,,4,1000000,0,2000000,,,,,858,100,191,200,,,,,40896,7,8863,14,,,,,,,,,,,,
powerball,2015-03-14,136 Million,88.5 Million,,,,,2,1000000,0,2000000,,,,,798,100,156,200,,,,,41794,7,8680,14,,,,,,,,,,,,
powerball,2015-03-18,40 Million,26.0 Million,,,,,1,1000000,1,2000000,,,,,469,100,111,200,,,,,26328,7,6406,14,,,,,,,,,,,,
powerball,2015-03-21,50 Million,33.6 Million,,,,,1,1000000,1,2000000,,,,,611,100,146,400,,,,,29762,7,7401,28,,,,,,,,,,,,
powerball,2015-03-25,40 Million,26.8 Million,,,,,1,1000000,1,2000000,,,,,461,100,166,200,,,,,27091,7,6974,14,,,,,,,,,,,,
powerball,2015-03-28,40 Million,26.7 Million,,,,,2,1000000,0,2000000,,,,,1161,100,290,300,,,,,44336,7,11610,21,,,,,,,,,,,,
powerball,2015-04-01,50 Million,33.4 Million,,,,,1,1000000,0,2000000,,,,,438,100,106,300,,,,,25401,7,5935,21,,,,,,,,,,,,
powerball,2015-04-04,60 Million,40.4 Million,,,,,1,1000000,2,2000000,,,,,508,100,101,300,,,,,27127,7,6275,21,,,,,,,,,,,,
powerball,2015-04-08,70 Million,47.1 Million,,,,,1,1000000,0,2000000,,,,,475,100,103,200,,,,,24768,7,6005,14,,,,,,,,,,,,
powerball,2015-04-11,80 Million,53.4 Million,,,,,3,1000000,1,2000000,,,,,522,100,114,200,,,,,29428,7,6953,14,,,,,,,,,,,,
powerball,2015-04-15,40 Million,26.7 Million,,,,,0,1000000,0,2000000,,,,,466,100,149,300,,,,,26452,7,6707,21,,,,,,,,,,,,
powerball,2015-04-18,50 Million,33.6 Million,,,,,2,1000000,0,2000000,,,,,650,100,181,300,,,,,31967,7,8205,21,,,,,,,,,,,,
powerball,2015-04-22,40 Million,26.8 Million,,,,,3,1000000,1,2000000,,,,,438,100,116,200,,,,,23939,7,6244,14,,,,,,,,,,,,
powerball,2015-05-02,70 Million,45.6 Million,,,,,2,1000000,1,2000000,,,,,827,100,268,300,,,,,40104,7,10442,21,,,,,,,,,,,,
powerball,2015-05-06,80 Million,52.1 Million,,,,,2,1000000,1,2000000,,,,,464,100,105,500,,,,,26234,7,6477,35,,,,,,,,,,,,
powerball,2015-05-09,90 Million,57.7 Million,,,,,2,1000000,0,2000000,,,,,488,100,117,300,,,,,28798,7,7167,21,,,,,,,,,,,,
powerball,2015-05-13,100 Million,64.1 Million,,,,,3,1000000,0,2000000,,,,,569,100,131,300,,,,,31467,7,7232,21,,,,,,,,,,,,
powerball,2015-05-20,121 Million,75.8 Million,,,,,3,1000000,1,2000000,,,,,599,100,136,300,,,,,35155,7,7919,21,,,,,,,,,,,,
powerball,2015-05-23,138 Million,86.4 Million,,,,,0,1000000,0,2000000,,,,,789,100,187,400,,,,,42771,7,9714,28,,,,,,,,,,,,
powerball,2015-05-27,154 Million,96.3 Million,,,,,3,1000000,0,2000000,,,,,637,100,129,200,,,,,33413,7,7199,14,,,,,,,,,,,,
powerball,2015-05-30,170 Million,108.0 Million,,,,,1,1000000,3,2000000,,,,,796,100,161,200,,,,,42918,7,9457,14,,,,,,,,,,,,
powerball,2015-06-03,189 Million,120.0 Million,,,,,3,1000000,0,2000000,,,,,885,100,197,200,,,,,47886,7,10167,14,,,,,,,,,,,,
powerball,2015-06-10,50 Million,30.9 Million,,,,,3,1000000,0,2000000,,,,,394,100,106,200,,,,,20769,7,5105,14,,,,,,,,,,,,
powerball,2015-06-17,70 Million,43.0 Million,,,,,1,1000000,0,2000000,,,,,420,100,98,300,,,,,24044,7,5917,21,,,,,,,,,,,,
powerball,2015-06-20,80 Million,49.6 Million,,,,,1,1000000,0,2000000,,,,,613,100,128,200,,,,,32844,7,8422,14,,,,,,,,,,,,
powerball,2015-06-24,40 Million,24.8 Million,,,,,3,1000000,0,2000000,,,,,762,100,203,400,,,,,32858,7,9020,28,,,,,,,,,,,,
powerball,2015-06-27,50 Million,30.4 Million,,,,,3,1000000,0,2000000,,,,,397,100,96,500,,,,,23076,7,5975,35,,,,,,,,,,,,
powerball,2015-07-01,60 Million,36.5 Million,,,,,1,1000000,0,2000000,,,,,486,100,106,200,,,,,26478,7,6796,14,,,,,,,,,,,,
powerball,2015-07-04,70 Million,42.7 Million,,,,,2,1000000,2,2000000,,,,,977,100,289,300,,,,,39189,7,10819,21,,,,,,,,,,,,
powerball,2015-07-08,40 Million,24.4 Million,,,,,2,1000000,0,2000000,,,,,672,100,179,300,,,,,29248,7,7749,21,,,,,,,,,,,,
powerball,2015-07-11,50 Million,30.5 Million,,,,,0,1000000,0,2000000,,,,,421,100,105,200,,,,,22879,7,5978,14,,,,,,,,,,,,
powerball,2015-07-15,60 Million,36.6 Million,,,,,2,1000000,0,2000000,,,,,380,100,98,200,,,,,20690,7,5268,14,,,,,,,,,,,,
powerball,2015-07-18,70 Million,43.3 Million,,,,,0,1000000,0,2000000,,,,,406,100,101,300,,,,,23142,7,5652,21,,,,,,,,,,,,
powerball,2015-07-22,80 Million,49.5 Million,,,,,1,1000000,0,2000000,,,,,375,100,98,200,,,,,22185,7,5327,14,,,,,,,,,,,,
powerball,2015-07-25,90 Million,56.9 Million,,,,,1,1000000,1,2000000,,,,,459,100,123,300,,,,,26879,7,6381,21,,,,,,,,,,,,
powerball,2015-07-29,100 Million,63.2 Million,,,,,1,1000000,0,2000000,,,,,648,100,122,300,,,,,33085,7,7602,21,,,,,,,,,,,,
powerball,2015-08-01,110 Million,70.1 Million,,,,,1,1000000,0,2000000,,,,,620,100,134,300,,,,,35692,7,8591,21,,,,,,,,,,,,
powerball,2015-08-05,40 Million,25.5 Million,,,,,2,1000000,0,2000000,,,,,519,100,146,200,,,,,29069,7,7660,14,,,,,,,,,,,,
powerball,2015-08-08,50 Million,32.2 Million,,,,,1,1000000,0,2000000,,,,,423,100,113,400,,,,,22917,7,5884,28,,,,,,,,,,,,
powerball,2015-08-12,60 Million,38.7 Million,,,,,3,1000000,0,2000000,,,,,439,100,115,200,,,,,24364,7,6165,14,,,,,,,,,,,,
powerball,2015-08-15,70 Million,44.8 Million,,,,,2,1000000,1,2000000,,,,,541,100,124,400,,,,,29605,7,7637,28,,,,,,,,,,,,
powerball,2015-08-19,80 Million,51.2 Million,,,,,1,1000000,1,2000000,,,,,471,100,100,200,,,,,24278,7,5895,14,,,,,,,,,,,,
powerball,2015-08-22,90 Million,58.6 Million,,,,,2,1000000,0,2000000,,,,,695,100,132,400,,,,,34267,7,8979,28,,,,,,,,,,,,
powerball,2015-08-26,100 Million,65.1 Million,,,,,2,1000000,0,2000000,,,,,565,100,118,500,,,,,30469,7,6570,35,,,,,,,,,,,,
powerball,2015-08-29,110 Million,70.2 Million,,,,,5,1000000,1,2000000,,,,,815,100,204,200,,,,,39443,7,9829,14,,,,,,,,,,,,
powerball,2015-09-02,120 Million,76.6 Million,,,,,3,1000000,0,2000000,,,,,591,100,138,300,,,,,32048,7,7151,21,,,,,,,,,,,,
powerball,2015-09-05,134 Million,85.3 Million,,,,,1,1000000,2,2000000,,,,,765,100,187,200,,,,,41379,7,9983,14,,,,,,,,,,,,
powerball,2015-09-09,149 Million,95.1 Million,,,,,3,1000000,1,2000000,,,,,623,100,137,200,,,,,32447,7,6862,14,,,,,,,,,,,,
powerball,2015-09-12,169 Million,106.5 Million,,,,,2,1000000,0,2000000,,,,,882,100,179,300,,,,,48442,7,11268,21,,,,,,,,,,,,
powerball,2015-09-16,188 Million,118.7 Million,,,,,2,1000000,1,2000000,,,,,953,100,211,300,,,,,52699,7,11561,21,,,,,,,,,,,,
powerball,2015-09-19,212 Million,133.9 Million,,,,,6,1000000,3,2000000,,,,,1082,100,231,200,,,,,60229,7,11634,14,,,,,,,,,,,,
powerball,2015-09-23,239 Million,151.0 Million,,,,,4,1000000,1,2000000,,,,,1170,100,173,200,,,,,61802,7,10477,14,,,,,,,,,,,,
powerball,2015-09-26,267 Million,169.5 Million,,,,,8,1000000,0,2000000,,,,,1340,100,220,300,,,,,69398,7,11532,21,,,,,,,,,,,,
powerball,2015-09-30,311 Million,197.4 Million,,,,,4,1000000,1,2000000,,,,,2149,100,311,300,,,,,111406,7,16616,21,,,,,,,,,,,,
powerball,2015-10-03,40 Million,26.2 Million,,,,,1,1000000,1,2000000,,,,,483,100,126,200,,,,,26609,7,6618,14,,,,,,,,,,,,
powerball,2015-10-07,50 Million,32.0 Million,,,,,4,1000000,0,2000000,,,,,267,100,79,300,,,,,14397,7,3681,21,,,,,,,,,,,,
powerball,2015-10-10,60 Million,37.4 Million,,,,,1,1000000,0,2000000,,,,,227,100,60,200,,,,,16385,7,4312,14,,,,,,,,,,,,
powerball,2015-10-14,70 Million,43.6 Million,,,,,0,1000000,0,2000000,,,,,277,100,76,200,,,,,17909,7,4755,14,,,,,,,,,,,,
powerball,2015-10-17,80 Million,50.7 Million,,,,,1,1000000,0,2000000,,,,,234,100,50,300,,,,,14517,7,3598,21,,,,,,,,,,,,
powerball,2015-10-21,90 Million,57.0 Million,,,,,2,1000000,0,2000000,,,,,237,100,44,400,,,,,14902,7,3647,28,,,,,,,,,,,,
powerball,2015-10-24,100 Million,62.8 Million,,,,,0,1000000,0,2000000,,,,,263,100,55,300,,,,,17457,7,3963,21,,,,,,,,,,,,
powerball,2015-10-28,110 Million,69.1 Million,,,,,0,1000000,0,2000000,,,,,244,100,55,200,,,,,15926,7,3597,14,,,,,,,,,,,,
powerball,2015-10-31,128 Million,79.4 Million,,,,,0,1000000,0,2000000,,,,,319,100,76,200,,,,,22592,7,5487,14,,,,,,,,,,,,
powerball,2015-11-04,144 Million,89.8 Million,,,,,1,1000000,0,2000000,,,,,453,100,124,400,,,,,26944,7,6663,28,,,,,,,,,,,,
powerball,2015-11-07,40 Million,24.4 Million,,,,,1,1000000,0,2000000,,,,,276,100,84,200,,,,,17932,7,4889,14,,,,,,,,,,,,
powerball,2015-11-11,50 Million,30.5 Million,,,,,0,1000000,0,2000000,,,,,180,100,38,300,,,,,12334,7,3211,21,,,,,,,,,,,,
powerball,2015-11-14,60 Million,36.7 Million,,,,,0,1000000,0,2000000,,,,,232,100,65,300,,,,,14667,7,3868,21,,,,,,,,,,,,
powerball,2015-11-18,70 Million,42.8 Million,,,,,3,1000000,1,2000000,,,,,218,100,43,200,,,,,13139,7,3363,14,,,,,,,,,,,,
powerball,2015-11-21,80 Million,49.0 Million,,,,,1,1000000,1,2000000,,,,,223,100,54,300,,,,,15592,7,4025,21,,,,,,,,,,,,
powerball,2015-11-25,90 Million,55.2 Million,,,,,0,1000000,0,2000000,,,,,247,100,47,200,,,,,15526,7,3648,14,,,,,,,,,,,,
powerball,2015-11-28,100 Million,61.3 Million,,,,,1,1000000,0,2000000,,,,,229,100,59,300,,,,,15959,7,3730,21,,,,,,,,,,,,
powerball,2015-12-02,110 Million,67.4 Million,,,,,0,1000000,0,2000000,,,,,247,100,50,200,,,,,19316,7,4372,14,,,,,,,,,,,,
powerball,2015-12-05,129 Million,78.1 Million,,,,,3,1000000,0,2000000,,,,,343,100,90,200,,,,,22880,7,5192,14,,,,,,,,,,,,
powerball,2015-12-09,146 Million,88.6 Million,,,,,1,1000000,0,2000000,,,,,369,100,78,200,,,,,25499,7,5804,14,,,,,,,,,,,,
powerball,2015-12-12,161 Million,100.3 Million,,,,,2,1000000,0,2000000,,,,,462,100,101,200,,,,,28623,7,6492,14,,,,,,,,,,,,
powerball,2015-12-16,180 Million,112.1 Million,,,,,1,1000000,0,2000000,,,,,380,100,80,200,,,,,26368,7,5547,14,,,,,,,,,,,,
powerball,2015-12-19,205 Million,127.1 Million,,,,,1,1000000,1,2000000,,,,,442,100,74,200,,,,,29837,7,5730,14,,,,,,,,,,,,
powerball,2015-12-23,233 Million,144.5 Million,,,,,1,1000000,0,2000000,,,,,555,100,99,400,,,,,35307,7,6225,28,,,,,,,,,,,,
powerball,2015-12-26,262 Million,160.7 Million,,,,,0,1000000,0,2000000,,,,,522,100,106,200,,,,,34459,7,6244,14,,,,,,,,,,,,
powerball,2015-12-30,302 Million,185.2 Million,,,,,2,1000000,0,2000000,,,,,863,100,136,300,,,,,57592,7,9435,21,,,,,,,,,,,,
powerball,2016-01-02,356 Million,217.7 Million,,,,,3,1000000,1,2000000,,,,,1505,100,245,200,,,,,93312,7,15869,14,,,,,,,,,,,,
powerball,2016-01-06,529 Million,323.4 Million,,,,,14,1000000,1,2000000,,,,,3920,100,503,300,,,,,254933,7,32461,21,,,,,,,,,,,,
powerball,2016-01-09,948 Million,587.7 Million,,,,,25,1000000,3,2000000,,,,,10323,100,1231,300,,,,,666711,7,83944,21,,,,,,,,,,,,
powerball,2016-01-13,983.5 Million,983.5 Million,,,,,73,1000000,8,2000000,,,,,20544,100,2834,200,,,,,1164124,7,157552,14,,,,,,,,,,,,
powerball,2016-01-16,40 Million,25.4 Million,,,,,2,1000000,1,2000000,,,,,387,100,84,200,,,,,27857,7,6167,14,,,,,,,,,,,,
powerball,2016-01-20,50 Million,31.8 Million,,,,,1,1000000,0,2000000,,,,,341,100,68,500,,,,,22375,7,5205,35,,,,,,,,,,,,
powerball,2016-01-23,63 Million,40.1 Million,,,,,0,1000000,0,2000000,,,,,283,100,83,400,,,,,20503,7,5137,28,,,,,,,,,,,,
powerball,2016-01-27,81 Million,51.0 Million,,,,,1,1000000,0,2000000,,,,,337,100,94,200,,,,,21922,7,5619,14,,,,,,,,,,,,
powerball,2016-01-30,98 Million,63.2 Million,,,,,2,1000000,0,2000000,,,,,570,100,161,400,,,,,33123,7,8988,28,,,,,,,,,,,,
powerball,2016-02-03,117 Million,75.3 Million,,,,,1,1000000,1,2000000,,,,,339,100,77,300,,,,,20795,7,4959,21,,,,,,,,,,,,
powerball,2016-02-06,136 Million,88.4 Million,,,,,1,1000000,0,2000000,,,,,494,100,118,300,,,,,29159,7,7102,21,,,,,,,,,,,,
powerball,2016-02-10,155 Million,100.7 Million,,,,,0,1000000,0,2000000,,,,,318,100,68,200,,,,,23215,7,5225,14,,,,,,,,,,,,
powerball,2016-02-13,171 Million,114.2 Million,,,,,4,1000000,0,2000000,,,,,722,100,167,200,,,,,37115,7,9351,14,,,,,,,,,,,,
powerball,2016-02-17,190 Million,126.9 Million,,,,,3,1000000,0,2000000,,,,,737,100,209,200,,,,,38682,7,10065,14,,,,,,,,,,,,
powerball,2016-02-20,215 Million,142.3 Million,,,,,6,1000000,1,2000000,,,,,668,100,181,500,,,,,38137,7,9094,35,,,,,,,,,,,,
powerball,2016-02-24,238 Million,157.5 Million,,,,,1,1000000,0,2000000,,,,,407,100,106,300,,,,,27030,7,5436,21,,,,,,,,,,,,
powerball,2016-02-27,265 Million,174.3 Million,,,,,3,1000000,0,2000000,,,,,731,100,192,300,,,,,43218,7,10304,21,,,,,,,,,,,,
powerball,2016-03-02,291 Million,191.5 Million,,,,,1,1000000,0,2000000,,,,,494,100,88,200,,,,,34084,7,6926,14,,,,,,,,,,,,
powerball,2016-03-05,40 Million,26.0 Million,,,,,0,1000000,0,2000000,,,,,268,100,68,200,,,,,18063,7,4707,14,,,,,,,,,,,,
powerball,2016-03-09,50 Million,32.6 Million,,,,,0,1000000,0,2000000,,,,,224,100,56,300,,,,,16316,7,4310,21,,,,,,,,,,,,
powerball,2016-03-12,60 Million,38.7 Million,,,,,0,1000000,0,2000000,,,,,256,100,47,200,,,,,16069,7,4314,14,,,,,,,,,,,,
powerball,2016-03-16,70 Million,45.2 Million,,,,,2,1000000,0,2000000,,,,,300,100,75,300,,,,,19035,7,5120,21,,,,,,,,,,,,
powerball,2016-03-19,80 Million,51.9 Million,,,,,0,1000000,0,2000000,,,,,301,100,68,300,,,,,18581,7,4917,21,,,,,,,,,,,,
powerball,2016-03-23,90 Million,58.4 Million,,,,,1,1000000,0,2000000,,,,,485,100,121,300,,,,,26037,7,7237,21,,,,,,,,,,,,
powerball,2016-03-26,102 Million,66.2 Million,,,,,2,1000000,2,2000000,,,,,356,100,72,300,,,,,20576,7,5054,21,,,,,,,,,,,,
powerball,2016-03-30,117 Million,76.3 Million,,,,,0,1000000,0,2000000,,,,,256,100,59,200,,,,,17792,7,4180,14,,,,,,,,,,,,
powerball,2016-04-02,133 Million,87.8 Million,,,,,1,1000000,0,2000000,,,,,324,100,75,200,,,,,23254,7,5984,14,,,,,,,,,,,,
powerball,2016-04-06,150 Million,98.7 Million,,,,,1,1000000,1,2000000,,,,,303,100,71,200,,,,,19255,7,4262,14,,,,,,,,,,,,
powerball,2016-04-09,167 Million,110.8 Million,,,,,2,1000000,1,2000000,,,,,333,100,79,300,,,,,24420,7,5653,21,,,,,,,,,,,,
powerball,2016-04-13,185 Million,122.8 Million,,,,,3,1000000,0,2000000,,,,,373,100,80,300,,,,,22144,7,4973,21,,,,,,,,,,,,
powerball,2016-04-16,206 Million,137.1 Million,,,,,1,1000000,0,2000000,,,,,515,100,125,200,,,,,32713,7,7391,14,,,,,,,,,,,,
powerball,2016-04-20,228 Million,151.6 Million,,,,,1,1000000,0,2000000,,,,,486,100,86,300,,,,,32077,7,6787,21,,,,,,,,,,,,
powerball,2016-04-23,257 Million,167.5 Million,,,,,2,1000000,0,2000000,,,,,464,100,94,500,,,,,30677,7,6162,35,,,,,,,,,,,,
powerball,2016-04-27,282 Million,183.9 Million,,,,,1,1000000,0,2000000,,,,,512,100,83,200,,,,,33175,7,6375,14,,,,,,,,,,,,
powerball,2016-04-30,315 Million,204.5 Million,,,,,3,1000000,0,2000000,,,,,928,100,201,300,,,,,56764,7,12131,21,,,,,,,,,,,,
powerball,2016-05-04,362 Million,234.9 Million,,,,,2,1000000,0,2000000,,,,,935,100,168,300,,,,,60904,7,9955,21,,,,,,,,,,,,
powerball,2016-05-07,430 Million,284.1 Million,,,,,7,1000000,0,2000000,,,,,1703,100,236,200,,,,,108768,7,16579,14,,,,,,,,,,,,
powerball,2016-05-11,40 Million,26.5 Million,,,,,0,1000000,0,2000000,,,,,215,100,57,300,,,,,14289,7,3592,21,,,,,,,,,,,,
powerball,2016-05-14,50 Million,33.3 Million,,,,,2,1000000,0,2000000,,,,,253,100,66,300,,,,,15416,7,4057,21,,,,,,,,,,,,
powerball,2016-05-18,60 Million,40.0 Million,,,,,1,1000000,0,2000000,,,,,219,100,58,300,,,,,15275,7,4228,21,,,,,,,,,,,,
powerball,2016-05-21,70 Million,45.7 Million,,,,,2,1000000,1,2000000,,,,,742,100,247,400,,,,,34956,7,10532,28,,,,,,,,,,,,
powerball,2016-05-25,80 Million,52.2 Million,,,,,0,1000000,0,2000000,,,,,236,100,62,300,,,,,14691,7,3829,21,,,,,,,,,,,,
powerball,2016-05-28,90 Million,59.0 Million,,,,,1,1000000,0,2000000,,,,,257,100,63,200,,,,,16652,7,4461,14,,,,,,,,,,,,
powerball,2016-06-01,100 Million,65.5 Million,,,,,2,1000000,0,2000000,,,,,251,100,62,500,,,,,17266,7,4351,35,,,,,,,,,,,,
powerball,2016-06-04,110 Million,73.2 Million,,,,,0,1000000,0,2000000,,,,,314,100,62,200,,,,,20259,7,5032,14,,,,,,,,,,,,
powerball,2016-06-08,124 Million,82.2 Million,,,,,0,1000000,0,2000000,,,,,286,100,72,300,,,,,18093,7,4587,21,,,,,,,,,,,,
powerball,2016-06-11,138 Million,93.0 Million,,,,,2,1000000,0,2000000,,,,,298,100,87,200,,,,,19910,7,4924,14,,,,,,,,,,,,
powerball,2016-06-15,153 Million,103.1 Million,,,,,1,1000000,1,2000000,,,,,387,100,112,200,,,,,24523,7,6267,14,,,,,,,,,,,,
powerball,2016-06-18,168 Million,114.5 Million,,,,,2,1000000,1,2000000,,,,,358,100,87,200,,,,,21388,7,5376,14,,,,,,,,,,,,
powerball,2016-06-22,184 Million,125.4 Million,,,,,0,1000000,0,2000000,,,,,323,100,91,300,,,,,21049,7,4946,21,,,,,,,,,,,,
powerball,2016-06-25,203 Million,138.5 Million,,,,,4,1000000,0,2000000,,,,,388,100,90,200,,,,,25473,7,5722,14,,,,,,,,,,,,
powerball,2016-06-29,223 Million,151.9 Million,,,,,2,1000000,1,2000000,,,,,379,100,75,200,,,,,24802,7,5133,14,,,,,,,,,,,,
powerball,2016-07-02,239 Million,167.3 Million,,,,,1,1000000,2,2000000,,,,,527,100,99,200,,,,,32614,7,6921,14,,,,,,,,,,,,
powerball,2016-07-06,261 Million,182.7 Million,,,,,3,1000000,0,2000000,,,,,518,100,108,300,,,,,34162,7,6797,21,,,,,,,,,,,,
powerball,2016-07-09,281 Million,199.8 Million,,,,,3,1000000,0,2000000,,,,,536,100,104,300,,,,,37491,7,7523,21,,,,,,,,,,,,
powerball,2016-07-13,303 Million,215.3 Million,,,,,2,1000000,0,2000000,,,,,610,100,108,300,,,,,37003,7,7127,21,,,,,,,,,,,,
powerball,2016-07-16,336 Million,232.6 Million,,,,,3,1000000,1,2000000,,,,,627,100,132,200,,,,,40020,7,7946,14,,,,,,,,,,,,
powerball,2016-07-20,361 Million,250.2 Million,,,,,2,1000000,0,2000000,,,,,619,100,104,200,,,,,39079,7,7014,14,,,,,,,,,,,,
powerball,2016-07-23,391 Million,270.5 Million,,,,,0,1000000,0,2000000,,,,,950,100,177,200,,,,,58026,7,11416,14,,,,,,,,,,,,
powerball,2016-07-27,435 Million,300.7 Million,,,,,3,1000000,1,2000000,,,,,1113,100,180,200,,,,,68951,7,10860,14,,,,,,,,,,,,
powerball,2016-07-30,487 Million,341.7 Million,,,,,14,1000000,1,2000000,,,,,2390,100,500,200,,,,,127682,7,23057,14,,,,,,,,,,,,
powerball,2016-08-03,40 Million,28.1 Million,,,,,1,1000000,0,2000000,,,,,259,100,67,300,,,,,19445,7,4906,21,,,,,,,,,,,,
powerball,2016-08-06,55 Million,37.9 Million,,,,,2,1000000,0,2000000,,,,,287,100,77,300,,,,,18796,7,4814,21,,,,,,,,,,,,
powerball,2016-08-10,68 Million,46.9 Million,,,,,2,1000000,0,2000000,,,,,222,100,61,500,,,,,14786,7,3410,35,,,,,,,,,,,,
powerball,2016-08-13,81 Million,57.1 Million,,,,,1,1000000,0,2000000,,,,,281,100,72,200,,,,,17220,7,4279,14,,,,,,,,,,,,
powerball,2016-08-17,95 Million,66.6 Million,,,,,0,1000000,0,2000000,,,,,258,100,75,300,,,,,17362,7,4114,21,,,,,,,,,,,,
powerball,2016-08-20,113 Million,77.8 Million,,,,,1,1000000,0,2000000,,,,,343,100,79,200,,,,,22098,7,5295,14,,,,,,,,,,,,
powerball,2016-08-24,126 Million,87.2 Million,,,,,2,1000000,0,2000000,,,,,325,100,71,300,,,,,21447,7,5130,21,,,,,,,,,,,,
powerball,2016-08-27,140 Million,97.5 Million,,,,,0,1000000,0,2000000,,,,,300,100,74,200,,,,,21466,7,4862,14,,,,,,,,,,,,
powerball,2016-08-31,154 Million,107.1 Million,,,,,0,1000000,0,2000000,,,,,324,100,70,200,,,,,22760,7,5200,14,,,,,,,,,,,,
powerball,2016-09-03,172 Million,118.3 Million,,,,,0,1000000,0,2000000,,,,,374,100,85,300,,,,,23000,7,5266,21,,,,,,,,,,,,
powerball,2016-09-07,186 Million,128.4 Million,,,,,2,1000000,0,2000000,,,,,365,100,80,200,,,,,24916,7,5743,14,,,,,,,,,,,,
powerball,2016-09-10,207 Million,140.5 Million,,,,,2,1000000,0,2000000,,,,,418,100,100,200,,,,,25845,7,5693,14,,,,,,,,,,,,
powerball,2016-09-14,225 Million,152.3 Million,,,,,3,1000000,0,2000000,,,,,792,100,221,200,,,,,40770,7,9907,14,,,,,,,,,,,,
powerball,2016-09-17,247 Million,165.6 Million,,,,,0,1000000,0,2000000,,,,,454,100,94,400,,,,,29936,7,6647,28,,,,,,,,,,,,
powerball,2016-09-21,40 Million,26.8 Million,,,,,1,1000000,0,2000000,,,,,191,100,40,400,,,,,12615,7,3042,28,,,,,,,,,,,,
powerball,2016-09-24,50 Million,33.9 Million,,,,,1,1000000,0,2000000,,,,,350,100,105,200,,,,,21909,7,5766,14,,,,,,,,,,,,
powerball,2016-09-28,60 Million,40.7 Million,,,,,1,1000000,0,2000000,,,,,207,100,52,300,,,,,13308,7,3436,21,,,,,,,,,,,,
powerball,2016-10-01,70 Million,48.2 Million,,,,,1,1000000,0,2000000,,,,,250,100,72,200,,,,,15634,7,4214,14,,,,,,,,,,,,
powerball,2016-10-05,80 Million,55.1 Million,,,,,1,1000000,0,2000000,,,,,309,100,84,200,,,,,19677,7,5747,14,,,,,,,,,,,,
powerball,2016-10-08,93 Million,62.2 Million,,,,,0,1000000,0,2000000,,,,,222,100,57,200,,,,,15580,7,3938,14,,,,,,,,,,,,
powerball,2016-10-12,106 Million,71.4 Million,,,,,0,1000000,0,2000000,,,,,303,100,75,200,,,,,18593,7,4476,14,,,,,,,,,,,,
powerball,2016-10-15,123 Million,81.8 Million,,,,,0,1000000,1,2000000,,,,,305,100,73,200,,,,,19120,7,4387,14,,,,,,,,,,,,
powerball,2016-10-19,136 Million,90.6 Million,,,,,1,1000000,0,2000000,,,,,301,100,68,200,,,,,19183,7,4385,14,,,,,,,,,,,,
powerball,2016-10-22,150 Million,100.5 Million,,,,,1,1000000,0,2000000,,,,,330,100,88,200,,,,,21712,7,4944,14,,,,,,,,,,,,
powerball,2016-10-26,164 Million,109.9 Million,,,,,1,1000000,0,2000000,,,,,319,100,68,200,,,,,22508,7,5259,14,,,,,,,,,,,,
powerball,2016-10-29,183 Million,120.5 Million,,,,,2,1000000,0,2000000,,,,,486,100,138,300,,,,,24870,7,5840,21,,,,,,,,,,,,
powerball,2016-11-02,200 Million,131.3 Million,,,,,1,1000000,0,2000000,,,,,374,100,82,200,,,,,23707,7,5056,14,,,,,,,,,,,,
powerball,2016-11-05,218 Million,144.2 Million,,,,,0,1000000,0,2000000,,,,,452,100,89,300,,,,,28063,7,5812,21,,,,,,,,,,,,
powerball,2016-11-09,237 Million,156.7 Million,,,,,0,1000000,0,2000000,,,,,511,100,110,200,,,,,31904,7,6719,14,,,,,,,,,,,,
powerball,2016-11-12,270 Million,170.7 Million,,,,,3,1000000,0,2000000,,,,,662,100,128,200,,,,,39866,7,8597,14,,,,,,,,,,,,
powerball,2016-11-16,294 Million,185.8 Million,,,,,0,1000000,0,2000000,,,,,491,100,92,200,,,,,31570,7,5659,14,,,,,,,,,,,,
powerball,2016-11-19,334 Million,204.0 Million,,,,,1,1000000,0,2000000,,,,,653,100,129,200,,,,,42906,7,8041,14,,,,,,,,,,,,
powerball,2016-11-23,374 Million,226.3 Million,,,,,3,1000000,0,2000000,,,,,817,100,132,200,,,,,52006,7,8975,14,,,,,,,,,,,,
powerball,2016-11-26,421 Million,254.7 Million,,,,,3,1000000,1,2000000,,,,,1218,100,204,200,,,,,76471,7,13352,14,,,,,,,,,,,,
powerball,2016-11-30,40 Million,24.2 Million,,,,,1,1000000,0,2000000,,,,,351,100,91,200,,,,,20210,7,5382,14,,,,,,,,,,,,
powerball,2016-12-03,55 Million,33.3 Million,,,,,3,1000000,1,2000000,,,,,426,100,141,200,,,,,25213,7,7074,14,,,,,,,,,,,,
powerball,2016-12-07,69 Million,41.7 Million,,,,,0,1000000,0,2000000,,,,,212,100,53,200,,,,,13989,7,3451,14,,,,,,,,,,,,
powerball,2016-12-10,86 Million,51.3 Million,,,,,1,1000000,0,2000000,,,,,276,100,95,200,,,,,19294,7,4854,14,,,,,,,,,,,,
powerball,2016-12-14,102 Million,61.3 Million,,,,,0,1000000,0,2000000,,,,,339,100,67,300,,,,,18791,7,4367,21,,,,,,,,,,,,
powerball,2016-12-17,122 Million,72.1 Million,,,,,2,1000000,0,2000000,,,,,403,100,109,200,,,,,25260,7,6323,14,,,,,,,,,,,,
powerball,2016-12-21,40 Million,23.7 Million,,,,,0,1000000,0,2000000,,,,,213,100,60,500,,,,,13661,7,3532,35,,,,,,,,,,,,
powerball,2016-12-24,50 Million,29.9 Million,,,,,1,1000000,0,2000000,,,,,272,100,80,200,,,,,18958,7,4634,14,,,,,,,,,,,,
powerball,2016-12-28,60 Million,35.9 Million,,,,,0,1000000,1,2000000,,,,,295,100,113,200,,,,,15523,7,4140,14,,,,,,,,,,,,
powerball,2016-12-31,70 Million,42.1 Million,,,,,0,1000000,0,2000000,,,,,300,100,61,200,,,,,21161,7,5255,14,,,,,,,,,,,,
powerball,2017-01-04,80 Million,48.2 Million,,,,,0,1000000,0,2000000,,,,,332,100,73,300,,,,,17333,7,4592,21,,,,,,,,,,,,
powerball,2017-01-07,91 Million,55.6 Million,,,,,1,1000000,0,2000000,,,,,323,100,67,200,,,,,20248,7,5406,14,,,,,,,,,,,,
powerball,2017-01-11,106 Million,64.5 Million,,,,,0,1000000,1,2000000,,,,,449,100,121,200,,,,,26051,7,6841,14,,,,,,,,,,,,
powerball,2017-01-14,123 Million,75.1 Million,,,,,0,1000000,0,2000000,,,,,298,100,60,500,,,,,19658,7,4920,35,,,,,,,,,,,,
powerball,2017-01-18,137 Million,83.6 Million,,,,,1,1000000,0,2000000,,,,,282,100,83,200,,,,,17650,7,4051,14,,,,,,,,,,,,
powerball,2017-01-21,155 Million,93.6 Million,,,,,1,1000000,1,2000000,,,,,325,100,65,200,,,,,21121,7,5080,14,,,,,,,,,,,,
powerball,2017-01-25,170 Million,102.9 Million,,,,,1,1000000,0,2000000,,,,,298,100,56,200,,,,,18228,7,4073,14,,,,,,,,,,,,
powerball,2017-01-28,189 Million,114.2 Million,,,,,3,1000000,0,2000000,,,,,392,100,78,200,,,,,24719,7,5570,14,,,,,,,,,,,,
powerball,2017-02-01,210 Million,126.6 Million,,,,,4,1000000,0,2000000,,,,,421,100,90,200,,,,,26125,7,5130,14,,,,,,,,,,,,
powerball,2017-02-04,234 Million,141.4 Million,,,,,1,1000000,1,2000000,,,,,586,100,135,300,,,,,39998,7,8729,21,,,,,,,,,,,,
powerball,2017-02-08,258 Million,156.4 Million,,,,,3,1000000,0,2000000,,,,,508,100,70,200,,,,,33027,7,6220,14,,,,,,,,,,,,
powerball,2017-02-11,284 Million,173.3 Million,,,,,1,1000000,4,2000000,,,,,695,100,143,200,,,,,44138,7,8996,14,,,,,,,,,,,,
powerball,2017-02-15,317 Million,193.5 Million,,,,,5,1000000,0,2000000,,,,,850,100,168,200,,,,,50475,7,8823,14,,,,,,,,,,,,
powerball,2017-02-18,361 Million,218.5 Million,,,,,6,1000000,3,2000000,,,,,1705,100,378,300,,,,,89832,7,18464,21,,,,,,,,,,,,
powerball,2017-02-22,435 Million,263.5 Million,,,,,6,1000000,1,2000000,,,,,1693,100,249,200,,,,,112588,7,17813,14,,,,,,,,,,,,
powerball,2017-02-25,40 Million,24.4 Million,,,,,1,1000000,0,2000000,,,,,264,100,56,200,,,,,16104,7,4120,14,,,,,,,,,,,,
powerball,2017-03-01,54 Million,32.9 Million,,,,,0,1000000,0,2000000,,,,,232,100,70,1000,,,,,16786,7,4450,70,,,,,,,,,,,,
powerball,2017-03-04,71 Million,42.8 Million,,,,,1,1000000,0,2000000,,,,,348,100,95,300,,,,,22304,7,6447,21,,,,,,,,,,,,
powerball,2017-03-08,87 Million,51.9 Million,,,,,0,1000000,0,2000000,,,,,262,100,72,200,,,,,16994,7,4525,14,,,,,,,,,,,,
powerball,2017-03-11,107 Million,63.0 Million,,,,,0,1000000,0,2000000,,,,,295,100,66,200,,,,,19841,7,4911,14,,,,,,,,,,,,
powerball,2017-03-15,123 Million,72.9 Million,,,,,1,1000000,1,2000000,,,,,321,100,70,300,,,,,19220,7,4738,21,,,,,,,,,,,,
powerball,2017-03-18,140 Million,83.3 Million,,,,,2,1000000,0,2000000,,,,,350,100,83,300,,,,,22891,7,5669,21,,,,,,,,,,,,
powerball,2017-03-22,156 Million,93.1 Million,,,,,2,1000000,0,2000000,,,,,555,100,139,200,,,,,30105,7,7868,14,,,,,,,,,,,,
powerball,2017-03-25,40 Million,24.3 Million,,,,,0,1000000,0,2000000,,,,,254,100,84,400,,,,,16997,7,4631,28,,,,,,,,,,,,
powerball,2017-03-29,50 Million,30.3 Million,,,,,1,1000000,0,2000000,,,,,186,100,49,300,,,,,14736,7,3993,21,,,,,,,,,,,,
powerball,2017-04-01,60 Million,36.5 Million,,,,,1,1000000,0,2000000,,,,,281,100,55,300,,,,,16010,7,4248,21,,,,,,,,,,,,
powerball,2017-04-05,40 Million,24.3 Million,,,,,2,1000000,0,2000000,,,,,198,100,60,200,,,,,13297,7,3571,14,,,,,,,,,,,,
powerball,2017-04-08,50 Million,30.7 Million,,,,,0,1000000,0,2000000,,,,,237,100,60,200,,,,,14301,7,3855,14,,,,,,,,,,,,
powerball,2017-04-12,60 Million,36.9 Million,,,,,1,1000000,0,2000000,,,,,214,100,42,200,,,,,12679,7,3339,14,,,,,,,,,,,,
powerball,2017-04-15,70 Million,43.5 Million,,,,,0,1000000,0,2000000,,,,,239,100,56,300,,,,,17882,7,4536,21,,,,,,,,,,,,
powerball,2017-04-19,80 Million,49.8 Million,,,,,1,1000000,0,2000000,,,,,261,100,70,300,,,,,16700,7,4400,21,,,,,,,,,,,,
powerball,2017-04-22,90 Million,56.3 Million,,,,,1,1000000,0,2000000,,,,,281,100,62,300,,,,,16899,7,4188,21,,,,,,,,,,,,
powerball,2017-04-26,100 Million,62.5 Million,,,,,3,1000000,0,2000000,,,,,345,100,91,400,,,,,21807,7,5380,28,,,,,,,,,,,,
powerball,2017-04-29,115 Million,71.1 Million,,,,,1,1000000,0,2000000,,,,,293,100,62,200,,,,,20540,7,5206,14,,,,,,,,,,,,
powerball,2017-05-03,131 Million,80.8 Million,,,,,1,1000000,0,2000000,,,,,299,100,62,200,,,,,18998,7,4293,14,,,,,,,,,,,,
powerball,2017-05-06,149 Million,91.4 Million,,,,,4,1000000,0,2000000,,,,,886,100,241,300,,,,,26534,7,6281,21,,,,,,,,,,,,
powerball,2017-05-10,166 Million,101.7 Million,,,,,3,1000000,0,2000000,,,,,310,100,60,200,,,,,21377,7,4605,14,,,,,,,,,,,,
powerball,2017-05-13,185 Million,113.4 Million,,,,,3,1000000,0,2000000,,,,,383,100,64,500,,,,,25227,7,5434,35,,,,,,,,,,,,
powerball,2017-05-17,206 Million,125.9 Million,,,,,1,1000000,0,2000000,,,,,476,100,106,300,,,,,30199,7,6249,21,,,,,,,,,,,,
powerball,2017-05-20,226 Million,140.0 Million,,,,,2,1000000,0,2000000,,,,,524,100,99,200,,,,,33003,7,6919,14,,,,,,,,,,,,
powerball,2017-05-24,249 Million,154.2 Million,,,,,1,1000000,0,2000000,,,,,503,100,100,200,,,,,32066,7,5969,14,,,,,,,,,,,,
powerball,2017-05-27,275 Million,170.4 Million,,,,,3,1000000,0,2000000,,,,,597,100,127,300,,,,,40543,7,8254,21,,,,,,,,,,,,
powerball,2017-05-31,305 Million,188.9 Million,,,,,0,1000000,0,2000000,,,,,625,100,126,200,,,,,42640,7,7747,14,,,,,,,,,,,,
powerball,2017-06-03,338 Million,212.2 Million,,,,,3,1000000,1,2000000,,,,,1027,100,199,400,,,,,62761,7,12033,28,,,,,,,,,,,,
powerball,2017-06-07,381 Million,238.9 Million,,,,,3,1000000,1,2000000,,,,,878,100,117,300,,,,,61404,7,9661,21,,,,,,,,,,,,
powerball,2017-06-10,448 Million,279.2 Million,,,,,3,1000000,0,2000000,,,,,1887,100,351,200,,,,,97286,7,15590,14,,,,,,,,,,,,
powerball,2017-06-14,40 Million,24.9 Million,,,,,0,1000000,0,2000000,,,,,212,100,54,200,,,,,13925,7,3453,14,,,,,,,,,,,,
powerball,2017-06-17,53 Million,33.6 Million,,,,,1,1000000,0,2000000,,,,,266,100,65,200,,,,,16407,7,4585,14,,,,,,,,,,,,
powerball,2017-06-21,65 Million,41.4 Million,,,,,1,1000000,1,2000000,,,,,186,100,46,200,,,,,12239,7,3228,14,,,,,,,,,,,,
powerball,2017-06-24,79 Million,50.3 Million,,,,,2,1000000,0,2000000,,,,,281,100,69,400,,,,,17454,7,4692,28,,,,,,,,,,,,
powerball,2017-06-28,92 Million,58.7 Million,,,,,0,1000000,0,2000000,,,,,234,100,43,200,,,,,14359,7,3743,14,,,,,,,,,,,,
powerball,2017-07-01,109 Million,68.7 Million,,,,,1,1000000,0,2000000,,,,,285,100,87,300,,,,,19234,7,4999,21,,,,,,,,,,,,
powerball,2017-07-05,123 Million,77.3 Million,,,,,0,1000000,0,2000000,,,,,283,100,79,200,,,,,18326,7,4757,14,,,,,,,,,,,,
powerball,2017-07-08,140 Million,86.8 Million,,,,,1,1000000,0,2000000,,,,,350,100,82,200,,,,,23517,7,6078,14,,,,,,,,,,,,
powerball,2017-07-12,155 Million,95.9 Million,,,,,1,1000000,0,2000000,,,,,351,100,76,200,,,,,22712,7,5692,14,,,,,,,,,,,,
powerball,2017-07-15,171 Million,106.2 Million,,,,,0,1000000,1,2000000,,,,,344,100,73,200,,,,,20215,7,4782,14,,,,,,,,,,,,
powerball,2017-07-19,186 Million,115.8 Million,,,,,0,1000000,0,2000000,,,,,317,100,78,500,,,,,18545,7,4072,35,,,,,,,,,,,,
powerball,2017-07-22,201 Million,127.2 Million,,,,,3,1000000,0,2000000,,,,,364,100,85,300,,,,,24725,7,5805,21,,,,,,,,,,,,
powerball,2017-07-26,219 Million,138.2 Million,,,,,3,1000000,1,2000000,,,,,432,100,127,200,,,,,30061,7,7197,14,,,,,,,,,,,,
powerball,2017-07-29,243 Million,150.9 Million,,,,,0,1000000,0,2000000,,,,,408,100,108,200,,,,,28374,7,6363,14,,,,,,,,,,,,
powerball,2017-08-02,263 Million,163.4 Million,,,,,0,1000000,1,2000000,,,,,447,100,96,300,,,,,26480,7,5794,21,,,,,,,,,,,,
powerball,2017-08-05,287 Million,180.7 Million,,,,,3,1000000,2,2000000,,,,,750,100,184,200,,,,,47141,7,10552,14,,,,,,,,,,,,
powerball,2017-08-09,324 Million,203.6 Million,,,,,3,1000000,0,2000000,,,,,829,100,161,400,,,,,53172,7,9741,28,,,,,,,,,,,,
powerball,2017-08-12,371 Million,235.9 Million,,,,,5,1000000,0,2000000,,,,,1168,100,215,200,,,,,77910,7,13681,14,,,,,,,,,,,,
powerball,2017-08-16,433 Million,274.9 Million,,,,,2,1000000,1,2000000,,,,,1484,100,266,300,,,,,89527,7,14281,21,,,,,,,,,,,,
powerball,2017-08-19,542 Million,343.2 Million,,,,,8,1000000,2,2000000,,,,,2645,100,394,400,,,,,166736,7,26162,28,,,,,,,,,,,,
powerball,2017-08-23,759 Million,480.5 Million,,,,,34,1000000,6,2000000,,,,,7790,100,1311,400,,,,,428330,7,68584,28,,,,,,,,,,,,
powerball,2017-08-26,40 Million,25.4 Million,,,,,1,1000000,0,2000000,,,,,268,100,87,200,,,,,19382,7,5084,14,,,,,,,,,,,,
powerball,2017-08-30,54 Million,34.5 Million,,,,,1,1000000,0,2000000,,,,,245,100,77,200,,,,,16000,7,4134,14,,,,,,,,,,,,
powerball,2017-09-02,71 Million,44.8 Million,,,,,3,1000000,0,2000000,,,,,284,100,92,200,,,,,18953,7,5176,14,,,,,,,,,,,,
powerball,2017-09-06,85 Million,53.9 Million,,,,,1,1000000,0,2000000,,,,,246,100,71,300,,,,,16551,7,4070,21,,,,,,,,,,,,
powerball,2017-09-09,100 Million,64.7 Million,,,,,1,1000000,0,2000000,,,,,328,100,78,200,,,,,20805,7,5178,14,,,,,,,,,,,,
powerball,2017-09-13,116 Million,74.5 Million,,,,,1,1000000,0,2000000,,,,,298,100,74,300,,,,,17924,7,4306,21,,,,,,,,,,,,
powerball,2017-09-16,133 Million,84.6 Million,,,,,7,1000000,2,2000000,,,,,603,100,170,200,,,,,29199,7,7916,14,,,,,,,,,,,,
powerball,2017-09-20,40 Million,25.4 Million,,,,,1,1000000,0,2000000,,,,,177,100,65,300,,,,,12990,7,3199,21,,,,,,,,,,,,
powerball,2017-09-23,54 Million,33.9 Million,,,,,1,1000000,0,2000000,,,,,217,100,62,200,,,,,14714,7,3738,14,,,,,,,,,,,,
powerball,2017-09-27,66 Million,41.8 Million,,,,,4,1000000,0,2000000,,,,,607,100,199,300,,,,,27020,7,7525,21,,,,,,,,,,,,
powerball,2017-09-30,82 Million,51.0 Million,,,,,0,1000000,0,2000000,,,,,309,100,67,300,,,,,20261,7,5291,21,,,,,,,,,,,,
powerball,2017-10-04,96 Million,59.8 Million,,,,,0,1000000,0,2000000,,,,,271,100,68,200,,,,,14853,7,3407,14,,,,,,,,,,,,
powerball,2017-10-07,112 Million,70.0 Million,,,,,0,1000000,1,2000000,,,,,285,100,64,200,,,,,17533,7,3998,14,,,,,,,,,,,,
powerball,2017-10-11,127 Million,79.1 Million,,,,,0,1000000,1,2000000,,,,,517,100,138,200,,,,,28018,7,7350,14,,,,,,,,,,,,
powerball,2017-10-14,141 Million,88.9 Million,,,,,0,1000000,0,2000000,,,,,332,100,61,300,,,,,19468,7,4071,21,,,,,,,,,,,,
powerball,2017-10-18,156 Million,98.3 Million,,,,,2,1000000,1,2000000,,,,,308,100,68,200,,,,,19150,7,3893,14,,,,,,,,,,,,
powerball,2017-10-21,174 Million,109.0 Million,,,,,1,1000000,0,2000000,,,,,339,100,84,200,,,,,22710,7,4886,14,,,,,,,,,,,,
powerball,2017-10-25,191 Million,119.5 Million,,,,,2,1000000,0,2000000,,,,,363,100,80,300,,,,,23913,7,4885,21,,,,,,,,,,,,
powerball,2017-10-28,40 Million,24.7 Million,,,,,0,1000000,0,2000000,,,,,238,100,43,200,,,,,14475,7,3562,14,,,,,,,,,,,,
powerball,2017-11-01,50 Million,30.9 Million,,,,,1,1000000,0,2000000,,,,,446,100,121,200,,,,,22830,7,6095,14,,,,,,,,,,,,
powerball,2017-11-04,63 Million,39.7 Million,,,,,2,1000000,0,2000000,,,,,291,100,77,300,,,,,18071,7,4549,21,,,,,,,,,,,,
powerball,2017-11-08,76 Million,47.6 Million,,,,,1,1000000,0,2000000,,,,,304,100,74,200,,,,,19775,7,5033,14,,,,,,,,,,,,
powerball,2017-11-11,90 Million,56.7 Million,,,,,0,1000000,2,2000000,,,,,371,100,92,200,,,,,22801,7,5902,14,,,,,,,,,,,,
powerball,2017-11-15,104 Million,65.7 Million,,,,,1,1000000,1,2000000,,,,,298,100,71,200,,,,,17831,7,4150,14,,,,,,,,,,,,
powerball,2017-11-18,121 Million,75.7 Million,,,,,3,1000000,0,2000000,,,,,312,100,79,300,,,,,21884,7,5382,21,,,,,,,,,,,,
powerball,2017-11-22,135 Million,84.6 Million,,,,,0,1000000,0,2000000,,,,,289,100,61,200,,,,,18648,7,4032,14,,,,,,,,,,,,
powerball,2017-11-25,147 Million,93.2 Million,,,,,3,1000000,0,2000000,,,,,336,100,82,200,,,,,21915,7,5350,14,,,,,,,,,,,,
powerball,2017-11-29,161 Million,102.0 Million,,,,,1,1000000,0,2000000,,,,,284,100,52,300,,,,,18884,7,4046,21,,,,,,,,,,,,
powerball,2017-12-02,179 Million,112.1 Million,,,,,1,1000000,0,2000000,,,,,363,100,88,300,,,,,22132,7,5116,21,,,,,,,,,,,,
powerball,2017-12-06,194 Million,122.0 Million,,,,,0,1000000,0,2000000,,,,,359,100,85,200,,,,,21455,7,5037,14,,,,,,,,,,,,
powerball,2017-12-09,212 Million,133.5 Million,,,,,2,1000000,1,2000000,,,,,411,100,93,500,,,,,24114,7,5298,35,,,,,,,,,,,,
powerball,2017-12-13,230 Million,145.1 Million,,,,,1,1000000,0,2000000,,,,,434,100,88,300,,,,,26489,7,5697,21,,,,,,,,,,,,
powerball,2017-12-16,249 Million,158.7 Million,,,,,1,1000000,0,2000000,,,,,479,100,107,200,,,,,29109,7,6126,14,,,,,,,,,,,,
powerball,2017-12-20,272 Million,173.2 Million,,,,,0,1000000,0,2000000,,,,,436,100,93,200,,,,,31439,7,6171,14,,,,,,,,,,,,
powerball,2017-12-23,310 Million,193.3 Million,,,,,1,1000000,0,2000000,,,,,1001,100,215,200,,,,,59062,7,12412,14,,,,,,,,,,,,
powerball,2017-12-27,340 Million,212.5 Million,,,,,0,1000000,1,2000000,,,,,724,100,127,300,,,,,47773,7,9022,21,,,,,,,,,,,,
powerball,2017-12-30,390 Million,246.7 Million,,,,,3,1000000,1,2000000,,,,,1251,100,217,200,,,,,77818,7,13461,14,,,,,,,,,,,,
powerball,2018-01-03,461 Million,291.5 Million,,,,,5,1000000,1,2000000,,,,,1860,100,253,300,,,,,113256,7,17983,21,,,,,,,,,,,,
powerball,2018-01-06,560 Million,352.0 Million,,,,,7,1000000,0,2000000,,,,,2294,100,382,300,,,,,150796,7,25166,21,,,,,,,,,,,,
powerball,2018-01-10,40 Million,25.2 Million,,,,,1,1000000,0,2000000,,,,,339,100,94,500,,,,,19059,7,4840,35,,,,,,,,,,,,
powerball,2018-01-13,50 Million,31.1 Million,,,,,2,1000000,0,2000000,,,,,241,100,68,200,,,,,17128,7,4568,14,,,,,,,,,,,,
powerball,2018-01-17,62 Million,38.8 Million,,,,,1,1000000,1,2000000,,,,,257,100,52,200,,,,,16211,7,4218,14,,,,,,,,,,,,
powerball,2018-01-20,79 Million,49.0 Million,,,,,0,1000000,0,2000000,,,,,317,100,74,400,,,,,18259,7,4642,28,,,,,,,,,,,,
powerball,2018-01-24,94 Million,58.2 Million,,,,,1,1000000,0,2000000,,,,,357,100,81,300,,,,,24530,7,6829,21,,,,,,,,,,,,
powerball,2018-01-27,113 Million,69.5 Million,,,,,1,1000000,1,2000000,,,,,381,100,77,200,,,,,23482,7,5967,14,,,,,,,,,,,,
powerball,2018-01-31,128 Million,79.1 Million,,,,,3,1000000,0,2000000,,,,,323,100,64,1000,,,,,23144,7,5834,70,,,,,,,,,,,,
powerball,2018-02-03,149 Million,89.8 Million,,,,,0,1000000,0,2000000,,,,,358,100,107,200,,,,,24804,7,6365,14,,,,,,,,,,,,
powerball,2018-02-07,164 Million,99.2 Million,,,,,0,1000000,0,2000000,,,,,287,100,72,200,,,,,20516,7,4806,14,,,,,,,,,,,,
powerball,2018-02-10,185 Million,110.2 Million,,,,,2,1000000,1,2000000,,,,,382,100,97,500,,,,,25314,7,6129,35,,,,,,,,,,,,
powerball,2018-02-14,204 Million,121.3 Million,,,,,2,1000000,0,2000000,,,,,562,100,122,200,,,,,23193,7,5081,14,,,,,,,,,,,,
powerball,2018-02-17,225 Million,134.1 Million,,,,,2,1000000,0,2000000,,,,,541,100,97,300,,,,,29277,7,6671,21,,,,,,,,,,,,
powerball,2018-02-21,245 Million,145.9 Million,,,,,0,1000000,1,2000000,,,,,429,100,87,300,,,,,29609,7,6402,21,,,,,,,,,,,,
powerball,2018-02-24,271 Million,159.6 Million,,,,,1,1000000,0,2000000,,,,,443,100,85,200,,,,,28361,7,6201,14,,,,,,,,,,,,
powerball,2018-02-28,294 Million,173.3 Million,,,,,0,1000000,0,2000000,,,,,439,100,101,500,,,,,28743,7,6005,35,,,,,,,,,,,,
powerball,2018-03-03,319 Million,189.9 Million,,,,,5,1000000,1,2000000,,,,,700,100,163,200,,,,,42860,7,9404,14,,,,,,,,,,,,
powerball,2018-03-07,346 Million,206.4 Million,,,,,3,1000000,0,2000000,,,,,644,100,137,200,,,,,41875,7,8843,14,,,,,,,,,,,,
powerball,2018-03-10,381 Million,225.3 Million,,,,,3,1000000,1,2000000,,,,,635,100,129,300,,,,,39931,7,7833,21,,,,,,,,,,,,
powerball,2018-03-14,417 Million,247.1 Million,,,,,1,1000000,1,2000000,,,,,821,100,159,300,,,,,55224,7,10789,21,,,,,,,,,,,,
powerball,2018-03-17,457 Million,274.0 Million,,,,,2,1000000,1,2000000,,,,,936,100,169,200,,,,,58580,7,10558,14,,,,,,,,,,,,
powerball,2018-03-21,40 Million,24.0 Million,,,,,1,1000000,0,2000000,,,,,307,100,83,200,,,,,19936,7,5625,14,,,,,,,,,,,,
powerball,2018-03-24,56 Million,33.6 Million,,,,,2,1000000,0,2000000,,,,,284,100,88,300,,,,,17783,7,4925,21,,,,,,,,,,,,
powerball,2018-03-28,40 Million,24.0 Million,,,,,1,1000000,0,2000000,,,,,266,100,82,200,,,,,17789,7,5070,14,,,,,,,,,,,,
powerball,2018-03-31,50 Million,30.3 Million,,,,,2,1000000,1,2000000,,,,,300,100,72,300,,,,,19991,7,5136,21,,,,,,,,,,,,
powerball,2018-04-04,60 Million,36.4 Million,,,,,2,1000000,0,2000000,,,,,238,100,53,400,,,,,15065,7,4007,28,,,,,,,,,,,,
powerball,2018-04-07,75 Million,45.1 Million,,,,,0,1000000,0,2000000,,,,,323,100,110,200,,,,,21357,7,5953,14,,,,,,,,,,,,
powerball,2018-04-11,90 Million,53.9 Million,,,,,1,1000000,0,2000000,,,,,214,100,72,300,,,,,16762,7,4380,21,,,,,,,,,,,,
powerball,2018-04-14,108 Million,65.0 Million,,,,,1,1000000,0,2000000,,,,,295,100,66,200,,,,,21091,7,5402,14,,,,,,,,,,,,
powerball,2018-04-18,124 Million,74.8 Million,,,,,3,1000000,2,2000000,,,,,868,100,277,200,,,,,36901,7,10532,14,,,,,,,,,,,,
powerball,2018-04-21,143 Million,85.2 Million,,,,,0,1000000,0,2000000,,,,,295,100,73,200,,,,,20892,7,4933,14,,,,,,,,,,,,
powerball,2018-04-25,159 Million,94.7 Million,,,,,2,1000000,0,2000000,,,,,304,100,69,300,,,,,20293,7,4565,21,,,,,,,,,,,,
powerball,2018-04-28,178 Million,105.6 Million,,,,,1,1000000,0,2000000,,,,,369,100,89,500,,,,,25054,7,5917,35,,,,,,,,,,,,
powerball,2018-05-02,195 Million,115.9 Million,,,,,3,1000000,0,2000000,,,,,366,100,80,200,,,,,25031,7,5700,14,,,,,,,,,,,,
powerball,2018-05-05,215 Million,128.1 Million,,,,,1,1000000,1,2000000,,,,,440,100,85,400,,,,,25644,7,5598,28,,,,,,,,,,,,
powerball,2018-05-09,235 Million,140.3 Million,,,,,1,1000000,0,2000000,,,,,425,100,81,200,,,,,27170,7,5890,14,,,,,,,,,,,,
powerball,2018-05-12,258 Million,154.1 Million,,,,,0,1000000,0,2000000,,,,,495,100,96,300,,,,,30008,7,6345,21,,,,,,,,,,,,
powerball,2018-05-16,280 Million,167.2 Million,,,,,0,1000000,0,2000000,,,,,567,100,122,200,,,,,34543,7,8202,14,,,,,,,,,,,,
powerball,2018-05-19,315 Million,183.2 Million,,,,,5,1000000,0,2000000,,,,,1063,100,275,300,,,,,54499,7,13586,21,,,,,,,,,,,,
powerball,2018-05-23,40 Million,23.2 Million,,,,,0,1000000,0,2000000,,,,,187,100,45,400,,,,,12579,7,3483,28,,,,,,,,,,,,
powerball,2018-05-26,50 Million,29.7 Million,,,,,0,1000000,0,2000000,,,,,224,100,67,200,,,,,17332,7,4895,14,,,,,,,,,,,,
powerball,2018-05-30,60 Million,35.7 Million,,,,,0,1000000,0,2000000,,,,,218,100,53,200,,,,,14581,7,4209,14,,,,,,,,,,,,
powerball,2018-06-02,74 Million,44.5 Million,,,,,0,1000000,1,2000000,,,,,253,100,63,400,,,,,16625,7,4676,28,,,,,,,,,,,,
powerball,2018-06-06,88 Million,52.8 Million,,,,,0,1000000,0,2000000,,,,,238,100,67,300,,,,,15531,7,4189,21,,,,,,,,,,,,
powerball,2018-06-09,105 Million,62.8 Million,,,,,2,1000000,1,2000000,,,,,524,100,155,300,,,,,27605,7,7803,21,,,,,,,,,,,,
powerball,2018-06-13,121 Million,72.2 Million,,,,,1,1000000,0,2000000,,,,,283,100,76,200,,,,,17979,7,4584,14,,,,,,,,,,,,
powerball,2018-06-16,136 Million,81.7 Million,,,,,3,1000000,1,2000000,,,,,267,100,74,200,,,,,18388,7,4501,14,,,,,,,,,,,,
powerball,2018-06-20,150 Million,90.3 Million,,,,,0,1000000,1,2000000,,,,,387,100,100,200,,,,,23201,7,6068,14,,,,,,,,,,,,
powerball,2018-06-23,40 Million,24.0 Million,,,,,3,1000000,1,2000000,,,,,223,100,58,200,,,,,14947,7,4093,14,,,,,,,,,,,,
powerball,2018-06-27,50 Million,30.0 Million,,,,,0,1000000,0,2000000,,,,,174,100,52,200,,,,,12779,7,3385,14,,,,,,,,,,,,
powerball,2018-06-30,60 Million,36.4 Million,,,,,1,1000000,0,2000000,,,,,272,100,65,200,,,,,17833,7,5219,14,,,,,,,,,,,,
powerball,2018-07-04,70 Million,42.5 Million,,,,,0,1000000,0,2000000,,,,,286,100,90,200,,,,,18173,7,4996,14,,,,,,,,,,,,
powerball,2018-07-07,80 Million,48.8 Million,,,,,0,1000000,1,2000000,,,,,218,100,77,300,,,,,15565,7,4236,21,,,,,,,,,,,,
powerball,2018-07-11,90 Million,54.9 Million,,,,,2,1000000,1,2000000,,,,,265,100,65,400,,,,,16871,7,4610,28,,,,,,,,,,,,
powerball,2018-07-14,100 Million,61.0 Million,,,,,1,1000000,0,2000000,,,,,263,100,72,300,,,,,18371,7,4593,21,,,,,,,,,,,,
powerball,2018-07-18,113 Million,69.1 Million,,,,,1,1000000,0,2000000,,,,,387,100,120,200,,,,,24284,7,6559,14,,,,,,,,,,,,
powerball,2018-07-21,132 Million,79.9 Million,,,,,1,1000000,0,2000000,,,,,339,100,81,200,,,,,21421,7,5282,14,,,,,,,,,,,,
powerball,2018-07-25,150 Million,90.7 Million,,,,,1,1000000,0,2000000,,,,,338,100,72,200,,,,,23652,7,5049,14,,,,,,,,,,,,
powerball,2018-07-28,169 Million,100.7 Million,,,,,1,1000000,0,2000000,,,,,337,100,86,200,,,,,20564,7,4957,14,,,,,,,,,,,,
powerball,2018-08-01,185 Million,110.5 Million,,,,,2,1000000,0,2000000,,,,,337,100,66,200,,,,,22329,7,5107,14,,,,,,,,,,,,
powerball,2018-08-04,206 Million,122.6 Million,,,,,2,1000000,0,2000000,,,,,421,100,117,400,,,,,28466,7,6573,28,,,,,,,,,,,,
powerball,2018-08-08,226 Million,134.6 Million,,,,,0,1000000,0,2000000,,,,,393,100,79,200,,,,,28215,7,6018,14,,,,,,,,,,,,
powerball,2018-08-11,246 Million,147.8 Million,,,,,1,1000000,1,2000000,,,,,459,100,85,200,,,,,27496,7,5927,14,,,,,,,,,,,,
powerball,2018-08-15,40 Million,24.1 Million,,,,,3,1000000,0,2000000,,,,,211,100,60,200,,,,,15626,7,4364,14,,,,,,,,,,,,
powerball,2018-08-18,50 Million,30.1 Million,,,,,1,1000000,1,2000000,,,,,241,100,57,300,,,,,14029,7,4015,21,,,,,,,,,,,,
powerball,2018-08-22,60 Million,36.1 Million,,,,,0,1000000,0,2000000,,,,,229,100,70,200,,,,,14407,7,4156,14,,,,,,,,,,,,
powerball,2018-08-25,70 Million,42.4 Million,,,,,1,1000000,0,2000000,,,,,207,100,88,200,,,,,14279,7,4078,14,,,,,,,,,,,,
powerball,2018-08-29,80 Million,48.5 Million,,,,,0,1000000,0,2000000,,,,,194,100,57,200,,,,,12714,7,3411,14,,,,,,,,,,,,
powerball,2018-09-01,90 Million,54.5 Million,,,,,1,1000000,0,2000000,,,,,214,100,45,300,,,,,14564,7,4006,21,,,,,,,,,,,,
powerball,2018-09-05,100 Million,60.6 Million,,,,,0,1000000,0,2000000,,,,,197,100,45,200,,,,,14401,7,3713,14,,,,,,,,,,,,
powerball,2018-09-08,118 Million,70.3 Million,,,,,0,1000000,0,2000000,,,,,404,100,130,300,,,,,24261,7,6956,21,,,,,,,,,,,,
powerball,2018-09-12,132 Million,78.3 Million,,,,,1,1000000,1,2000000,,,,,216,100,51,200,,,,,15289,7,3900,14,,,,,,,,,,,,
powerball,2018-09-15,148 Million,87.2 Million,,,,,1,1000000,0,2000000,,,,,392,100,108,300,,,,,24695,7,6817,21,,,,,,,,,,,,
powerball,2018-09-19,161 Million,95.4 Million,,,,,0,1000000,0,2000000,,,,,260,100,67,300,,,,,17214,7,4311,21,,,,,,,,,,,,
powerball,2018-09-22,179 Million,104.9 Million,,,,,0,1000000,0,2000000,,,,,310,100,85,500,,,,,19132,7,4746,35,,,,,,,,,,,,
powerball,2018-09-26,195 Million,114.0 Million,,,,,1,1000000,0,2000000,,,,,450,100,115,500,,,,,28394,7,7656,35,,,,,,,,,,,,
powerball,2018-09-29,213 Million,125.1 Million,,,,,1,1000000,1,2000000,,,,,370,100,75,200,,,,,24167,7,5757,14,,,,,,,,,,,,
powerball,2018-10-03,232 Million,136.3 Million,,,,,1,1000000,0,2000000,,,,,345,100,79,300,,,,,22677,7,5028,21,,,,,,,,,,,,
powerball,2018-10-06,262 Million,149.9 Million,,,,,2,1000000,1,2000000,,,,,433,100,84,300,,,,,30585,7,6811,21,,,,,,,,,,,,
powerball,2018-10-10,288 Million,164.3 Million,,,,,3,1000000,0,2000000,,,,,500,100,106,300,,,,,34694,7,7311,21,,,,,,,,,,,,
powerball,2018-10-13,320 Million,184.6 Million,,,,,2,1000000,0,2000000,,,,,700,100,143,300,,,,,46389,7,9174,21,,,,,,,,,,,,
powerball,2018-10-17,378 Million,218.0 Million,,,,,3,1000000,1,2000000,,,,,1192,100,218,300,,,,,75353,7,12757,21,,,,,,,,,,,,
powerball,2018-10-20,477 Million,272.4 Million,,,,,7,1000000,2,2000000,,,,,1936,100,330,200,,,,,125260,7,20805,14,,,,,,,,,,,,
powerball,2018-10-24,603 Million,344.3 Million,,,,,7,1000000,0,2000000,,,,,2658,100,440,200,,,,,173174,7,27470,14,,,,,,,,,,,,
powerball,2018-10-27,688 Million,396.2 Million,,,,,13,1000000,2,2000000,,,,,3265,100,726,300,,,,,167361,7,33065,21,,,,,,,,,,,,
powerball,2018-10-31,40 Million,23.0 Million,,,,,0,1000000,0,2000000,,,,,292,100,92,300,,,,,19167,7,5255,21,,,,,,,,,,,,
powerball,2018-11-03,58 Million,33.1 Million,,,,,0,1000000,0,2000000,,,,,286,100,64,300,,,,,18853,7,5163,21,,,,,,,,,,,,
powerball,2018-11-07,73 Million,41.8 Million,,,,,0,1000000,1,2000000,,,,,248,100,70,200,,,,,16248,7,4390,14,,,,,,,,,,,,
powerball,2018-11-10,90 Million,51.6 Million,,,,,0,1000000,0,2000000,,,,,291,100,65,200,,,,,18362,7,4911,14,,,,,,,,,,,,
powerball,2018-11-14,106 Million,60.8 Million,,,,,0,1000000,0,2000000,,,,,277,100,69,500,,,,,16594,7,4419,35,,,,,,,,,,,,
powerball,2018-11-17,124 Million,70.8 Million,,,,,0,1000000,0,2000000,,,,,332,100,77,200,,,,,20941,7,5671,14,,,,,,,,,,,,
powerball,2018-11-21,140 Million,79.8 Million,,,,,3,1000000,0,2000000,,,,,362,100,103,200,,,,,22747,7,5993,14,,,,,,,,,,,,
powerball,2018-11-24,153 Million,88.3 Million,,,,,0,1000000,0,2000000,,,,,252,100,74,200,,,,,17527,7,4697,14,,,,,,,,,,,,
powerball,2018-11-28,167 Million,96.7 Million,,,,,1,1000000,0,2000000,,,,,250,100,60,200,,,,,17496,7,4590,14,,,,,,,,,,,,
powerball,2018-12-01,184 Million,106.2 Million,,,,,0,1000000,1,2000000,,,,,338,100,83,200,,,,,20470,7,5529,14,,,,,,,,,,,,
powerball,2018-12-05,199 Million,115.3 Million,,,,,0,1000000,0,2000000,,,,,333,100,100,500,,,,,21679,7,5512,35,,,,,,,,,,,,
powerball,2018-12-08,212 Million,125.4 Million,,,,,1,1000000,0,2000000,,,,,332,100,74,200,,,,,20709,7,5276,14,,,,,,,,,,,,
powerball,2018-12-12,228 Million,134.8 Million,,,,,1,1000000,0,2000000,,,,,390,100,100,200,,,,,25716,7,6848,14,,,,,,,,,,,,
powerball,2018-12-15,245 Million,145.4 Million,,,,,0,1000000,0,2000000,,,,,374,100,79,300,,,,,22489,7,5490,21,,,,,,,,,,,,
powerball,2018-12-19,262 Million,155.5 Million,,,,,2,1000000,0,2000000,,,,,369,100,90,200,,,,,23267,7,5556,14,,,,,,,,,,,,
powerball,2018-12-22,277 Million,167.2 Million,,,,,1,1000000,0,2000000,,,,,387,100,100,300,,,,,26284,7,6401,21,,,,,,,,,,,,
powerball,2018-12-26,298 Million,180.2 Million,,,,,3,1000000,0,2000000,,,,,462,100,87,200,,,,,29640,7,6312,14,,,,,,,,,,,,
powerball,2018-12-29,40 Million,24.1 Million,,,,,3,1000000,0,2000000,,,,,280,100,55,200,,,,,17148,7,4721,14,,,,,,,,,,,,
powerball,2019-01-02,55 Million,33.0 Million,,,,,1,1000000,0,2000000,,,,,279,100,73,200,,,,,17369,7,4597,14,,,,,,,,,,,,
powerball,2019-01-05,68 Million,41.8 Million,,,,,1,1000000,1,2000000,,,,,437,100,148,200,,,,,25194,7,7731,14,,,,,,,,,,,,
powerball,2019-01-09,82 Million,50.0 Million,,,,,2,1000000,0,2000000,,,,,244,100,59,300,,,,,15767,7,4365,21,,,,,,,,,,,,
powerball,2019-01-12,98 Million,59.5 Million,,,,,2,1000000,1,2000000,,,,,269,100,71,200,,,,,17127,7,4577,14,,,,,,,,,,,,
powerball,2019-01-16,113 Million,68.7 Million,,,,,1,1000000,0,2000000,,,,,309,100,72,200,,,,,17287,7,4364,14,,,,,,,,,,,,
powerball,2019-01-19,131 Million,78.5 Million,,,,,1,1000000,0,2000000,,,,,312,100,86,300,,,,,19273,7,4854,21,,,,,,,,,,,,
powerball,2019-01-23,144 Million,86.7 Million,,,,,1,1000000,0,2000000,,,,,321,100,74,300,,,,,17554,7,4419,21,,,,,,,,,,,,
powerball,2019-01-26,159 Million,96.3 Million,,,,,0,1000000,0,2000000,,,,,584,100,163,400,,,,,29984,7,8428,28,,,,,,,,,,,,
powerball,2019-01-30,174 Million,105.1 Million,,,,,1,1000000,0,2000000,,,,,415,100,113,200,,,,,24463,7,6541,14,,,,,,,,,,,,
powerball,2019-02-02,190 Million,115.5 Million,,,,,2,1000000,1,2000000,,,,,373,100,82,500,,,,,23286,7,5845,35,,,,,,,,,,,,
powerball,2019-02-06,206 Million,125.6 Million,,,,,1,1000000,1,2000000,,,,,377,100,85,500,,,,,24064,7,5850,35,,,,,,,,,,,,
powerball,2019-02-09,224 Million,136.9 Million,,,,,3,1000000,1,2000000,,,,,1289,100,372,300,,,,,45875,7,13542,21,,,,,,,,,,,,
powerball,2019-02-13,241 Million,147.4 Million,,,,,3,1000000,0,2000000,,,,,476,100,124,200,,,,,30080,7,7503,14,,,,,,,,,,,,
powerball,2019-02-16,262 Million,159.3 Million,,,,,1,1000000,1,2000000,,,,,386,100,89,400,,,,,24455,7,5642,28,,,,,,,,,,,,
powerball,2019-02-20,280 Million,170.3 Million,,,,,1,1000000,0,2000000,,,,,385,100,89,200,,,,,23346,7,5438,14,,,,,,,,,,,,
powerball,2019-02-23,302 Million,184.0 Million,,,,,0,1000000,0,2000000,,,,,705,100,142,200,,,,,39055,7,9442,14,,,,,,,,,,,,
powerball,2019-02-27,324 Million,197.4 Million,,,,,1,1000000,0,2000000,,,,,453,100,93,500,,,,,29399,7,6252,35,,,,,,,,,,,,
powerball,2019-03-02,356 Million,213.2 Million,,,,,2,1000000,0,2000000,,,,,551,100,149,200,,,,,40137,7,9617,14,,,,,,,,,,,,
powerball,2019-03-06,382 Million,228.8 Million,,,,,2,1000000,1,2000000,,,,,759,100,171,200,,,,,39729,7,8856,14,,,,,,,,,,,,
powerball,2019-03-09,411 Million,249.4 Million,,,,,2,1000000,0,2000000,,,,,724,100,163,300,,,,,46523,7,9752,21,,,,,,,,,,,,
powerball,2019-03-13,448 Million,271.8 Million,,,,,2,1000000,1,2000000,,,,,832,100,152,300,,,,,52492,7,10344,21,,,,,,,,,,,,
powerball,2019-03-16,492 Million,299.7 Million,,,,,2,1000000,1,2000000,,,,,968,100,188,200,,,,,62882,7,12002,14,,,,,,,,,,,,
powerball,2019-03-20,562 Million,342.4 Million,,,,,4,1000000,2,2000000,,,,,1524,100,281,200,,,,,98736,7,16881,14,,,,,,,,,,,,
powerball,2019-03-23,639 Million,396.5 Million,,,,,8,1000000,2,2000000,,,,,1933,100,329,300,,,,,124689,7,22057,21,,,,,,,,,,,,
powerball,2019-03-27,768 Million,477.0 Million,,,,,7,1000000,2,2000000,,,,,2972,100,514,300,,,,,191420,7,32197,21,,,,,,,,,,,,
powerball,2019-03-30,40 Million,25.1 Million,,,,,0,1000000,0,2000000,,,,,270,100,69,300,,,,,16909,7,4759,21,,,,,,,,,,,,
powerball,2019-04-03,54 Million,34.1 Million,,,,,2,1000000,0,2000000,,,,,288,100,95,200,,,,,19007,7,5659,14,,,,,,,,,,,,
powerball,2019-04-06,71 Million,44.0 Million,,,,,1,1000000,0,2000000,,,,,241,100,85,300,,,,,16785,7,4846,21,,,,,,,,,,,,
powerball,2019-04-10,85 Million,53.0 Million,,,,,0,1000000,0,2000000,,,,,280,100,71,400,,,,,18245,7,5293,28,,,,,,,,,,,,
powerball,2019-04-13,104 Million,63.7 Million,,,,,0,1000000,0,2000000,,,,,399,100,108,200,,,,,23031,7,6814,14,,,,,,,,,,,,
powerball,2019-04-17,120 Million,73.5 Million,,,,,0,1000000,0,2000000,,,,,285,100,63,300,,,,,18400,7,5035,21,,,,,,,,,,,,
powerball,2019-04-20,135 Million,83.5 Million,,,,,0,1000000,0,2000000,,,,,314,100,99,300,,,,,21239,7,5570,21,,,,,,,,,,,,
powerball,2019-04-24,149 Million,92.5 Million,,,,,0,1000000,0,2000000,,,,,289,100,72,500,,,,,18519,7,4752,35,,,,,,,,,,,,
powerball,2019-04-27,166 Million,102.9 Million,,,,,2,1000000,1,2000000,,,,,299,100,90,300,,,,,21074,7,5600,21,,,,,,,,,,,,
powerball,2019-05-01,182 Million,112.5 Million,,,,,1,1000000,0,2000000,,,,,315,100,65,500,,,,,21271,7,5673,35,,,,,,,,,,,,
powerball,2019-05-04,200 Million,123.5 Million,,,,,1,1000000,1,2000000,,,,,443,100,101,200,,,,,27962,7,7720,14,,,,,,,,,,,,
powerball,2019-05-08,216 Million,133.8 Million,,,,,0,1000000,0,2000000,,,,,334,100,69,300,,,,,20692,7,5003,21,,,,,,,,,,,,
powerball,2019-05-11,233 Million,145.6 Million,,,,,3,1000000,1,2000000,,,,,501,100,142,200,,,,,31990,7,8634,14,,,,,,,,,,,,
powerball,2019-05-15,250 Million,156.5 Million,,,,,1,1000000,1,2000000,,,,,386,100,86,200,,,,,24842,7,6357,14,,,,,,,,,,,,
powerball,2019-05-18,269 Million,168.6 Million,,,,,2,1000000,0,2000000,,,,,408,100,116,400,,,,,27643,7,6909,28,,,,,,,,,,,,
powerball,2019-05-22,288 Million,180.2 Million,,,,,1,1000000,1,2000000,,,,,491,100,100,200,,,,,29495,7,7587,14,,,,,,,,,,,,
powerball,2019-05-25,307 Million,193.7 Million,,,,,2,1000000,1,2000000,,,,,422,100,94,300,,,,,28703,7,6780,21,,,,,,,,,,,,
powerball,2019-05-29,327 Million,206.6 Million,,,,,2,1000000,0,2000000,,,,,458,100,92,200,,,,,28127,7,6293,14,,,,,,,,,,,,
powerball,2019-06-01,345 Million,223.3 Million,,,,,0,1000000,0,2000000,,,,,603,100,125,200,,,,,37863,7,8507,14,,,,,,,,,,,,
powerball,2019-06-05,40 Million,25.9 Million,,,,,1,1000000,1,2000000,,,,,305,100,70,300,,,,,18891,7,5349,21,,,,,,,,,,,,
powerball,2019-06-08,54 Million,35.1 Million,,,,,2,1000000,0,2000000,,,,,265,100,85,200,,,,,16764,7,4839,14,,,,,,,,,,,,
powerball,2019-06-12,66 Million,43.1 Million,,,,,1,1000000,0,2000000,,,,,228,100,61,200,,,,,14621,7,4099,14,,,,,,,,,,,,
powerball,2019-06-15,80 Million,52.3 Million,,,,,0,1000000,0,2000000,,,,,434,100,99,300,,,,,23068,7,6966,21,,,,,,,,,,,,
powerball,2019-06-19,94 Million,60.9 Million,,,,,0,1000000,0,2000000,,,,,329,100,93,300,,,,,20857,7,6185,21,,,,,,,,,,,,
powerball,2019-06-22,109 Million,71.3 Million,,,,,3,1000000,0,2000000,,,,,512,100,178,200,,,,,27712,7,8237,14,,,,,,,,,,,,
powerball,2019-06-26,123 Million,80.7 Million,,,,,1,1000000,0,2000000,,,,,390,100,97,300,,,,,23220,7,6664,21,,,,,,,,,,,,
powerball,2019-06-29,136 Million,90.2 Million,,,,,0,1000000,0,2000000,,,,,321,100,79,200,,,,,20455,7,5827,14,,,,,,,,,,,,
powerball,2019-07-03,150 Million,99.4 Million,,,,,0,1000000,1,2000000,,,,,295,100,77,300,,,,,18594,7,4757,21,,,,,,,,,,,,
powerball,2019-07-06,165 Million,108.7 Million,,,,,1,1000000,0,2000000,,,,,331,100,104,200,,,,,22164,7,6293,14,,,,,,,,,,,,
powerball,2019-07-10,178 Million,117.8 Million,,,,,1,1000000,0,2000000,,,,,342,100,79,300,,,,,22970,7,5942,21,,,,,,,,,,,,
powerball,2019-07-13,198 Million,128.1 Million,,,,,2,1000000,0,2000000,,,,,311,100,95,300,,,,,22317,7,5806,21,,,,,,,,,,,,
powerball,2019-07-17,40 Million,25.9 Million,,,,,0,1000000,0,2000000,,,,,194,100,52,200,,,,,12182,7,3437,14,,,,,,,,,,,,
powerball,2019-07-20,52 Million,33.8 Million,,,,,1,1000000,0,2000000,,,,,205,100,60,300,,,,,13494,7,3975,21,,,,,,,,,,,,
powerball,2019-07-24,63 Million,41.2 Million,,,,,1,1000000,0,2000000,,,,,187,100,62,200,,,,,12546,7,3474,14,,,,,,,,,,,,
powerball,2019-07-27,76 Million,49.5 Million,,,,,3,1000000,0,2000000,,,,,244,100,70,200,,,,,16402,7,4873,14,,,,,,,,,,,,
powerball,2019-07-31,88 Million,57.4 Million,,,,,1,1000000,1,2000000,,,,,218,100,68,200,,,,,14047,7,3686,14,,,,,,,,,,,,
powerball,2019-08-03,100 Million,67.3 Million,,,,,0,1000000,0,2000000,,,,,282,100,68,200,,,,,18501,7,5047,14,,,,,,,,,,,,
powerball,2019-08-07,113 Million,76.3 Million,,,,,1,1000000,1,2000000,,,,,258,100,61,300,,,,,16547,7,4348,21,,,,,,,,,,,,
powerball,2019-08-10,124 Million,86.1 Million,,,,,1,1000000,0,2000000,,,,,272,100,77,300,,,,,17465,7,4549,21,,,,,,,,,,,,
powerball,2019-08-14,138 Million,96.0 Million,,,,,0,1000000,0,2000000,,,,,271,100,73,200,,,,,18825,7,4887,14,,,,,,,,,,,,
powerball,2019-08-17,148 Million,105.6 Million,,,,,3,1000000,0,2000000,,,,,371,100,98,300,,,,,23036,7,6258,21,,,,,,,,,,,,
powerball,2019-08-21,40 Million,28.6 Million,,,,,1,1000000,0,2000000,,,,,300,100,79,200,,,,,17228,7,5246,14,,,,,,,,,,,,
powerball,2019-08-24,50 Million,35.3 Million,,,,,0,1000000,0,2000000,,,,,337,100,103,200,,,,,21072,7,6764,14,,,,,,,,,,,,
powerball,2019-08-28,60 Million,42.3 Million,,,,,0,1000000,0,2000000,,,,,271,100,68,1000,,,,,13012,7,3518,70,,,,,,,,,,,,
powerball,2019-08-31,70 Million,50.1 Million,,,,,0,1000000,0,2000000,,,,,219,100,69,500,,,,,13948,7,4050,35,,,,,,,,,,,,
powerball,2019-09-04,80 Million,57.3 Million,,,,,1,1000000,0,2000000,,,,,218,100,58,1000,,,,,15146,7,4548,70,,,,,,,,,,,,
powerball,2019-09-07,40 Million,28.5 Million,,,,,3,1000000,1,2000000,,,,,193,100,69,200,,,,,13880,7,4199,14,,,,,,,,,,,,
powerball,2019-09-11,50 Million,35.6 Million,,,,,0,1000000,0,2000000,,,,,212,100,67,300,,,,,13632,7,4110,21,,,,,,,,,,,,
powerball,2019-09-14,60 Million,40.8 Million,,,,,0,1000000,0,2000000,,,,,237,100,48,200,,,,,15503,7,4836,14,,,,,,,,,,,,
powerball,2019-09-18,70 Million,47.6 Million,,,,,1,1000000,0,2000000,,,,,214,100,67,300,,,,,13408,7,3957,21,,,,,,,,,,,,
powerball,2019-09-21,80 Million,55.3 Million,,,,,1,1000000,0,2000000,,,,,233,100,62,200,,,,,16650,7,5124,14,,,,,,,,,,,,
powerball,2019-09-25,40 Million,27.6 Million,,,,,0,1000000,0,2000000,,,,,176,100,51,300,,,,,11275,7,3267,21,,,,,,,,,,,,
powerball,2019-09-28,50 Million,35.0 Million,,,,,0,1000000,0,2000000,,,,,211,100,61,200,,,,,14070,7,4063,14,,,,,,,,,,,,
powerball,2019-10-02,60 Million,42.0 Million,,,,,0,1000000,0,2000000,,,,,230,100,78,200,,,,,17327,7,5255,14,,,,,,,,,,,,
powerball,2019-10-05,70 Million,50.1 Million,,,,,0,1000000,0,2000000,,,,,228,100,70,200,,,,,15308,7,4333,14,,,,,,,,,,,,
powerball,2019-10-09,80 Million,57.2 Million,,,,,0,1000000,0,2000000,,,,,222,100,65,200,,,,,14392,7,3970,14,,,,,,,,,,,,
powerball,2019-10-12,90 Million,62.5 Million,,,,,0,1000000,0,2000000,,,,,242,100,79,200,,,,,16184,7,4443,14,,,,,,,,,,,,
powerball,2019-10-16,100 Million,69.4 Million,,,,,1,1000000,0,2000000,,,,,238,100,55,200,,,,,17222,7,4442,14,,,,,,,,,,,,
powerball,2019-10-19,110 Million,75.7 Million,,,,,0,1000000,0,2000000,,,,,285,100,81,200,,,,,17891,7,4736,14,,,,,,,,,,,,
powerball,2019-10-23,120 Million,82.6 Million,,,,,1,1000000,1,2000000,,,,,243,100,52,200,,,,,16932,7,4448,14,,,,,,,,,,,,
powerball,2019-10-26,130 Million,89.5 Million,,,,,0,1000000,1,2000000,,,,,261,100,78,400,,,,,18341,7,4824,28,,,,,,,,,,,,
powerball,2019-10-30,140 Million,96.4 Million,,,,,0,1000000,0,2000000,,,,,284,100,73,200,,,,,17515,7,4503,14,,,,,,,,,,,,
powerball,2019-11-02,150 Million,104.8 Million,,,,,1,1000000,0,2000000,,,,,326,100,123,200,,,,,22152,7,5889,14,,,,,,,,,,,,
powerball,2019-11-06,40 Million,28.0 Million,,,,,0,1000000,1,2000000,,,,,175,100,54,300,,,,,11330,7,3225,21,,,,,,,,,,,,
powerball,2019-11-09,50 Million,33.6 Million,,,,,0,1000000,1,2000000,,,,,213,100,75,200,,,,,13256,7,4086,14,,,,,,,,,,,,
powerball,2019-11-13,60 Million,40.3 Million,,,,,1,1000000,0,2000000,,,,,196,100,60,200,,,,,12855,7,4088,14,,,,,,,,,,,,
powerball,2019-11-16,70 Million,48.0 Million,,,,,2,1000000,0,2000000,,,,,204,100,54,300,,,,,14071,7,4135,21,,,,,,,,,,,,
powerball,2019-11-20,80 Million,54.8 Million,,,,,0,1000000,0,2000000,,,,,204,100,53,200,,,,,13500,7,3819,14,,,,,,,,,,,,
powerball,2019-11-23,90 Million,62.0 Million,,,,,0,1000000,0,2000000,,,,,220,100,49,300,,,,,13539,7,3872,21,,,,,,,,,,,,
powerball,2019-11-27,100 Million,68.9 Million,,,,,0,1000000,0,2000000,,,,,271,100,76,200,,,,,16363,7,4447,14,,,,,,,,,,,,
powerball,2019-11-30,110 Million,75.8 Million,,,,,0,1000000,0,2000000,,,,,231,100,63,400,,,,,14692,7,3960,28,,,,,,,,,,,,
powerball,2019-12-04,120 Million,82.7 Million,,,,,1,1000000,2,2000000,,,,,251,100,61,300,,,,,15655,7,4168,21,,,,,,,,,,,,
powerball,2019-12-07,130 Million,88.6 Million,,,,,0,1000000,0,2000000,,,,,242,100,76,300,,,,,16655,7,4598,21,,,,,,,,,,,,
powerball,2019-12-11,140 Million,95.4 Million,,,,,0,1000000,0,2000000,,,,,248,100,61,400,,,,,16350,7,4138,28,,,,,,,,,,,,
powerball,2019-12-14,150 Million,101.9 Million,,,,,1,1000000,0,2000000,,,,,385,100,88,300,,,,,26033,7,7593,21,,,,,,,,,,,,
powerball,2019-12-18,160 Million,108.7 Million,,,,,2,1000000,1,2000000,,,,,268,100,70,200,,,,,18419,7,4772,14,,,,,,,,,,,,
powerball,2019-12-21,173 Million,116.3 Million,,,,,1,1000000,0,2000000,,,,,323,100,79,200,,,,,21097,7,5264,14,,,,,,,,,,,,
powerball,2019-12-25,189 Million,126.7 Million,,,,,4,1000000,0,2000000,,,,,453,100,103,200,,,,,28748,7,6979,14,,,,,,,,,,,,
powerball,2019-12-28,204 Million,138.2 Million,,,,,0,1000000,0,2000000,,,,,388,100,89,200,,,,,24555,7,6079,14,,,,,,,,,,,,
powerball,2020-01-01,222 Million,150.4 Million,,,,,1,1000000,0,2000000,,,,,399,100,80,200,,,,,25114,7,5357,14,,,,,,,,,,,,
powerball,2020-01-04,240 Million,163.2 Million,,,,,0,1000000,3,2000000,,,,,573,100,161,200,,,,,36268,7,9634,14,,,,,,,,,,,,
powerball,2020-01-08,258 Million,175.7 Million,,,,,1,1000000,0,2000000,,,,,432,100,99,400,,,,,34071,7,8101,28,,,,,,,,,,,,
powerball,2020-01-11,278 Million,189.3 Million,,,,,1,1000000,1,2000000,,,,,547,100,126,200,,,,,34815,7,8336,14,,,,,,,,,,,,
powerball,2020-01-15,298 Million,203.2 Million,,,,,0,1000000,0,2000000,,,,,447,100,89,200,,,,,29427,7,6053,14,,,,,,,,,,,,
powerball,2020-01-18,323 Million,219.4 Million,,,,,1,1000000,0,2000000,,,,,507,100,112,200,,,,,35081,7,7374,14,,,,,,,,,,,,
powerball,2020-01-22,347 Million,236.1 Million,,,,,2,1000000,0,2000000,,,,,640,100,123,300,,,,,39143,7,8325,21,,,,,,,,,,,,
powerball,2020-01-25,367 Million,255.5 Million,,,,,3,1000000,0,2000000,,,,,720,100,152,200,,,,,48237,7,10421,14,,,,,,,,,,,,
powerball,2020-01-29,397 Million,276.6 Million,,,,,3,1000000,0,2000000,,,,,835,100,169,200,,,,,55930,7,12048,14,,,,,,,,,,,,
powerball,2020-02-01,40 Million,28.6 Million,,,,,1,1000000,0,2000000,,,,,229,100,89,400,,,,,15944,7,4703,28,,,,,,,,,,,,
powerball,2020-02-05,50 Million,35.8 Million,,,,,0,1000000,1,2000000,,,,,186,100,59,300,,,,,13410,7,3776,21,,,,,,,,,,,,
powerball,2020-02-08,60 Million,42.7 Million,,,,,0,1000000,0,2000000,,,,,221,100,49,200,,,,,13154,7,3846,14,,,,,,,,,,,,
powerball,2020-02-12,70 Million,49.8 Million,,,,,1,1000000,0,2000000,,,,,204,100,50,200,,,,,12911,7,3621,14,,,,,,,,,,,,
powerball,2020-02-15,40 Million,28.3 Million,,,,,0,1000000,0,2000000,,,,,238,100,75,300,,,,,15023,7,4398,21,,,,,,,,,,,,
powerball,2020-02-19,50 Million,35.4 Million,,,,,1,1000000,0,2000000,,,,,341,100,122,200,,,,,19505,7,6323,14,,,,,,,,,,,,
powerball,2020-02-22,60 Million,43.4 Million,,,,,2,1000000,0,2000000,,,,,226,100,79,300,,,,,14528,7,4218,21,,,,,,,,,,,,
powerball,2020-02-26,70 Million,50.7 Million,,,,,1,1000000,0,2000000,,,,,247,100,55,300,,,,,16757,7,4922,21,,,,,,,,,,,,
powerball,2020-02-29,80 Million,60.4 Million,,,,,1,1000000,0,2000000,,,,,239,100,65,300,,,,,16166,7,4831,21,,,,,,,,,,,,
powerball,2020-03-04,90 Million,67.9 Million,,,,,1,1000000,0,2000000,,,,,232,100,61,200,,,,,14258,7,3898,14,,,,,,,,,,,,
powerball,2020-03-07,100 Million,80.1 Million,,,,,0,1000000,0,2000000,,,,,358,100,101,200,,,,,22503,7,6546,14,,,,,,,,,,,,
powerball,2020-03-11,110 Million,88.1 Million,,,,,3,1000000,0,2000000,,,,,285,100,52,400,,,,,16202,7,4333,28,,,,,,,,,,,,
powerball,2020-03-14,120 Million,93.2 Million,,,,,1,1000000,0,2000000,,,,,384,100,105,300,,,,,23663,7,7134,21,,,,,,,,,,,,
powerball,2020-03-18,130 Million,100.9 Million,,,,,1,1000000,0,2000000,,,,,232,100,62,400,,,,,15193,7,3895,28,,,,,,,,,,,,
powerball,2020-03-21,140 Million,107.1 Million,,,,,1,1000000,0,2000000,,,,,243,100,47,200,,,,,15407,7,4193,14,,,,,,,,,,,,
powerball,2020-03-25,150 Million,114.8 Million,,,,,2,1000000,2,2000000,,,,,308,100,83,200,,,,,18222,7,5036,14,,,,,,,,,,,,
powerball,2020-03-28,160 Million,128.7 Million,,,,,1,1000000,0,2000000,,,,,201,100,55,200,,,,,14151,7,3810,14,,,,,,,,,,,,
powerball,2020-04-01,170 Million,136.8 Million,,,,,0,1000000,0,2000000,,,,,212,100,66,200,,,,,12994,7,3498,14,,,,,,,,,,,,
powerball,2020-04-04,180 Million,147.8 Million,,,,,1,1000000,1,2000000,,,,,223,100,54,300,,,,,15424,7,4370,21,,,,,,,,,,,,
powerball,2020-04-08,190 Million,156.0 Million,,,,,1,1000000,0,2000000,,,,,218,100,65,300,,,,,13396,7,3633,21,,,,,,,,,,,,
powerball,2020-04-11,20 Million,16.1 Million,,,,,0,1000000,0,2000000,,,,,145,100,45,300,,,,,11006,7,3357,21,,,,,,,,,,,,
powerball,2020-04-15,22 Million,17.7 Million,,,,,1,1000000,0,2000000,,,,,183,100,51,300,,,,,10710,7,3393,21,,,,,,,,,,,,
powerball,2020-04-18,24 Million,19.7 Million,,,,,3,1000000,0,2000000,,,,,158,100,44,200,,,,,9704,7,3165,14,,,,,,,,,,,,
powerball,2020-04-22,30 Million,24.6 Million,,,,,1,1000000,1,2000000,,,,,137,100,33,500,,,,,9293,7,2839,35,,,,,,,,,,,,
powerball,2020-04-25,37 Million,30.7 Million,,,,,0,1000000,0,2000000,,,,,190,100,58,200,,,,,12285,7,3993,14,,,,,,,,,,,,
powerball,2020-04-29,44 Million,36.4 Million,,,,,1,1000000,0,2000000,,,,,136,100,43,200,,,,,9160,7,2767,14,,,,,,,,,,,,
powerball,2020-05-02,53 Million,43.2 Million,,,,,0,1000000,0,2000000,,,,,171,100,61,500,,,,,11477,7,3608,35,,,,,,,,,,,,
powerball,2020-05-06,60 Million,49.3 Million,,,,,1,1000000,1,2000000,,,,,171,100,57,400,,,,,10753,7,3337,28,,,,,,,,,,,,
powerball,2020-05-09,70 Million,56.3 Million,,,,,0,1000000,1,2000000,,,,,214,100,57,500,,,,,12587,7,3868,35,,,,,,,,,,,,
powerball,2020-05-13,78 Million,62.8 Million,,,,,0,1000000,1,2000000,,,,,187,100,52,300,,,,,10451,7,3350,21,,,,,,,,,,,,
powerball,2020-05-16,87 Million,70.2 Million,,,,,1,1000000,0,2000000,,,,,293,100,67,200,,,,,17262,7,5692,14,,,,,,,,,,,,
powerball,2020-05-20,95 Million,77.0 Million,,,,,1,1000000,0,2000000,,,,,170,100,58,200,,,,,12122,7,3665,14,,,,,,,,,,,,
powerball,2020-05-23,106 Million,85.2 Million,,,,,0,1000000,1,2000000,,,,,651,100,210,400,,,,,25803,7,8302,28,,,,,,,,,,,,
powerball,2020-05-27,116 Million,92.8 Million,,,,,0,1000000,0,2000000,,,,,183,100,64,300,,,,,12292,7,3706,21,,,,,,,,,,,,
powerball,2020-05-30,127 Million,100.9 Million,,,,,0,1000000,0,2000000,,,,,226,100,80,200,,,,,15380,7,4842,14,,,,,,,,,,,,
powerball,2020-06-03,136 Million,108.1 Million,,,,,0,1000000,0,2000000,,,,,232,100,76,200,,,,,15633,7,4765,14,,,,,,,,,,,,
powerball,2020-06-06,20 Million,15.2 Million,,,,,0,1000000,1,2000000,,,,,183,100,82,200,,,,,12367,7,4100,14,,,,,,,,,,,,
powerball,2020-06-10,22 Million,16.7 Million,,,,,0,1000000,0,2000000,,,,,143,100,45,500,,,,,11432,7,3668,35,,,,,,,,,,,,
powerball,2020-06-13,20 Million,15.9 Million,,,,,0,1000000,1,2000000,,,,,157,100,70,300,,,,,12148,7,4198,21,,,,,,,,,,,,
powerball,2020-06-17,22 Million,17.5 Million,,,,,1,1000000,0,2000000,,,,,145,100,52,300,,,,,10170,7,3469,21,,,,,,,,,,,,
powerball,2020-06-20,26 Million,20.1 Million,,,,,1,1000000,0,2000000,,,,,204,100,45,300,,,,,11575,7,3788,21,,,,,,,,,,,,
powerball,2020-06-24,34 Million,26.6 Million,,,,,0,1000000,0,2000000,,,,,213,100,63,300,,,,,12887,7,4549,21,,,,,,,,,,,,
powerball,2020-06-27,43 Million,34.0 Million,,,,,0,1000000,0,2000000,,,,,168,100,70,200,,,,,12205,7,3983,14,,,,,,,,,,,,
powerball,2020-07-01,51 Million,40.7 Million,,,,,1,1000000,0,2000000,,,,,174,100,56,400,,,,,11436,7,3620,28,,,,,,,,,,,,
powerball,2020-07-04,61 Million,48.3 Million,,,,,1,1000000,0,2000000,,,,,211,100,51,200,,,,,13264,7,4253,14,,,,,,,,,,,,
powerball,2020-07-08,69 Million,55.3 Million,,,,,0,1000000,0,2000000,,,,,194,100,47,1000,,,,,12688,7,4072,70,,,,,,,,,,,,
powerball,2020-07-11,78 Million,63.2 Million,,,,,0,1000000,1,2000000,,,,,176,100,68,200,,,,,12741,7,4300,14,,,,,,,,,,,,
powerball,2020-07-15,87 Million,70.4 Million,,,,,1,1000000,0,2000000,,,,,167,100,51,1000,,,,,11929,7,3817,70,,,,,,,,,,,,
powerball,2020-07-18,97 Million,78.7 Million,,,,,1,1000000,0,2000000,,,,,228,100,97,200,,,,,14477,7,4934,14,,,,,,,,,,,,
powerball,2020-07-22,107 Million,86.5 Million,,,,,1,1000000,0,2000000,,,,,223,100,76,300,,,,,14007,7,4298,21,,,,,,,,,,,,
powerball,2020-07-25,116 Million,95.6 Million,,,,,1,1000000,0,2000000,,,,,243,100,73,200,,,,,15780,7,4856,14,,,,,,,,,,,,
powerball,2020-07-29,126 Million,103.8 Million,,,,,2,1000000,0,2000000,,,,,340,100,93,200,,,,,17910,7,5153,14,,,,,,,,,,,,
powerball,2020-08-01,137 Million,112.9 Million,,,,,3,1000000,0,2000000,,,,,389,100,138,300,,,,,19694,7,5894,21,,,,,,,,,,,,
powerball,2020-08-05,147 Million,121.4 Million,,,,,1,1000000,0,2000000,,,,,286,100,88,500,,,,,19499,7,5636,35,,,,,,,,,,,,
powerball,2020-08-08,158 Million,131.1 Million,,,,,2,1000000,0,2000000,,,,,326,100,79,300,,,,,21965,7,6672,21,,,,,,,,,,,,
powerball,2020-08-12,169 Million,140.1 Million,,,,,2,1000000,0,2000000,,,,,357,100,101,200,,,,,22876,7,6637,14,,,,,,,,,,,,
powerball,2020-08-15,20 Million,16.2 Million,,,,,1,1000000,0,2000000,,,,,304,100,87,300,,,,,14099,7,4692,21,,,,,,,,,,,,
powerball,2020-08-19,22 Million,17.8 Million,,,,,0,1000000,1,2000000,,,,,206,100,67,1000,,,,,11245,7,3767,70,,,,,,,,,,,,
powerball,2020-08-22,30 Million,23.7 Million,,,,,0,1000000,0,2000000,,,,,190,100,63,300,,,,,12725,7,4284,21,,,,,,,,,,,,
powerball,2020-08-26,38 Million,30.3 Million,,,,,1,1000000,2,2000000,,,,,263,100,82,200,,,,,15284,7,5598,14,,,,,,,,,,,,
powerball,2020-08-29,48 Million,37.8 Million,,,,,0,1000000,1,2000000,,,,,273,100,75,200,,,,,16830,7,5760,14,,,,,,,,,,,,
powerball,2020-09-02,57 Million,44.8 Million,,,,,0,1000000,0,2000000,,,,,411,100,156,200,,,,,20199,7,7633,14,,,,,,,,,,,,
powerball,2020-09-05,66 Million,52.7 Million,,,,,0,1000000,2,2000000,,,,,262,100,86,200,,,,,17053,7,5808,14,,,,,,,,,,,,
powerball,2020-09-09,75 Million,59.8 Million,,,,,0,1000000,0,2000000,,,,,156,100,70,300,,,,,11263,7,3680,21,,,,,,,,,,,,
powerball,2020-09-12,85 Million,68.0 Million,,,,,0,1000000,0,2000000,,,,,236,100,77,200,,,,,14865,7,4854,14,,,,,,,,,,,,
powerball,2020-09-16,95 Million,75.7 Million,,,,,0,1000000,1,2000000,,,,,235,100,87,200,,,,,15553,7,5200,14,,,,,,,,,,,,
powerball,2020-09-19,20 Million,16.0 Million,,,,,0,1000000,0,2000000,,,,,239,100,64,400,,,,,14159,7,4845,28,,,,,,,,,,,,
powerball,2020-09-23,22 Million,17.6 Million,,,,,0,1000000,0,2000000,,,,,159,100,65,200,,,,,11152,7,3710,14,,,,,,,,,,,,
powerball,2020-09-26,26 Million,20.5 Million,,,,,0,1000000,0,2000000,,,,,268,100,103,300,,,,,14906,7,5262,21,,,,,,,,,,,,
powerball,2020-09-30,34 Million,27.0 Million,,,,,0,1000000,1,2000000,,,,,178,100,67,200,,,,,11198,7,3642,14,,,,,,,,,,,,
powerball,2020-10-03,43 Million,34.7 Million,,,,,1,1000000,1,2000000,,,,,219,100,67,200,,,,,14218,7,4893,14,,,,,,,,,,,,
powerball,2020-10-07,52 Million,41.6 Million,,,,,0,1000000,0,2000000,,,,,208,100,60,200,,,,,13121,7,4413,14,,,,,,,,,,,,
powerball,2020-10-10,63 Million,49.4 Million,,,,,1,1000000,0,2000000,,,,,242,100,84,300,,,,,16229,7,5343,21,,,,,,,,,,,,
powerball,2020-10-14,72 Million,56.6 Million,,,,,0,1000000,0,2000000,,,,,168,100,54,200,,,,,12020,7,3667,14,,,,,,,,,,,,
powerball,2020-10-17,82 Million,64.8 Million,,,,,0,1000000,1,2000000,,,,,309,100,99,200,,,,,17425,7,5524,14,,,,,,,,,,,,
powerball,2020-10-21,92 Million,72.5 Million,,,,,1,1000000,0,2000000,,,,,261,100,79,300,,,,,17005,7,5502,21,,,,,,,,,,,,
powerball,2020-10-24,106 Million,81.5 Million,,,,,2,1000000,0,2000000,,,,,233,100,63,200,,,,,17483,7,5328,14,,,,,,,,,,,,
powerball,2020-10-28,116 Million,89.8 Million,,,,,2,1000000,0,2000000,,,,,244,100,64,200,,,,,15763,7,4790,14,,,,,,,,,,,,
powerball,2020-10-31,127 Million,98.6 Million,,,,,2,1000000,1,2000000,,,,,272,100,84,300,,,,,17776,7,5302,21,,,,,,,,,,,,
powerball,2020-11-04,137 Million,106.2 Million,,,,,0,1000000,0,2000000,,,,,255,100,77,200,,,,,17095,7,5178,14,,,,,,,,,,,,
powerball,2020-11-07,147 Million,114.7 Million,,,,,0,1000000,0,2000000,,,,,228,100,84,200,,,,,17358,7,5002,14,,,,,,,,,,,,
powerball,2020-11-11,157 Million,122.4 Million,,,,,1,1000000,0,2000000,,,,,237,100,68,200,,,,,17037,7,4798,14,,,,,,,,,,,,
powerball,2020-11-14,169 Million,131.4 Million,,,,,0,1000000,0,2000000,,,,,374,100,130,200,,,,,22720,7,6811,14,,,,,,,,,,,,
powerball,2020-11-18,180 Million,139.5 Million,,,,,0,1000000,0,2000000,,,,,310,100,80,200,,,,,19284,7,5518,14,,,,,,,,,,,,
powerball,2020-11-21,191 Million,149.0 Million,,,,,0,1000000,0,2000000,,,,,345,100,83,200,,,,,18285,7,5105,14,,,,,,,,,,,,
powerball,2020-11-25,204 Million,159.0 Million,,,,,0,1000000,0,2000000,,,,,283,100,80,200,,,,,19807,7,5017,14,,,,,,,,,,,,
powerball,2020-11-28,216 Million,168.5 Million,,,,,0,1000000,0,2000000,,,,,381,100,107,200,,,,,23851,7,7018,14,,,,,,,,,,,,
powerball,2020-12-02,229 Million,178.2 Million,,,,,1,1000000,0,2000000,,,,,340,100,86,300,,,,,20188,7,5431,21,,,,,,,,,,,,
powerball,2020-12-05,249 Million,189.3 Million,,,,,0,1000000,1,2000000,,,,,384,100,99,200,,,,,26979,7,7762,14,,,,,,,,,,,,
powerball,2020-12-09,262 Million,199.7 Million,,,,,1,1000000,1,2000000,,,,,340,100,104,300,,,,,23938,7,6660,21,,,,,,,,,,,,
powerball,2020-12-12,272 Million,211.3 Million,,,,,1,1000000,1,2000000,,,,,369,100,103,200,,,,,23792,7,6503,14,,,,,,,,,,,,
powerball,2020-12-16,286 Million,222.3 Million,,,,,1,1000000,0,2000000,,,,,353,100,83,200,,,,,22908,7,5804,14,,,,,,,,,,,,
powerball,2020-12-19,306 Million,235.4 Million,,,,,0,1000000,0,2000000,,,,,446,100,112,200,,,,,28900,7,7733,14,,,,,,,,,,,,
powerball,2020-12-23,325 Million,249.8 Million,,,,,2,1000000,0,2000000,,,,,496,100,128,300,,,,,32224,7,8235,21,,,,,,,,,,,,
powerball,2020-12-26,343 Million,263.7 Million,,,,,3,1000000,2,2000000,,,,,503,100,130,200,,,,,33180,7,8829,14,,,,,,,,,,,,
powerball,2020-12-30,365 Million,281.0 Million,,,,,0,1000000,0,2000000,,,,,565,100,134,200,,,,,35703,7,8661,14,,,,,,,,,,,,
powerball,2021-01-02,390 Million,301.1 Million,,,,,1,1000000,1,2000000,,,,,750,100,175,200,,,,,49594,7,13056,14,,,,,,,,,,,,
powerball,2021-01-06,427 Million,329.6 Million,,,,,2,1000000,0,2000000,,,,,973,100,205,300,,,,,63467,7,13919,21,,,,,,,,,,,,
powerball,2021-01-09,490 Million,366.2 Million,,,,,2,1000000,0,2000000,,,,,1233,100,280,200,,,,,84277,7,18446,14,,,,,,,,,,,,
powerball,2021-01-13,557 Million,416.4 Million,,,,,10,1000000,1,2000000,,,,,2137,100,438,200,,,,,133479,7,28324,14,,,,,,,,,,,,
powerball,2021-01-16,639 Million,478.2 Million,,,,,14,1000000,2,2000000,,,,,2069,100,405,300,,,,,137466,7,28278,21,,,,,,,,,,,,
powerball,2021-01-20,731 Million,546.8 Million,,,,,12,1000000,1,2000000,,,,,2360,100,502,300,,,,,151935,7,30983,21,,,,,,,,,,,,
powerball,2021-01-23,23 Million,17.4 Million,,,,,35,1000000,8,2000000,,,,,1241,100,384,300,,,,,54107,7,15981,21,,,,,,,,,,,,
powerball,2021-01-27,20 Million,15.0 Million,,,,,0,1000000,0,2000000,,,,,231,100,88,300,,,,,16210,7,5337,21,,,,,,,,,,,,
powerball,2021-01-30,33 Million,24.8 Million,,,,,2,1000000,2,2000000,,,,,280,100,93,300,,,,,21348,7,7405,21,,,,,,,,,,,,
powerball,2021-02-03,20 Million,15.0 Million,,,,,0,1000000,0,2000000,,,,,193,100,65,300,,,,,12646,7,4132,21,,,,,,,,,,,,
powerball,2021-02-06,33 Million,24.2 Million,,,,,1,1000000,0,2000000,,,,,207,100,95,200,,,,,14953,7,4982,14,,,,,,,,,,,,
powerball,2021-02-10,44 Million,32.2 Million,,,,,0,1000000,1,2000000,,,,,169,100,56,200,,,,,12612,7,4213,14,,,,,,,,,,,,
powerball,2021-02-13,56 Million,41.3 Million,,,,,0,1000000,0,2000000,,,,,201,100,54,200,,,,,14584,7,4881,14,,,,,,,,,,,,
powerball,2021-02-17,67 Million,48.8 Million,,,,,0,1000000,1,2000000,,,,,244,100,82,300,,,,,15354,7,4837,21,,,,,,,,,,,,
powerball,2021-02-20,81 Million,58.0 Million,,,,,0,1000000,0,2000000,,,,,280,100,100,1000,,,,,19476,7,6402,70,,,,,,,,,,,,
powerball,2021-02-24,94 Million,67.1 Million,,,,,0,1000000,0,2000000,,,,,241,100,83,300,,,,,15652,7,5063,21,,,,,,,,,,,,
powerball,2021-02-27,111 Million,77.8 Million,,,,,0,1000000,0,2000000,,,,,309,100,109,300,,,,,20246,7,6533,21,,,,,,,,,,,,
powerball,2021-03-03,125 Million,87.5 Million,,,,,0,1000000,0,2000000,,,,,254,100,80,300,,,,,17989,7,5334,21,,,,,,,,,,,,
powerball,2021-03-06,142 Million,97.3 Million,,,,,0,1000000,0,2000000,,,,,288,100,91,400,,,,,19559,7,5901,28,,,,,,,,,,,,
powerball,2021-03-10,155 Million,106.4 Million,,,,,1,1000000,0,2000000,,,,,325,100,110,300,,,,,20338,7,6244,21,,,,,,,,,,,,
powerball,2021-03-13,171 Million,116.7 Million,,,,,0,1000000,0,2000000,,,,,349,100,87,200,,,,,21023,7,6230,14,,,,,,,,,,,,
powerball,2021-03-17,185 Million,126.5 Million,,,,,3,1000000,0,2000000,,,,,336,100,82,200,,,,,18942,7,5415,14,,,,,,,,,,,,
powerball,2021-03-20,205 Million,137.9 Million,,,,,2,1000000,1,2000000,,,,,338,100,118,300,,,,,25013,7,7308,21,,,,,,,,,,,,
powerball,2021-03-24,221 Million,148.5 Million,,,,,1,1000000,0,2000000,,,,,608,100,199,200,,,,,32573,7,10342,14,,,,,,,,,,,,
powerball,2021-03-27,235 Million,160.0 Million,,,,,0,1000000,0,2000000,,,,,383,100,92,300,,,,,24146,7,6837,21,,,,,,,,,,,,
powerball,2021-03-31,20 Million,13.6 Million,,,,,1,1000000,0,2000000,,,,,197,100,66,200,,,,,13248,7,4488,14,,,,,,,,,,,,
powerball,2021-04-03,32 Million,22.0 Million,,,,,0,1000000,0,2000000,,,,,274,100,104,200,,,,,17753,7,6087,14,,,,,,,,,,,,
powerball,2021-04-07,43 Million,29.4 Million,,,,,0,1000000,0,2000000,,,,,195,100,80,500,,,,,12452,7,4237,35,,,,,,,,,,,,
powerball,2021-04-10,55 Million,38.0 Million,,,,,0,1000000,0,2000000,,,,,239,100,87,300,,,,,15995,7,5569,21,,,,,,,,,,,,
powerball,2021-04-14,67 Million,45.8 Million,,,,,1,1000000,0,2000000,,,,,225,100,70,200,,,,,14172,7,4955,14,,,,,,,,,,,,
powerball,2021-04-17,79 Million,54.5 Million,,,,,3,1000000,0,2000000,,,,,269,100,75,200,,,,,17191,7,5982,14,,,,,,,,,,,,
powerball,2021-04-21,90 Million,62.6 Million,,,,,0,1000000,1,2000000,,,,,223,100,58,200,,,,,13438,7,4489,14,,,,,,,,,,,,
powerball,2021-04-24,104 Million,72.2 Million,,,,,0,1000000,0,2000000,,,,,288,100,70,300,,,,,16234,7,5265,21,,,,,,,,,,,,
powerball,2021-04-28,117 Million,81.2 Million,,,,,2,1000000,0,2000000,,,,,298,100,81,300,,,,,16794,7,5279,21,,,,,,,,,,,,
powerball,2021-05-01,131 Million,90.5 Million,,,,,0,1000000,0,2000000,,,,,293,100,81,300,,,,,16785,7,5426,21,,,,,,,,,,,,
powerball,2021-05-05,144 Million,99.0 Million,,,,,2,1000000,0,2000000,,,,,316,100,81,200,,,,,18522,7,5988,14,,,,,,,,,,,,
powerball,2021-05-08,156 Million,108.5 Million,,,,,2,1000000,1,2000000,,,,,562,100,227,300,,,,,29416,7,10113,21,,,,,,,,,,,,
powerball,2021-05-12,169 Million,117.6 Million,,,,,2,1000000,0,2000000,,,,,324,100,98,200,,,,,20966,7,6673,14,,,,,,,,,,,,
powerball,2021-05-15,187 Million,127.8 Million,,,,,1,1000000,0,2000000,,,,,337,100,93,300,,,,,21933,7,6820,21,,,,,,,,,,,,
powerball,2021-05-19,202 Million,138.3 Million,,,,,2,1000000,0,2000000,,,,,316,100,92,200,,,,,21623,7,6093,14,,,,,,,,,,,,
powerball,2021-05-22,220 Million,150.1 Million,,,,,3,1000000,1,2000000,,,,,457,100,131,200,,,,,30372,7,8954,14,,,,,,,,,,,,
powerball,2021-05-26,236 Million,160.9 Million,,,,,1,1000000,0,2000000,,,,,404,100,100,200,,,,,25383,7,7374,14,,,,,,,,,,,,
powerball,2021-05-29,252 Million,173.3 Million,,,,,0,1000000,0,2000000,,,,,522,100,152,200,,,,,32605,7,9855,14,,,,,,,,,,,,
powerball,2021-06-02,268 Million,184.4 Million,,,,,3,1000000,0,2000000,,,,,412,100,147,300,,,,,27568,7,8040,21,,,,,,,,,,,,
powerball,2021-06-05,286 Million,196.7 Million,,,,,0,1000000,1,2000000,,,,,404,100,104,300,,,,,24428,7,6588,21,,,,,,,,,,,,
powerball,2021-06-09,20 Million,13.8 Million,,,,,0,1000000,0,2000000,,,,,203,100,59,200,,,,,12635,7,4350,14,,,,,,,,,,,,
powerball,2021-06-12,31 Million,21.6 Million,,,,,0,1000000,0,2000000,,,,,250,100,71,300,,,,,14407,7,5123,21,,,,,,,,,,,,
powerball,2021-06-16,41 Million,29.0 Million,,,,,0,1000000,0,2000000,,,,,193,100,68,200,,,,,13358,7,4447,14,,,,,,,,,,,,
powerball,2021-06-19,53 Million,37.4 Million,,,,,0,1000000,0,2000000,,,,,211,100,81,200,,,,,15643,7,5350,14,,,,,,,,,,,,
powerball,2021-06-23,63 Million,45.2 Million,,,,,0,1000000,0,2000000,,,,,210,100,74,300,,,,,13097,7,4167,21,,,,,,,,,,,,
powerball,2021-06-26,76 Million,53.8 Million,,,,,1,1000000,0,2000000,,,,,226,100,98,300,,,,,15269,7,4997,21,,,,,,,,,,,,
powerball,2021-06-30,88 Million,61.9 Million,,,,,0,1000000,0,2000000,,,,,199,100,62,400,,,,,13166,7,4088,28,,,,,,,,,,,,
powerball,2021-07-03,102 Million,71.9 Million,,,,,0,1000000,0,2000000,,,,,281,100,69,200,,,,,16607,7,5366,14,,,,,,,,,,,,
powerball,2021-07-07,114 Million,80.8 Million,,,,,0,1000000,0,2000000,,,,,239,100,81,200,,,,,16878,7,5286,14,,,,,,,,,,,,
powerball,2021-07-10,126 Million,90.1 Million,,,,,1,1000000,2,2000000,,,,,270,100,100,200,,,,,18899,7,5848,14,,,,,,,,,,,,
powerball,2021-07-14,137 Million,98.4 Million,,,,,0,1000000,1,2000000,,,,,265,100,76,200,,,,,15912,7,4775,14,,,,,,,,,,,,
powerball,2021-07-17,149 Million,107.5 Million,,,,,1,1000000,0,2000000,,,,,297,100,87,200,,,,,18275,7,5605,14,,,,,,,,,,,,
powerball,2021-07-21,161 Million,116.1 Million,,,,,2,1000000,0,2000000,,,,,264,100,71,200,,,,,16693,7,4759,14,,,,,,,,,,,,
powerball,2021-07-24,174 Million,125.5 Million,,,,,5,1000000,2,2000000,,,,,328,100,110,200,,,,,22873,7,7254,14,,,,,,,,,,,,
powerball,2021-07-28,186 Million,134.4 Million,,,,,0,1000000,0,2000000,,,,,283,100,81,300,,,,,17475,7,4851,21,,,,,,,,,,,,
powerball,2021-07-31,198 Million,144.6 Million,,,,,0,1000000,0,2000000,,,,,307,100,92,200,,,,,22850,7,6678,14,,,,,,,,,,,,
powerball,2021-08-04,212 Million,154.4 Million,,,,,2,1000000,0,2000000,,,,,311,100,93,200,,,,,22264,7,5917,14,,,,,,,,,,,,
powerball,2021-08-07,228 Million,165.3 Million,,,,,0,1000000,0,2000000,,,,,363,100,100,200,,,,,24219,7,6696,14,,,,,,,,,,,,
powerball,2021-08-11,242 Million,175.6 Million,,,,,3,1000000,2,2000000,,,,,593,100,169,300,,,,,30703,7,9465,21,,,,,,,,,,,,
powerball,2021-08-14,259 Million,187.1 Million,,,,,1,1000000,0,2000000,,,,,343,100,98,200,,,,,23229,7,6168,14,,,,,,,,,,,,
powerball,2021-08-18,274 Million,197.8 Million,,,,,2,1000000,1,2000000,,,,,352,100,94,200,,,,,21862,7,5386,14,,,,,,,,,,,,
powerball,2021-08-21,287 Million,209.7 Million,,,,,2,1000000,0,2000000,,,,,391,100,90,200,,,,,25692,7,6931,14,,,,,,,,,,,,
powerball,2021-08-23,293 Million,214.4 Million,,,,,1,1000000,0,2000000,,,,,153,100,31,300,,,,,9929,7,2627,21,,,,,,,,,,,,
powerball,2021-08-25,305 Million,222.7 Million,,,,,0,1000000,0,2000000,,,,,270,100,92,300,,,,,17045,7,4743,21,,,,,,,,,,,,
powerball,2021-08-28,326 Million,235.5 Million,,,,,4,1000000,1,2000000,,,,,456,100,129,200,,,,,29223,7,7849,14,,,,,,,,,,,,
powerball,2021-08-30,334 Million,241.4 Million,,,,,1,1000000,0,2000000,,,,,193,100,48,200,,,,,12576,7,3320,14,,,,,,,,,,,,
powerball,2021-09-01,347 Million,251.0 Million,,,,,0,1000000,0,2000000,,,,,321,100,99,200,,,,,21551,7,6272,14,,,,,,,,,,,,
powerball,2021-09-04,366 Million,264.6 Million,,,,,3,1000000,0,2000000,,,,,420,100,113,500,,,,,28863,7,7564,35,,,,,,,,,,,,
powerball,2021-09-06,374 Million,270.7 Million,,,,,0,1000000,0,2000000,,,,,220,100,88,200,,,,,15248,7,4852,14,,,,,,,,,,,,
powerball,2021-09-08,388 Million,280.7 Million,,,,,0,1000000,0,2000000,,,,,311,100,90,200,,,,,21253,7,6089,14,,,,,,,,,,,,
powerball,2021-09-11,408 Million,296.2 Million,,,,,0,1000000,1,2000000,,,,,493,100,128,200,,,,,33589,7,8827,14,,,,,,,,,,,,
powerball,2021-09-13,419 Million,304.1 Million,,,,,0,1000000,0,2000000,,,,,257,100,64,300,,,,,16085,7,4120,21,,,,,,,,,,,,
powerball,2021-09-15,436 Million,316.2 Million,,,,,3,1000000,0,2000000,,,,,411,100,109,300,,,,,27603,7,7665,21,,,,,,,,,,,,
powerball,2021-09-18,461 Million,333.8 Million,,,,,1,1000000,0,2000000,,,,,619,100,153,200,,,,,38615,7,9549,14,,,,,,,,,,,,
powerball,2021-09-20,473 Million,342.9 Million,,,,,1,1000000,1,2000000,,,,,286,100,70,200,,,,,18526,7,4730,14,,,,,,,,,,,,
powerball,2021-09-22,493 Million,357.4 Million,,,,,2,1000000,1,2000000,,,,,507,100,117,300,,,,,30464,7,7478,21,,,,,,,,,,,,
powerball,2021-09-25,529 Million,380.5 Million,,,,,3,1000000,1,2000000,,,,,758,100,185,300,,,,,49233,7,11796,21,,,,,,,,,,,,
powerball,2021-09-27,549 Million,395.1 Million,,,,,0,1000000,1,2000000,,,,,519,100,120,200,,,,,32915,7,7972,14,,,,,,,,,,,,
powerball,2021-09-29,581 Million,417.8 Million,,,,,5,1000000,3,2000000,,,,,1658,100,458,300,,,,,75460,7,20811,21,,,,,,,,,,,,
powerball,2021-10-02,651 Million,461.6 Million,,,,,1,1000000,0,2000000,,,,,1612,100,375,200,,,,,99571,7,21854,14,,,,,,,,,,,,
powerball,2021-10-04,700 Million,496.0 Million,,,,,5,1000000,1,2000000,,,,,1257,100,263,200,,,,,78543,7,17260,14,,,,,,,,,,,,
powerball,2021-10-06,20 Million,14.2 Million,,,,,1,1000000,0,2000000,,,,,191,100,69,1000,,,,,12523,7,4161,70,,,,,,,,,,,,
powerball,2021-10-09,33 Million,22.7 Million,,,,,0,1000000,0,2000000,,,,,259,100,74,200,,,,,16251,7,5757,14,,,,,,,,,,,,
powerball,2021-10-11,39 Million,27.1 Million,,,,,0,1000000,0,2000000,,,,,104,100,36,300,,,,,7793,7,2810,21,,,,,,,,,,,,
powerball,2021-10-13,47 Million,33.0 Million,,,,,1,1000000,0,2000000,,,,,141,100,56,200,,,,,9454,7,3490,14,,,,,,,,,,,,
powerball,2021-10-16,59 Million,41.5 Million,,,,,0,1000000,0,2000000,,,,,212,100,83,300,,,,,14562,7,4872,21,,,,,,,,,,,,
powerball,2021-10-18,65 Million,46.0 Million,,,,,0,1000000,0,2000000,,,,,95,100,35,200,,,,,7138,7,2506,14,,,,,,,,,,,,
powerball,2021-10-20,74 Million,52.1 Million,,,,,1,1000000,0,2000000,,,,,165,100,62,200,,,,,11176,7,3977,14,,,,,,,,,,,,
powerball,2021-10-23,87 Million,60.9 Million,,,,,1,1000000,0,2000000,,,,,225,100,72,200,,,,,14956,7,5038,14,,,,,,,,,,,,
powerball,2021-10-25,94 Million,65.8 Million,,,,,0,1000000,0,2000000,,,,,135,100,50,200,,,,,9465,7,3334,14,,,,,,,,,,,,
powerball,2021-10-27,104 Million,72.7 Million,,,,,1,1000000,0,2000000,,,,,201,100,62,400,,,,,14041,7,4881,28,,,,,,,,,,,,
powerball,2021-10-30,116 Million,82.9 Million,,,,,0,1000000,1,2000000,,,,,301,100,94,200,,,,,19922,7,6179,14,,,,,,,,,,,,
powerball,2021-11-01,123 Million,88.0 Million,,,,,0,1000000,0,2000000,,,,,179,100,43,300,,,,,10675,7,3545,21,,,,,,,,,,,,
powerball,2021-11-03,133 Million,94.6 Million,,,,,1,1000000,0,2000000,,,,,178,100,66,200,,,,,13527,7,4343,14,,,,,,,,,,,,
powerball,2021-11-06,144 Million,103.8 Million,,,,,0,1000000,2,2000000,,,,,308,100,87,200,,,,,18493,7,5705,14,,,,,,,,,,,,
powerball,2021-11-08,151 Million,108.9 Million,,,,,3,1000000,0,2000000,,,,,162,100,33,300,,,,,9341,7,2800,21,,,,,,,,,,,,
powerball,2021-11-10,160 Million,115.6 Million,,,,,1,1000000,0,2000000,,,,,180,100,77,200,,,,,14134,7,4505,14,,,,,,,,,,,,
powerball,2021-11-13,173 Million,125.3 Million,,,,,0,1000000,0,2000000,,,,,466,100,127,300,,,,,23489,7,7038,21,,,,,,,,,,,,
powerball,2021-11-15,181 Million,130.5 Million,,,,,0,1000000,0,2000000,,,,,166,100,45,200,,,,,10917,7,3453,14,,,,,,,,,,,,
powerball,2021-11-17,190 Million,137.6 Million,,,,,0,1000000,1,2000000,,,,,215,100,72,300,,,,,14458,7,4366,21,,,,,,,,,,,,
powerball,2021-11-20,206 Million,148.0 Million,,,,,1,1000000,0,2000000,,,,,326,100,94,300,,,,,20041,7,5804,21,,,,,,,,,,,,
powerball,2021-11-22,214 Million,153.8 Million,,,,,1,1000000,0,2000000,,,,,168,100,60,200,,,,,12643,7,3830,14,,,,,,,,,,,,
powerball,2021-11-24,229 Million,162.2 Million,,,,,0,1000000,0,2000000,,,,,284,100,79,200,,,,,17418,7,4952,14,,,,,,,,,,,,
powerball,2021-11-27,243 Million,172.1 Million,,,,,2,1000000,0,2000000,,,,,294,100,69,200,,,,,19860,7,5785,14,,,,,,,,,,,,
powerball,2021-11-29,252 Million,178.2 Million,,,,,0,1000000,0,2000000,,,,,246,100,68,200,,,,,14329,7,4259,14,,,,,,,,,,,,
powerball,2021-12-01,264 Million,186.4 Million,,,,,0,1000000,0,2000000,,,,,252,100,87,200,,,,,16786,7,4903,14,,,,,,,,,,,,
powerball,2021-12-04,270 Million,197.9 Million,,,,,2,1000000,0,2000000,,,,,380,100,91,200,,,,,23274,7,6474,14,,,,,,,,,,,,
powerball,2021-12-06,279 Million,204.2 Million,,,,,0,1000000,0,2000000,,,,,180,100,57,300,,,,,13294,7,3776,21,,,,,,,,,,,,
powerball,2021-12-08,291 Million,212.7 Million,,,,,0,1000000,0,2000000,,,,,343,100,90,200,,,,,21127,7,6457,14,,,,,,,,,,,,
powerball,2021-12-11,311 Million,225.5 Million,,,,,1,1000000,0,2000000,,,,,454,100,110,200,,,,,27559,7,7436,14,,,,,,,,,,,,
powerball,2021-12-13,321 Million,232.8 Million,,,,,1,1000000,0,2000000,,,,,218,100,62,200,,,,,15652,7,4248,14,,,,,,,,,,,,
powerball,2021-12-15,335 Million,243.0 Million,,,,,0,1000000,1,2000000,,,,,327,100,108,300,,,,,21493,7,6107,21,,,,,,,,,,,,
powerball,2021-12-18,352 Million,257.1 Million,,,,,0,1000000,1,2000000,,,,,493,100,132,200,,,,,32199,7,8587,14,,,,,,,,,,,,
powerball,2021-12-20,363 Million,265.2 Million,,,,,4,1000000,1,2000000,,,,,291,100,82,400,,,,,18020,7,5086,28,,,,,,,,,,,,
powerball,2021-12-22,379 Million,276.4 Million,,,,,1,1000000,0,2000000,,,,,432,100,124,200,,,,,26366,7,7515,14,,,,,,,,,,,,
powerball,2021-12-25,410 Million,295.2 Million,,,,,6,1000000,0,2000000,,,,,668,100,160,300,,,,,41638,7,9764,21,,,,,,,,,,,,
powerball,2021-12-27,429 Million,308.9 Million,,,,,1,1000000,2,2000000,,,,,419,100,128,200,,,,,28217,7,6968,14,,,,,,,,,,,,
powerball,2021-12-29,460 Million,330.9 Million,,,,,1,1000000,0,2000000,,,,,1004,100,245,200,,,,,60625,7,15298,14,,,,,,,,,,,,
powerball,2022-01-01,519 Million,369.2 Million,,,,,3,1000000,1,2000000,,,,,1384,100,316,200,,,,,89773,7,19992,14,,,,,,,,,,,,
powerball,2022-01-03,561 Million,399.5 Million,,,,,2,1000000,1,2000000,,,,,1123,100,233,200,,,,,67045,7,15351,14,,,,,,,,,,,,
powerball,2022-01-05,633 Million,450.2 Million,,,,,12,1000000,2,2000000,,,,,1862,100,397,200,,,,,111618,7,24540,14,,,,,,,,,,,,
powerball,2022-01-08,20 Million,13.9 Million,,,,,0,1000000,0,2000000,,,,,262,100,77,1000,,,,,15470,7,5038,70,,,,,,,,,,,,
powerball,2022-01-10,27 Million,18.6 Million,,,,,3,1000000,1,2000000,,,,,277,100,139,200,,,,,13346,7,5383,14,,,,,,,,,,,,
powerball,2022-01-12,36 Million,24.6 Million,,,,,3,1000000,1,2000000,,,,,300,100,97,400,,,,,15712,7,6033,28,,,,,,,,,,,,
powerball,2022-01-15,48 Million,33.3 Million,,,,,0,1000000,0,2000000,,,,,229,100,85,200,,,,,15081,7,5232,14,,,,,,,,,,,,
powerball,2022-01-17,54 Million,37.8 Million,,,,,1,1000000,0,2000000,,,,,110,100,53,200,,,,,7708,7,2704,14,,,,,,,,,,,,
powerball,2022-01-19,63 Million,43.9 Million,,,,,1,1000000,2,2000000,,,,,177,100,58,300,,,,,10240,7,3614,21,,,,,,,,,,,,
powerball,2022-01-22,75 Million,52.5 Million,,,,,1,1000000,1,2000000,,,,,250,100,65,200,,,,,15478,7,5239,14,,,,,,,,,,,,
powerball,2022-01-24,82 Million,57.3 Million,,,,,1,1000000,0,2000000,,,,,167,100,51,300,,,,,9516,7,3429,21,,,,,,,,,,,,
powerball,2022-01-26,91 Million,63.7 Million,,,,,0,1000000,0,2000000,,,,,161,100,72,300,,,,,11627,7,4219,21,,,,,,,,,,,,
powerball,2022-01-29,107 Million,73.3 Million,,,,,0,1000000,0,2000000,,,,,266,100,83,400,,,,,16708,7,5352,28,,,,,,,,,,,,
powerball,2022-01-31,115 Million,79.0 Million,,,,,1,1000000,0,2000000,,,,,129,100,53,300,,,,,9742,7,3093,21,,,,,,,,,,,,
powerball,2022-02-02,125 Million,86.3 Million,,,,,1,1000000,0,2000000,,,,,196,100,55,300,,,,,13272,7,4164,21,,,,,,,,,,,,
powerball,2022-02-05,140 Million,95.4 Million,,,,,0,1000000,1,2000000,,,,,320,100,102,200,,,,,20580,7,6641,14,,,,,,,,,,,,
powerball,2022-02-07,148 Million,100.8 Million,,,,,1,1000000,0,2000000,,,,,140,100,43,300,,,,,11054,7,3568,21,,,,,,,,,,,,
powerball,2022-02-09,158 Million,107.7 Million,,,,,1,1000000,0,2000000,,,,,229,100,84,200,,,,,14868,7,4770,14,,,,,,,,,,,,
powerball,2022-02-12,176 Million,117.8 Million,,,,,1,1000000,2,2000000,,,,,336,100,97,300,,,,,23150,7,7259,21,,,,,,,,,,,,
powerball,2022-02-14,185 Million,123.9 Million,,,,,1,1000000,0,2000000,,,,,183,100,56,300,,,,,11901,7,3756,21,,,,,,,,,,,,
powerball,2022-02-16,20 Million,13.4 Million,,,,,0,1000000,0,2000000,,,,,149,100,43,200,,,,,9336,7,3475,14,,,,,,,,,,,,
powerball,2022-02-19,31 Million,21.0 Million,,,,,1,1000000,0,2000000,,,,,323,100,104,200,,,,,18086,7,6461,14,,,,,,,,,,,,
powerball,2022-02-21,38 Million,25.2 Million,,,,,0,1000000,0,2000000,,,,,102,100,40,200,,,,,6676,7,2418,14,,,,,,,,,,,,
powerball,2022-02-23,46 Million,31.0 Million,,,,,0,1000000,0,2000000,,,,,158,100,62,200,,,,,11245,7,4092,14,,,,,,,,,,,,
powerball,2022-02-26,58 Million,38.8 Million,,,,,0,1000000,1,2000000,,,,,175,100,76,300,,,,,13117,7,4528,21,,,,,,,,,,,,
powerball,2022-02-28,65 Million,43.2 Million,,,,,1,1000000,0,2000000,,,,,136,100,48,200,,,,,8535,7,3162,14,,,,,,,,,,,,
powerball,2022-03-02,74 Million,49.1 Million,,,,,0,1000000,0,2000000,,,,,148,100,44,200,,,,,9379,7,3471,14,,,,,,,,,,,,
powerball,2022-03-05,84 Million,57.4 Million,,,,,2,1000000,0,2000000,,,,,236,100,82,200,,,,,14666,7,4976,14,,,,,,,,,,,,
powerball,2022-03-07,91 Million,62.0 Million,,,,,0,1000000,0,2000000,,,,,101,100,35,300,,,,,7131,7,2515,21,,,,,,,,,,,,
powerball,2022-03-09,99 Million,68.1 Million,,,,,1,1000000,0,2000000,,,,,151,100,54,200,,,,,10099,7,3609,14,,,,,,,,,,,,
powerball,2022-03-12,117 Million,77.4 Million,,,,,0,1000000,0,2000000,,,,,267,100,73,200,,,,,16755,7,5423,14,,,,,,,,,,,,
powerball,2022-03-14,125 Million,82.4 Million,,,,,0,1000000,0,2000000,,,,,176,100,53,300,,,,,9873,7,3294,21,,,,,,,,,,,,
powerball,2022-03-16,134 Million,88.5 Million,,,,,0,1000000,0,2000000,,,,,192,100,42,200,,,,,12398,7,4010,14,,,,,,,,,,,,
powerball,2022-03-19,149 Million,97.4 Million,,,,,0,1000000,0,2000000,,,,,318,100,101,200,,,,,22099,7,7016,14,,,,,,,,,,,,
powerball,2022-03-21,157 Million,102.6 Million,,,,,1,1000000,0,2000000,,,,,139,100,53,200,,,,,10204,7,3247,14,,,,,,,,,,,,
powerball,2022-03-23,167 Million,109.0 Million,,,,,1,1000000,0,2000000,,,,,207,100,61,200,,,,,12908,7,4175,14,,,,,,,,,,,,
powerball,2022-03-26,187 Million,118.4 Million,,,,,1,1000000,0,2000000,,,,,324,100,82,300,,,,,19080,7,5686,21,,,,,,,,,,,,
powerball,2022-03-28,196 Million,123.7 Million,,,,,1,1000000,0,2000000,,,,,170,100,44,200,,,,,10915,7,3329,14,,,,,,,,,,,,
powerball,2022-03-30,207 Million,131.1 Million,,,,,2,1000000,0,2000000,,,,,488,100,174,300,,,,,23423,7,7832,21,,,,,,,,,,,,
powerball,2022-04-02,223 Million,142.4 Million,,,,,0,1000000,0,2000000,,,,,348,100,97,200,,,,,23597,7,6486,14,,,,,,,,,,,,
powerball,2022-04-04,233 Million,149.0 Million,,,,,1,1000000,0,2000000,,,,,203,100,59,200,,,,,12811,7,3778,14,,,,,,,,,,,,
powerball,2022-04-06,248 Million,158.0 Million,,,,,0,1000000,0,2000000,,,,,216,100,62,300,,,,,16199,7,4619,21,,,,,,,,,,,,
powerball,2022-04-09,276 Million,170.7 Million,,,,,0,1000000,1,2000000,,,,,369,100,86,200,,,,,24153,7,6690,14,,,,,,,,,,,,
powerball,2022-04-11,287 Million,177.9 Million,,,,,0,1000000,0,2000000,,,,,348,100,107,200,,,,,18063,7,5743,14,,,,,,,,,,,,
powerball,2022-04-13,304 Million,188.0 Million,,,,,0,1000000,0,2000000,,,,,295,100,76,200,,,,,18424,7,5006,14,,,,,,,,,,,,
powerball,2022-04-16,338 Million,203.3 Million,,,,,1,1000000,0,2000000,,,,,424,100,111,500,,,,,29061,7,7555,35,,,,,,,,,,,,
powerball,2022-04-18,353 Million,212.2 Million,,,,,0,1000000,0,2000000,,,,,240,100,61,200,,,,,16936,7,4757,14,,,,,,,,,,,,
powerball,2022-04-20,373 Million,224.5 Million,,,,,0,1000000,1,2000000,,,,,386,100,100,200,,,,,22887,7,6212,14,,,,,,,,,,,,
powerball,2022-04-23,409 Million,245.1 Million,,,,,2,1000000,0,2000000,,,,,578,100,131,300,,,,,39383,7,9844,21,,,,,,,,,,,,
powerball,2022-04-25,435 Million,260.4 Million,,,,,1,1000000,1,2000000,,,,,501,100,109,200,,,,,31809,7,8029,14,,,,,,,,,,,,
powerball,2022-04-27,473 Million,283.3 Million,,,,,1,1000000,0,2000000,,,,,655,100,153,200,,,,,42859,7,10268,14,,,,,,,,,,,,
powerball,2022-04-30,20 Million,12.0 Million,,,,,2,1000000,0,2000000,,,,,226,100,69,300,,,,,14575,7,4816,21,,,,,,,,,,,,
powerball,2022-05-02,27 Million,16.2 Million,,,,,0,1000000,0,2000000,,,,,130,100,52,500,,,,,8639,7,3232,35,,,,,,,,,,,,
powerball,2022-05-04,36 Million,21.8 Million,,,,,0,1000000,0,2000000,,,,,163,100,49,200,,,,,8819,7,3286,14,,,,,,,,,,,,
powerball,2022-05-07,52 Million,29.7 Million,,,,,1,1000000,0,2000000,,,,,327,100,123,200,,,,,18932,7,6931,14,,,,,,,,,,,,
powerball,2022-05-09,60 Million,34.2 Million,,,,,0,1000000,1,2000000,,,,,107,100,48,200,,,,,7485,7,2528,14,,,,,,,,,,,,
powerball,2022-05-11,70 Million,40.0 Million,,,,,0,1000000,0,2000000,,,,,159,100,59,200,,,,,9669,7,3481,14,,,,,,,,,,,,
powerball,2022-05-14,83 Million,48.5 Million,,,,,0,1000000,1,2000000,,,,,200,100,65,300,,,,,14826,7,4850,21,,,,,,,,,,,,
powerball,2022-05-16,91 Million,53.3 Million,,,,,1,1000000,0,2000000,,,,,147,100,49,200,,,,,9406,7,3282,14,,,,,,,,,,,,
powerball,2022-05-18,102 Million,59.8 Million,,,,,0,1000000,1,2000000,,,,,176,100,54,300,,,,,10058,7,3438,21,,,,,,,,,,,,
powerball,2022-05-21,117 Million,68.8 Million,,,,,0,1000000,0,2000000,,,,,266,100,68,200,,,,,16361,7,5280,14,,,,,,,,,,,,
powerball,2022-05-23,126 Million,73.8 Million,,,,,1,1000000,0,2000000,,,,,159,100,66,200,,,,,9361,7,3196,14,,,,,,,,,,,,
powerball,2022-05-25,136 Million,80.0 Million,,,,,0,1000000,1,2000000,,,,,168,100,67,300,,,,,12215,7,4039,21,,,,,,,,,,,,
powerball,2022-05-28,150 Million,88.9 Million,,,,,2,1000000,0,2000000,,,,,259,100,81,200,,,,,16159,7,5004,14,,,,,,,,,,,,
powerball,2022-05-30,158 Million,93.6 Million,,,,,0,1000000,0,2000000,,,,,140,100,34,200,,,,,8120,7,2693,14,,,,,,,,,,,,
powerball,2022-06-01,169 Million,100.1 Million,,,,,1,1000000,0,2000000,,,,,201,100,55,200,,,,,11602,7,3848,14,,,,,,,,,,,,
powerball,2022-06-04,190 Million,109.5 Million,,,,,0,1000000,0,2000000,,,,,285,100,74,300,,,,,17645,7,5356,21,,,,,,,,,,,,
powerball,2022-06-06,199 Million,115.1 Million,,,,,0,1000000,0,2000000,,,,,182,100,55,200,,,,,11461,7,3531,14,,,,,,,,,,,,
powerball,2022-06-08,212 Million,122.4 Million,,,,,3,1000000,0,2000000,,,,,181,100,65,400,,,,,12857,7,4126,28,,,,,,,,,,,,
powerball,2022-06-11,233 Million,133.0 Million,,,,,2,1000000,0,2000000,,,,,365,100,100,200,,,,,21041,7,6325,14,,,,,,,,,,,,
powerball,2022-06-13,244 Million,139.6 Million,,,,,2,1000000,0,2000000,,,,,183,100,62,200,,,,,12410,7,3654,14,,,,,,,,,,,,
powerball,2022-06-15,259 Million,147.8 Million,,,,,1,1000000,0,2000000,,,,,227,100,80,200,,,,,15403,7,4726,14,,,,,,,,,,,,
powerball,2022-06-18,284 Million,159.6 Million,,,,,1,1000000,1,2000000,,,,,343,100,94,200,,,,,23399,7,6826,14,,,,,,,,,,,,
powerball,2022-06-20,297 Million,166.5 Million,,,,,0,1000000,0,2000000,,,,,218,100,73,200,,,,,12634,7,3751,14,,,,,,,,,,,,
powerball,2022-06-22,314 Million,176.0 Million,,,,,2,1000000,1,2000000,,,,,301,100,81,300,,,,,19587,7,5707,21,,,,,,,,,,,,
powerball,2022-06-25,334 Million,189.7 Million,,,,,3,1000000,0,2000000,,,,,641,100,172,300,,,,,34735,7,10353,21,,,,,,,,,,,,
powerball,2022-06-27,348 Million,197.9 Million,,,,,1,1000000,1,2000000,,,,,300,100,86,300,,,,,19383,7,5896,21,,,,,,,,,,,,
powerball,2022-06-29,367 Million,208.5 Million,,,,,1,1000000,0,2000000,,,,,280,100,98,300,,,,,18713,7,5355,21,,,,,,,,,,,,
powerball,2022-07-02,20 Million,11.6 Million,,,,,1,1000000,0,2000000,,,,,239,100,80,300,,,,,13976,7,4756,21,,,,,,,,,,,,
powerball,2022-07-04,26 Million,15.3 Million,,,,,1,1000000,0,2000000,,,,,83,100,47,200,,,,,6950,7,2716,14,,,,,,,,,,,,
powerball,2022-07-06,35 Million,20.6 Million,,,,,0,1000000,0,2000000,,,,,125,100,46,200,,,,,8105,7,2872,14,,,,,,,,,,,,
powerball,2022-07-09,50 Million,28.3 Million,,,,,0,1000000,0,2000000,,,,,208,100,72,300,,,,,13829,7,4723,21,,,,,,,,,,,,
powerball,2022-07-11,58 Million,32.7 Million,,,,,0,1000000,0,2000000,,,,,118,100,34,200,,,,,7946,7,2863,14,,,,,,,,,,,,
powerball,2022-07-13,68 Million,38.5 Million,,,,,0,1000000,0,2000000,,,,,159,100,87,200,,,,,9951,7,3561,14,,,,,,,,,,,,
powerball,2022-07-16,81 Million,47.3 Million,,,,,1,1000000,1,2000000,,,,,271,100,97,200,,,,,18691,7,6215,14,,,,,,,,,,,,
powerball,2022-07-18,90 Million,52.5 Million,,,,,0,1000000,0,2000000,,,,,126,100,54,300,,,,,8448,7,2749,21,,,,,,,,,,,,
powerball,2022-07-20,104 Million,60.5 Million,,,,,0,1000000,0,2000000,,,,,219,100,53,300,,,,,15035,7,4920,21,,,,,,,,,,,,
powerball,2022-07-23,123 Million,72.7 Million,,,,,1,1000000,0,2000000,,,,,333,100,97,300,,,,,21174,7,6393,21,,,,,,,,,,,,
powerball,2022-07-25,134 Million,79.1 Million,,,,,1,1000000,0,2000000,,,,,192,100,66,200,,,,,12936,7,4119,14,,,,,,,,,,,,
powerball,2022-07-27,151 Million,89.4 Million,,,,,0,1000000,0,2000000,,,,,309,100,75,200,,,,,20906,7,6210,14,,,,,,,,,,,,
powerball,2022-07-30,179 Million,105.7 Million,,,,,1,1000000,0,2000000,,,,,538,100,135,300,,,,,32592,7,9384,21,,,,,,,,,,,,
powerball,2022-08-01,191 Million,113.0 Million,,,,,0,1000000,0,2000000,,,,,226,100,77,300,,,,,13364,7,4403,21,,,,,,,,,,,,
powerball,2022-08-03,207 Million,122.4 Million,,,,,0,1000000,0,2000000,,,,,266,100,93,200,,,,,16608,7,5275,14,,,,,,,,,,,,
powerball,2022-08-06,20 Million,11.7 Million,,,,,0,1000000,1,2000000,,,,,185,100,69,200,,,,,12668,7,4334,14,,,,,,,,,,,,
powerball,2022-08-08,27 Million,16.0 Million,,,,,0,1000000,1,2000000,,,,,99,100,42,200,,,,,6379,7,2460,14,,,,,,,,,,,,
powerball,2022-08-10,36 Million,21.2 Million,,,,,1,1000000,0,2000000,,,,,105,100,43,200,,,,,7884,7,2957,14,,,,,,,,,,,,
powerball,2022-08-13,50 Million,28.7 Million,,,,,1,1000000,0,2000000,,,,,200,100,63,1000,,,,,12968,7,4616,70,,,,,,,,,,,,
powerball,2022-08-15,57 Million,33.1 Million,,,,,1,1000000,0,2000000,,,,,103,100,35,200,,,,,6967,7,2593,14,,,,,,,,,,,,
powerball,2022-08-17,67 Million,38.6 Million,,,,,0,1000000,0,2000000,,,,,138,100,48,200,,,,,9584,7,3437,14,,,,,,,,,,,,
powerball,2022-08-20,82 Million,46.5 Million,,,,,0,1000000,0,2000000,,,,,332,100,127,200,,,,,21144,7,7911,14,,,,,,,,,,,,
powerball,2022-08-22,90 Million,51.0 Million,,,,,1,1000000,0,2000000,,,,,118,100,51,200,,,,,7828,7,2832,14,,,,,,,,,,,,
powerball,2022-08-24,101 Million,57.0 Million,,,,,1,1000000,1,2000000,,,,,197,100,79,400,,,,,11084,7,3899,28,,,,,,,,,,,,
powerball,2022-08-27,117 Million,65.4 Million,,,,,1,1000000,0,2000000,,,,,214,100,69,300,,,,,14157,7,4617,21,,,,,,,,,,,,
powerball,2022-08-29,125 Million,69.9 Million,,,,,0,1000000,0,2000000,,,,,121,100,31,300,,,,,7802,7,2634,21,,,,,,,,,,,,
powerball,2022-08-31,134 Million,75.4 Million,,,,,6,1000000,1,2000000,,,,,451,100,187,200,,,,,20709,7,7944,14,,,,,,,,,,,,
powerball,2022-09-03,151 Million,83.3 Million,,,,,0,1000000,0,2000000,,,,,233,100,84,200,,,,,15496,7,5026,14,,,,,,,,,,,,
powerball,2022-09-05,158 Million,87.4 Million,,,,,1,1000000,0,2000000,,,,,130,100,40,200,,,,,8568,7,3034,14,,,,,,,,,,,,
powerball,2022-09-07,169 Million,93.0 Million,,,,,0,1000000,0,2000000,,,,,263,100,75,300,,,,,13723,7,4705,21,,,,,,,,,,,,
powerball,2022-09-10,185 Million,101.0 Million,,,,,1,1000000,1,2000000,,,,,253,100,100,200,,,,,15310,7,4952,14,,,,,,,,,,,,
powerball,2022-09-12,195 Million,106.2 Million,,,,,2,1000000,0,2000000,,,,,143,100,55,300,,,,,9819,7,3327,21,,,,,,,,,,,,
powerball,2022-09-14,207 Million,113.0 Million,,,,,2,1000000,0,2000000,,,,,312,100,120,300,,,,,17179,7,6204,21,,,,,,,,,,,,
powerball,2022-09-17,228 Million,122.8 Million,,,,,1,1000000,0,2000000,,,,,285,100,83,300,,,,,17885,7,5553,21,,,,,,,,,,,,
powerball,2022-09-19,238 Million,128.4 Million,,,,,0,1000000,0,2000000,,,,,157,100,45,200,,,,,10200,7,3060,14,,,,,,,,,,,,
powerball,2022-09-21,252 Million,135.6 Million,,,,,0,1000000,0,2000000,,,,,215,100,67,200,,,,,13341,7,4173,14,,,,,,,,,,,,
powerball,2022-09-24,275 Million,145.8 Million,,,,,6,1000000,1,2000000,,,,,665,100,232,200,,,,,30334,7,10279,14,,,,,,,,,,,,
powerball,2022-09-26,286 Million,151.7 Million,,,,,1,1000000,0,2000000,,,,,196,100,46,300,,,,,11594,7,3681,21,,,,,,,,,,,,
powerball,2022-09-28,301 Million,159.5 Million,,,,,0,1000000,1,2000000,,,,,243,100,80,300,,,,,16768,7,5344,21,,,,,,,,,,,,
powerball,2022-10-01,325 Million,171.1 Million,,,,,1,1000000,1,2000000,,,,,337,100,81,200,,,,,22522,7,6706,14,,,,,,,,,,,,
powerball,2022-10-03,338 Million,177.8 Million,,,,,0,1000000,0,2000000,,,,,177,100,64,400,,,,,12694,7,3938,28,,,,,,,,,,,,
powerball,2022-10-05,354 Million,186.3 Million,,,,,0,1000000,0,2000000,,,,,269,100,66,200,,,,,15716,7,4932,14,,,,,,,,,,,,
powerball,2022-10-08,389 Million,199.1 Million,,,,,1,1000000,0,2000000,,,,,393,100,93,200,,,,,22953,7,6455,14,,,,,,,,,,,,
powerball,2022-10-10,404 Million,206.9 Million,,,,,4,1000000,1,2000000,,,,,726,100,294,200,,,,,27906,7,9955,14,,,,,,,,,,,,
powerball,2022-10-12,425 Million,217.9 Million,,,,,0,1000000,0,2000000,,,,,315,100,78,500,,,,,19758,7,5597,35,,,,,,,,,,,,
powerball,2022-10-15,465 Million,234.5 Million,,,,,2,1000000,0,2000000,,,,,478,100,131,500,,,,,31279,7,8269,35,,,,,,,,,,,,
powerball,2022-10-17,485 Million,244.7 Million,,,,,2,1000000,1,2000000,,,,,284,100,78,300,,,,,18970,7,5370,21,,,,,,,,,,,,
powerball,2022-10-19,516 Million,260.1 Million,,,,,2,1000000,1,2000000,,,,,652,100,190,300,,,,,38060,7,10872,21,,,,,,,,,,,,
powerball,2022-10-22,591 Million,283.6 Million,,,,,3,1000000,0,2000000,,,,,733,100,162,200,,,,,46500,7,11647,14,,,,,,,,,,,,
powerball,2022-10-24,638 Million,305.9 Million,,,,,1,1000000,0,2000000,,,,,760,100,197,400,,,,,47271,7,11512,28,,,,,,,,,,,,
powerball,2022-10-26,715 Million,343.1 Million,,,,,6,1000000,0,2000000,,,,,1178,100,268,200,,,,,78106,7,18226,14,,,,,,,,,,,,
powerball,2022-10-29,822 Million,408.9 Million,,,,,6,1000000,1,2000000,,,,,2195,100,453,300,,,,,135291,7,29808,21,,,,,,,,,,,,
powerball,2022-10-31,999 Million,496.9 Million,,,,,10,1000000,3,2000000,,,,,3008,100,684,300,,,,,186910,7,40816,21,,,,,,,,,,,,
powerball,2022-11-02,620.4 Million,620.4 Million,,,,,16,1000000,3,2000000,,,,,4719,100,1082,200,,,,,283957,7,64508,14,,,,,,,,,,,,
powerball,2022-11-05,810.2 Million,810.2 Million,,,,,16,1000000,1,2000000,,,,,5888,100,1304,300,,,,,379017,7,80558,21,,,,,,,,,,,,
powerball,2022-11-07,997.6 Million,997.6 Million,,,,,22,1000000,1,2000000,,,,,6054,100,1208,200,,,,,382903,7,80597,14,,,,,,,,,,,,
powerball,2022-11-09,32 Million,15.7 Million,,,,,2,1000000,0,2000000,,,,,537,100,175,200,,,,,34357,7,11682,14,,,,,,,,,,,,
powerball,2022-11-12,51 Million,25.8 Million,,,,,0,1000000,1,2000000,,,,,251,100,95,400,,,,,16657,7,5947,28,,,,,,,,,,,,
powerball,2022-11-14,63 Million,31.6 Million,,,,,0,1000000,1,2000000,,,,,127,100,51,200,,,,,9468,7,3553,14,,,,,,,,,,,,
powerball,2022-11-16,76 Million,38.1 Million,,,,,2,1000000,0,2000000,,,,,180,100,55,200,,,,,10759,7,4088,14,,,,,,,,,,,,
powerball,2022-11-19,93 Million,47.3 Million,,,,,1,1000000,0,2000000,,,,,218,100,84,300,,,,,15132,7,5440,21,,,,,,,,,,,,
powerball,2022-11-21,20 Million,10.2 Million,,,,,1,1000000,0,2000000,,,,,108,100,50,200,,,,,7530,7,2829,14,,,,,,,,,,,,
powerball,2022-11-23,32 Million,16.4 Million,,,,,2,1000000,0,2000000,,,,,145,100,59,200,,,,,10493,7,3970,14,,,,,,,,,,,,
powerball,2022-11-26,46 Million,23.7 Million,,,,,1,1000000,0,2000000,,,,,192,100,73,1000,,,,,12448,7,4651,70,,,,,,,,,,,,
powerball,2022-11-28,55 Million,28.5 Million,,,,,1,1000000,0,2000000,,,,,120,100,46,200,,,,,7597,7,2955,14,,,,,,,,,,,,
powerball,2022-11-30,66 Million,34.1 Million,,,,,0,1000000,1,2000000,,,,,170,100,81,200,,,,,10570,7,4295,14,,,,,,,,,,,,
powerball,2022-12-03,80 Million,42.3 Million,,,,,0,1000000,0,2000000,,,,,266,100,126,400,,,,,16411,7,6039,28,,,,,,,,,,,,
powerball,2022-12-05,89 Million,47.2 Million,,,,,0,1000000,0,2000000,,,,,119,100,45,200,,,,,7921,7,3029,14,,,,,,,,,,,,
powerball,2022-12-07,101 Million,53.3 Million,,,,,1,1000000,0,2000000,,,,,141,100,49,200,,,,,10179,7,3768,14,,,,,,,,,,,,
powerball,2022-12-10,115 Million,62.1 Million,,,,,2,1000000,0,2000000,,,,,239,100,78,200,,,,,15366,7,5325,14,,,,,,,,,,,,
powerball,2022-12-12,124 Million,67.1 Million,,,,,1,1000000,0,2000000,,,,,144,100,45,400,,,,,8280,7,3104,28,,,,,,,,,,,,
powerball,2022-12-14,135 Million,72.7 Million,,,,,0,1000000,0,2000000,,,,,151,100,60,1000,,,,,9821,7,3326,70,,,,,,,,,,,,
powerball,2022-12-17,150 Million,80.7 Million,,,,,0,1000000,0,2000000,,,,,248,100,79,200,,,,,14757,7,5042,14,,,,,,,,,,,,
powerball,2022-12-19,159 Million,85.6 Million,,,,,0,1000000,0,2000000,,,,,149,100,48,500,,,,,9422,7,3480,35,,,,,,,,,,,,
powerball,2022-12-21,171 Million,91.8 Million,,,,,0,1000000,0,2000000,,,,,216,100,64,200,,,,,13578,7,4875,14,,,,,,,,,,,,
powerball,2022-12-24,194 Million,101.5 Million,,,,,0,1000000,0,2000000,,,,,302,100,98,300,,,,,20218,7,6267,21,,,,,,,,,,,,
powerball,2022-12-26,205 Million,106.8 Million,,,,,0,1000000,0,2000000,,,,,123,100,49,300,,,,,9586,7,3318,21,,,,,,,,,,,,
powerball,2022-12-28,222 Million,116.0 Million,,,,,0,1000000,0,2000000,,,,,288,100,71,200,,,,,16842,7,5352,14,,,,,,,,,,,,
powerball,2022-12-31,259 Million,131.6 Million,,,,,0,1000000,3,2000000,,,,,418,100,141,300,,,,,28025,7,8197,21,,,,,,,,,,,,
powerball,2023-01-02,275 Million,139.6 Million,,,,,2,1000000,1,2000000,,,,,379,100,130,200,,,,,21146,7,7707,14,,,,,,,,,,,,
powerball,2023-01-04,296 Million,150.5 Million,,,,,2,1000000,1,2000000,,,,,301,100,85,300,,,,,18829,7,5826,21,,,,,,,,,,,,
powerball,2023-01-07,321 Million,168.0 Million,,,,,1,1000000,2,2000000,,,,,489,100,116,300,,,,,31307,7,8810,21,,,,,,,,,,,,
powerball,2023-01-09,341 Million,178.9 Million,,,,,0,1000000,0,2000000,,,,,292,100,95,300,,,,,18805,7,5663,21,,,,,,,,,,,,
powerball,2023-01-11,368 Million,192.7 Million,,,,,0,1000000,0,2000000,,,,,448,100,135,300,,,,,26518,7,8140,21,,,,,,,,,,,,
powerball,2023-01-14,397 Million,214.8 Million,,,,,0,1000000,0,2000000,,,,,639,100,169,200,,,,,41112,7,11489,14,,,,,,,,,,,,
powerball,2023-01-16,417 Million,225.4 Million,,,,,1,1000000,0,2000000,,,,,325,100,101,300,,,,,19623,7,6006,21,,,,,,,,,,,,
powerball,2023-01-18,441 Million,238.5 Million,,,,,0,1000000,0,2000000,,,,,428,100,139,300,,,,,26911,7,7981,21,,,,,,,,,,,,
powerball,2023-01-21,477 Million,257.4 Million,,,,,0,1000000,0,2000000,,,,,668,100,159,400,,,,,38008,7,10943,28,,,,,,,,,,,,
powerball,2023-01-23,501 Million,270.3 Million,,,,,1,1000000,0,2000000,,,,,413,100,108,300,,,,,23837,7,6919,21,,,,,,,,,,,,
powerball,2023-01-25,530 Million,286.2 Million,,,,,0,1000000,0,2000000,,,,,572,100,160,200,,,,,33982,7,9939,14,,,,,,,,,,,,
powerball,2023-01-28,577 Million,309.4 Million,,,,,3,1000000,1,2000000,,,,,926,100,244,400,,,,,54141,7,15084,28,,,,,,,,,,,,
powerball,2023-01-30,607 Million,325.6 Million,,,,,1,1000000,0,2000000,,,,,586,100,174,200,,,,,35169,7,9993,14,,,,,,,,,,,,
powerball,2023-02-01,646 Million,346.8 Million,,,,,2,1000000,1,2000000,,,,,632,100,144,200,,,,,38100,7,9517,14,,,,,,,,,,,,
powerball,2023-02-04,704 Million,380.1 Million,,,,,4,1000000,0,2000000,,,,,1355,100,339,200,,,,,77511,7,20761,14,,,,,,,,,,,,
powerball,2023-02-06,755 Million,407.2 Million,,,,,5,1000000,1,2000000,,,,,1117,100,326,200,,,,,65762,7,18250,14,,,,,,,,,,,,
powerball,2023-02-08,20 Million,10.8 Million,,,,,0,1000000,0,2000000,,,,,157,100,60,200,,,,,10276,7,3704,14,,,,,,,,,,,,
powerball,2023-02-11,37 Million,19.5 Million,,,,,1,1000000,0,2000000,,,,,232,100,75,400,,,,,15893,7,5739,28,,,,,,,,,,,,
powerball,2023-02-13,47 Million,24.7 Million,,,,,0,1000000,1,2000000,,,,,130,100,50,200,,,,,8402,7,3175,14,,,,,,,,,,,,
powerball,2023-02-15,58 Million,30.8 Million,,,,,0,1000000,0,2000000,,,,,135,100,49,400,,,,,9501,7,3486,28,,,,,,,,,,,,
powerball,2023-02-18,78 Million,39.7 Million,,,,,1,1000000,0,2000000,,,,,265,100,82,400,,,,,17573,7,6336,28,,,,,,,,,,,,
powerball,2023-02-20,88 Million,45.2 Million,,,,,1,1000000,0,2000000,,,,,192,100,86,300,,,,,11033,7,4347,21,,,,,,,,,,,,
powerball,2023-02-22,102 Million,52.1 Million,,,,,1,1000000,1,2000000,,,,,190,100,54,200,,,,,12617,7,4572,14,,,,,,,,,,,,
powerball,2023-02-25,121 Million,61.8 Million,,,,,1,1000000,3,2000000,,,,,238,100,86,300,,,,,17490,7,6357,21,,,,,,,,,,,,
powerball,2023-02-27,132 Million,67.2 Million,,,,,0,1000000,0,2000000,,,,,160,100,57,200,,,,,10510,7,3785,14,,,,,,,,,,,,
powerball,2023-03-01,144 Million,73.5 Million,,,,,3,1000000,0,2000000,,,,,257,100,70,200,,,,,15296,7,5484,14,,,,,,,,,,,,
powerball,2023-03-04,163 Million,82.7 Million,,,,,1,1000000,0,2000000,,,,,287,100,103,300,,,,,19408,7,6524,21,,,,,,,,,,,,
powerball,2023-03-06,20 Million,10.2 Million,,,,,0,1000000,0,2000000,,,,,117,100,46,300,,,,,7763,7,3079,21,,,,,,,,,,,,
powerball,2023-03-08,31 Million,15.5 Million,,,,,1,1000000,0,2000000,,,,,105,100,50,300,,,,,8224,7,3180,21,,,,,,,,,,,,
powerball,2023-03-11,44 Million,23.3 Million,,,,,1,1000000,0,2000000,,,,,236,100,81,200,,,,,13978,7,5030,14,,,,,,,,,,,,
powerball,2023-03-13,53 Million,28.0 Million,,,,,0,1000000,1,2000000,,,,,145,100,60,200,,,,,9337,7,3574,14,,,,,,,,,,,,
powerball,2023-03-15,64 Million,33.5 Million,,,,,0,1000000,0,2000000,,,,,158,100,62,200,,,,,9562,7,3745,14,,,,,,,,,,,,
powerball,2023-03-18,77 Million,41.5 Million,,,,,1,1000000,0,2000000,,,,,218,100,75,200,,,,,14231,7,5109,14,,,,,,,,,,,,
powerball,2023-03-20,86 Million,46.4 Million,,,,,0,1000000,0,2000000,,,,,122,100,43,200,,,,,8096,7,3044,14,,,,,,,,,,,,
powerball,2023-03-22,97 Million,52.2 Million,,,,,1,1000000,0,2000000,,,,,135,100,53,200,,,,,9696,7,3495,14,,,,,,,,,,,,
powerball,2023-03-25,113 Million,60.9 Million,,,,,0,1000000,0,2000000,,,,,231,100,73,200,,,,,16015,7,5647,14,,,,,,,,,,,,
powerball,2023-03-27,122 Million,66.1 Million,,,,,0,1000000,0,2000000,,,,,147,100,49,300,,,,,9296,7,3394,21,,,,,,,,,,,,
powerball,2023-03-29,133 Million,71.7 Million,,,,,1,1000000,0,2000000,,,,,176,100,58,300,,,,,12537,7,4603,21,,,,,,,,,,,,
powerball,2023-04-01,150 Million,79.8 Million,,,,,0,1000000,0,2000000,,,,,384,100,131,400,,,,,21904,7,7993,28,,,,,,,,,,,,
powerball,2023-04-03,160 Million,84.8 Million,,,,,1,1000000,0,2000000,,,,,149,100,48,200,,,,,9525,7,3413,14,,,,,,,,,,,,
powerball,2023-04-05,170 Million,90.6 Million,,,,,0,1000000,0,2000000,,,,,209,100,81,200,,,,,15967,7,5933,14,,,,,,,,,,,,
powerball,2023-04-08,182 Million,99.2 Million,,,,,1,1000000,0,2000000,,,,,283,100,92,300,,,,,18690,7,6217,21,,,,,,,,,,,,
powerball,2023-04-10,191 Million,104.2 Million,,,,,0,1000000,0,2000000,,,,,135,100,71,200,,,,,10341,7,3756,14,,,,,,,,,,,,
powerball,2023-04-12,202 Million,110.5 Million,,,,,0,1000000,0,2000000,,,,,185,100,66,200,,,,,12743,7,4237,14,,,,,,,,,,,,
powerball,2023-04-15,225 Million,119.7 Million,,,,,2,1000000,0,2000000,,,,,278,100,90,300,,,,,17730,7,5562,21,,,,,,,,,,,,
powerball,2023-04-17,237 Million,126.5 Million,,,,,0,1000000,0,2000000,,,,,198,100,54,300,,,,,11351,7,3593,21,,,,,,,,,,,,
powerball,2023-04-19,253 Million,134.7 Million,,,,,0,1000000,0,2000000,,,,,238,100,89,300,,,,,16979,7,5619,21,,,,,,,,,,,,
powerball,2023-04-22,20 Million,10.6 Million,,,,,0,1000000,0,2000000,,,,,191,100,67,200,,,,,12101,7,4201,14,,,,,,,,,,,,
powerball,2023-04-24,28 Million,15.0 Million,,,,,0,1000000,0,2000000,,,,,95,100,45,200,,,,,6885,7,2770,14,,,,,,,,,,,,
powerball,2023-04-26,38 Million,20.2 Million,,,,,0,1000000,0,2000000,,,,,154,100,54,200,,,,,9718,7,3681,14,,,,,,,,,,,,
powerball,2023-04-29,52 Million,28.0 Million,,,,,0,1000000,0,2000000,,,,,191,100,77,200,,,,,12396,7,4388,14,,,,,,,,,,,,
powerball,2023-05-01,61 Million,32.9 Million,,,,,0,1000000,0,2000000,,,,,121,100,38,300,,,,,7595,7,2757,21,,,,,,,,,,,,
powerball,2023-05-03,72 Million,38.8 Million,,,,,0,1000000,0,2000000,,,,,167,100,43,300,,,,,11468,7,4249,21,,,,,,,,,,,,
powerball,2023-05-06,88 Million,47.2 Million,,,,,0,1000000,0,2000000,,,,,218,100,84,200,,,,,14932,7,5193,14,,,,,,,,,,,,
powerball,2023-05-08,98 Million,52.4 Million,,,,,1,1000000,0,2000000,,,,,142,100,51,200,,,,,9374,7,3248,14,,,,,,,,,,,,
powerball,2023-05-10,109 Million,58.8 Million,,,,,1,1000000,0,2000000,,,,,152,100,62,1000,,,,,11190,7,3938,70,,,,,,,,,,,,
powerball,2023-05-13,126 Million,67.6 Million,,,,,2,1000000,0,2000000,,,,,357,100,127,200,,,,,20625,7,7107,14,,,,,,,,,,,,
powerball,2023-05-15,135 Million,72.5 Million,,,,,0,1000000,1,2000000,,,,,143,100,50,200,,,,,9950,7,3431,14,,,,,,,,,,,,
powerball,2023-05-17,146 Million,78.3 Million,,,,,0,1000000,0,2000000,,,,,188,100,48,200,,,,,11648,7,3952,14,,,,,,,,,,,,
powerball,2023-05-20,169 Million,86.6 Million,,,,,0,1000000,1,2000000,,,,,273,100,93,200,,,,,18601,7,6195,14,,,,,,,,,,,,
powerball,2023-05-22,179 Million,91.9 Million,,,,,0,1000000,0,2000000,,,,,145,100,53,400,,,,,10105,7,3208,28,,,,,,,,,,,,
powerball,2023-05-24,192 Million,98.7 Million,,,,,0,1000000,0,2000000,,,,,191,100,59,300,,,,,12217,7,4031,21,,,,,,,,,,,,
powerball,2023-05-27,215 Million,109.1 Million,,,,,1,1000000,0,2000000,,,,,268,100,85,200,,,,,18426,7,5603,14,,,,,,,,,,,,
powerball,2023-05-29,226 Million,114.9 Million,,,,,0,1000000,0,2000000,,,,,154,100,51,200,,,,,9767,7,3193,14,,,,,,,,,,,,
powerball,2023-05-31,241 Million,122.5 Million,,,,,4,1000000,0,2000000,,,,,187,100,57,300,,,,,12987,7,4177,21,,,,,,,,,,,,
powerball,2023-06-03,257 Million,133.6 Million,,,,,2,1000000,0,2000000,,,,,287,100,87,200,,,,,18895,7,5570,14,,,,,,,,,,,,
powerball,2023-06-05,270 Million,140.3 Million,,,,,1,1000000,0,2000000,,,,,177,100,62,200,,,,,11779,7,3736,14,,,,,,,,,,,,
powerball,2023-06-07,285 Million,148.2 Million,,,,,1,1000000,0,2000000,,,,,211,100,75,500,,,,,14438,7,4441,35,,,,,,,,,,,,
powerball,2023-06-10,310 Million,160.1 Million,,,,,0,1000000,0,2000000,,,,,320,100,101,300,,,,,22303,7,6472,21,,,,,,,,,,,,
powerball,2023-06-12,325 Million,167.5 Million,,,,,0,1000000,0,2000000,,,,,242,100,102,200,,,,,17071,7,5584,14,,,,,,,,,,,,
powerball,2023-06-14,342 Million,176.3 Million,,,,,1,1000000,1,2000000,,,,,246,100,63,200,,,,,15982,7,4896,14,,,,,,,,,,,,
powerball,2023-06-17,365 Million,189.2 Million,,,,,0,1000000,0,2000000,,,,,387,100,101,200,,,,,23557,7,6765,14,,,,,,,,,,,,
powerball,2023-06-19,381 Million,197.2 Million,,,,,1,1000000,0,2000000,,,,,219,100,64,300,,,,,14116,7,4117,21,,,,,,,,,,,,
powerball,2023-06-21,401 Million,207.4 Million,,,,,0,1000000,0,2000000,,,,,342,100,96,200,,,,,20503,7,6267,14,,,,,,,,,,,,
powerball,2023-06-24,424 Million,222.3 Million,,,,,0,1000000,1,2000000,,,,,420,100,113,300,,,,,26857,7,7281,21,,,,,,,,,,,,
powerball,2023-06-26,442 Million,231.6 Million,,,,,0,1000000,0,2000000,,,,,296,100,61,400,,,,,17685,7,5167,28,,,,,,,,,,,,
powerball,2023-06-28,464 Million,242.8 Million,,,,,0,1000000,0,2000000,,,,,335,100,101,500,,,,,20269,7,5935,35,,,,,,,,,,,,
powerball,2023-07-01,502 Million,259.5 Million,,,,,0,1000000,0,2000000,,,,,494,100,163,200,,,,,31556,7,8717,14,,,,,,,,,,,,
powerball,2023-07-03,528 Million,272.8 Million,,,,,1,1000000,0,2000000,,,,,378,100,102,300,,,,,25379,7,7146,21,,,,,,,,,,,,
powerball,2023-07-05,556 Million,287.8 Million,,,,,3,1000000,0,2000000,,,,,415,100,128,200,,,,,27446,7,7738,14,,,,,,,,,,,,
powerball,2023-07-08,631 Million,318.4 Million,,,,,3,1000000,0,2000000,,,,,1033,100,287,200,,,,,66920,7,17781,14,,,,,,,,,,,,
powerball,2023-07-10,681 Million,343.8 Million,,,,,1,1000000,1,2000000,,,,,796,100,194,200,,,,,49300,7,12505,14,,,,,,,,,,,,
powerball,2023-07-12,746 Million,376.9 Million,,,,,2,1000000,0,2000000,,,,,1031,100,243,300,,,,,63377,7,15999,21,,,,,,,,,,,,
powerball,2023-07-15,829 Million,428.6 Million,,,,,3,1000000,0,2000000,,,,,1591,100,375,200,,,,,101551,7,24615,14,,,,,,,,,,,,
powerball,2023-07-17,922 Million,476.5 Million,,,,,5,1000000,3,2000000,,,,,2034,100,517,400,,,,,121904,7,32649,28,,,,,,,,,,,,
powerball,2023-07-19,558.1 Million,558.1 Million,,,,,36,1000000,3,2000000,,,,,5396,100,1609,200,,,,,242802,7,67123,14,,,,,,,,,,,,
powerball,2023-07-22,21 Million,10.8 Million,,,,,0,1000000,0,2000000,,,,,277,100,97,200,,,,,19129,7,6279,14,,,,,,,,,,,,
powerball,2023-07-24,32 Million,16.6 Million,,,,,2,1000000,0,2000000,,,,,289,100,106,200,,,,,15787,7,6175,14,,,,,,,,,,,,
powerball,2023-07-26,46 Million,23.8 Million,,,,,0,1000000,1,2000000,,,,,219,100,73,200,,,,,12159,7,4329,14,,,,,,,,,,,,
powerball,2023-07-29,69 Million,34.7 Million,,,,,3,1000000,0,2000000,,,,,356,100,102,300,,,,,22174,7,7443,21,,,,,,,,,,,,
powerball,2023-07-31,83 Million,41.9 Million,,,,,0,1000000,0,2000000,,,,,206,100,72,200,,,,,12249,7,4434,14,,,,,,,,,,,,
powerball,2023-08-02,102 Million,51.7 Million,,,,,1,1000000,0,2000000,,,,,255,100,97,200,,,,,16985,7,5844,14,,,,,,,,,,,,
powerball,2023-08-05,136 Million,66.8 Million,,,,,3,1000000,0,2000000,,,,,386,100,117,200,,,,,26246,7,8031,14,,,,,,,,,,,,
powerball,2023-08-07,155 Million,76.0 Million,,,,,0,1000000,0,2000000,,,,,306,100,79,200,,,,,18007,7,6062,14,,,,,,,,,,,,
powerball,2023-08-09,178 Million,87.2 Million,,,,,3,1000000,0,2000000,,,,,307,100,94,200,,,,,21071,7,6746,14,,,,,,,,,,,,
powerball,2023-08-12,204 Million,100.0 Million,,,,,0,1000000,1,2000000,,,,,355,100,107,200,,,,,22876,7,7262,14,,,,,,,,,,,,
powerball,2023-08-14,220 Million,108.2 Million,,,,,1,1000000,1,2000000,,,,,251,100,85,200,,,,,14454,7,4874,14,,,,,,,,,,,,
powerball,2023-08-16,239 Million,118.0 Million,,,,,1,1000000,0,2000000,,,,,521,100,190,200,,,,,26913,7,9801,14,,,,,,,,,,,,
powerball,2023-08-19,275 Million,131.8 Million,,,,,0,1000000,0,2000000,,,,,410,100,107,200,,,,,26177,7,7585,14,,,,,,,,,,,,
powerball,2023-08-21,293 Million,140.5 Million,,,,,1,1000000,0,2000000,,,,,723,100,274,200,,,,,27662,7,9960,14,,,,,,,,,,,,
powerball,2023-08-23,315 Million,151.1 Million,,,,,0,1000000,0,2000000,,,,,350,100,132,200,,,,,19844,7,6124,14,,,,,,,,,,,,
powerball,2023-08-26,345 Million,165.8 Million,,,,,1,1000000,0,2000000,,,,,469,100,139,300,,,,,29237,7,8666,21,,,,,,,,,,,,
powerball,2023-08-28,364 Million,175.3 Million,,,,,1,1000000,1,2000000,,,,,318,100,78,200,,,,,18533,7,5801,14,,,,,,,,,,,,
powerball,2023-08-30,387 Million,186.3 Million,,,,,1,1000000,1,2000000,,,,,337,100,87,200,,,,,19676,7,5888,14,,,,,,,,,,,,
powerball,2023-09-02,419 Million,202.8 Million,,,,,2,1000000,1,2000000,,,,,461,100,134,400,,,,,29810,7,8299,28,,,,,,,,,,,,
powerball,2023-09-04,438 Million,212.3 Million,,,,,1,1000000,0,2000000,,,,,243,100,89,300,,,,,16949,7,5018,21,,,,,,,,,,,,
powerball,2023-09-06,463 Million,224.5 Million,,,,,0,1000000,0,2000000,,,,,451,100,159,300,,,,,27898,7,8723,21,,,,,,,,,,,,
powerball,2023-09-09,502 Million,242.7 Million,,,,,2,1000000,1,2000000,,,,,580,100,129,200,,,,,36598,7,10601,14,,,,,,,,,,,,
powerball,2023-09-11,527 Million,254.9 Million,,,,,1,1000000,0,2000000,,,,,391,100,83,200,,,,,24056,7,7225,14,,,,,,,,,,,,
powerball,2023-09-13,557 Million,269.5 Million,,,,,1,1000000,1,2000000,,,,,424,100,120,300,,,,,28634,7,8219,21,,,,,,,,,,,,
powerball,2023-09-16,608 Million,289.9 Million,,,,,2,1000000,0,2000000,,,,,886,100,296,200,,,,,51571,7,15454,14,,,,,,,,,,,,
powerball,2023-09-18,639 Million,304.7 Million,,,,,1,1000000,0,2000000,,,,,473,100,112,300,,,,,29581,7,8163,21,,,,,,,,,,,,
powerball,2023-09-20,677 Million,322.9 Million,,,,,1,1000000,2,2000000,,,,,502,100,137,300,,,,,33787,7,9122,21,,,,,,,,,,,,
powerball,2023-09-23,748 Million,349.9 Million,,,,,3,1000000,1,2000000,,,,,846,100,211,200,,,,,56363,7,15003,14,,,,,,,,,,,,
powerball,2023-09-25,794 Million,371.0 Million,,,,,4,1000000,0,2000000,,,,,754,100,180,200,,,,,46417,7,12373,14,,,,,,,,,,,,
powerball,2023-09-27,856 Million,400.2 Million,,,,,4,1000000,0,2000000,,,,,939,100,200,300,,,,,57117,7,14311,21,,,,,,,,,,,,
powerball,2023-09-30,969 Million,445.4 Million,,,,,5,1000000,2,2000000,,,,,1524,100,312,200,,,,,92885,7,22795,14,,,,,,,,,,,,
powerball,2023-10-02,490.2 Million,490.2 Million,,,,,2,1000000,2,2000000,,,,,1445,100,356,200,,,,,93306,7,22928,14,,,,,,,,,,,,
powerball,2023-10-04,548.0 Million,548.0 Million,,,,,7,1000000,3,2000000,,,,,1790,100,392,200,,,,,111681,7,26085,14,,,,,,,,,,,,
powerball,2023-10-07,623.9 Million,623.9 Million,,,,,10,1000000,2,2000000,,,,,2426,100,513,300,,,,,147839,7,34317,21,,,,,,,,,,,,
powerball,2023-10-09,686.5 Million,686.5 Million,,,,,4,1000000,1,2000000,,,,,1877,100,439,300,,,,,123953,7,29077,21,,,,,,,,,,,,
powerball,2023-10-11,774.1 Million,774.1 Million,,,,,7,1000000,2,2000000,,,,,2880,100,631,200,,,,,175073,7,41007,14,,,,,,,,,,,,
powerball,2023-10-14,23 Million,10.3 Million,,,,,2,1000000,0,2000000,,,,,256,100,90,200,,,,,17683,7,6176,14,,,,,,,,,,,,
powerball,2023-10-16,35 Million,16.0 Million,,,,,2,1000000,0,2000000,,,,,138,100,62,300,,,,,9843,7,3667,21,,,,,,,,,,,,
powerball,2023-10-18,50 Million,22.6 Million,,,,,1,1000000,1,2000000,,,,,236,100,101,200,,,,,12361,7,4791,14,,,,,,,,,,,,
powerball,2023-10-21,73 Million,31.9 Million,,,,,1,1000000,0,2000000,,,,,246,100,72,200,,,,,16383,7,5678,14,,,,,,,,,,,,
powerball,2023-10-23,87 Million,37.7 Million,,,,,0,1000000,1,2000000,,,,,150,100,61,500,,,,,10530,7,3879,35,,,,,,,,,,,,
powerball,2023-10-25,103 Million,44.9 Million,,,,,0,1000000,0,2000000,,,,,184,100,64,200,,,,,12205,7,4264,14,,,,,,,,,,,,
powerball,2023-10-28,125 Million,54.8 Million,,,,,1,1000000,0,2000000,,,,,299,100,86,200,,,,,16718,7,5653,14,,,,,,,,,,,,
powerball,2023-10-30,138 Million,60.7 Million,,,,,0,1000000,0,2000000,,,,,140,100,67,300,,,,,10579,7,3732,21,,,,,,,,,,,,
powerball,2023-11-01,154 Million,67.6 Million,,,,,3,1000000,0,2000000,,,,,210,100,65,300,,,,,12812,7,4703,21,,,,,,,,,,,,
powerball,2023-11-04,169 Million,77.5 Million,,,,,0,1000000,0,2000000,,,,,274,100,108,200,,,,,19347,7,6523,14,,,,,,,,,,,,
powerball,2023-11-06,182 Million,83.7 Million,,,,,0,1000000,0,2000000,,,,,144,100,72,200,,,,,11360,7,4085,14,,,,,,,,,,,,
powerball,2023-11-08,198 Million,91.1 Million,,,,,0,1000000,0,2000000,,,,,213,100,84,200,,,,,14388,7,4990,14,,,,,,,,,,,,
powerball,2023-11-11,223 Million,102.2 Million,,,,,0,1000000,0,2000000,,,,,368,100,142,400,,,,,24613,7,8267,28,,,,,,,,,,,,
powerball,2023-11-13,238 Million,109.2 Million,,,,,1,1000000,0,2000000,,,,,189,100,75,200,,,,,13446,7,4509,14,,,,,,,,,,,,
powerball,2023-11-15,255 Million,117.2 Million,,,,,0,1000000,1,2000000,,,,,202,100,61,300,,,,,13523,7,4551,21,,,,,,,,,,,,
powerball,2023-11-18,280 Million,128.6 Million,,,,,1,1000000,0,2000000,,,,,313,100,78,200,,,,,19067,7,5823,14,,,,,,,,,,,,
powerball,2023-11-20,296 Million,136.0 Million,,,,,0,1000000,0,2000000,,,,,205,100,72,200,,,,,13964,7,4682,14,,,,,,,,,,,,
powerball,2023-11-22,316 Million,145.6 Million,,,,,4,1000000,1,2000000,,,,,270,100,103,200,,,,,18778,7,6032,14,,,,,,,,,,,,
powerball,2023-11-25,338 Million,156.8 Million,,,,,0,1000000,1,2000000,,,,,257,100,93,200,,,,,19187,7,6039,14,,,,,,,,,,,,
powerball,2023-11-27,355 Million,164.6 Million,,,,,0,1000000,0,2000000,,,,,227,100,79,200,,,,,13471,7,4411,14,,,,,,,,,,,,
powerball,2023-11-29,374 Million,173.5 Million,,,,,0,1000000,0,2000000,,,,,236,100,72,200,,,,,14876,7,4730,14,,,,,,,,,,,,
powerball,2023-12-02,398 Million,187.2 Million,,,,,0,1000000,1,2000000,,,,,352,100,99,200,,,,,24329,7,7058,14,,,,,,,,,,,,
powerball,2023-12-04,416 Million,195.9 Million,,,,,1,1000000,0,2000000,,,,,280,100,108,300,,,,,19174,7,6250,21,,,,,,,,,,,,
powerball,2023-12-06,437 Million,205.9 Million,,,,,1,1000000,0,2000000,,,,,287,100,68,300,,,,,18182,7,5652,21,,,,,,,,,,,,
powerball,2023-12-09,458 Million,220.4 Million,,,,,1,1000000,0,2000000,,,,,429,100,121,200,,,,,28285,7,8329,14,,,,,,,,,,,,
powerball,2023-12-11,478 Million,230.0 Million,,,,,0,1000000,0,2000000,,,,,295,100,86,300,,,,,19602,7,6163,21,,,,,,,,,,,,
powerball,2023-12-13,504 Million,242.7 Million,,,,,2,1000000,2,2000000,,,,,372,100,94,200,,,,,23652,7,6731,14,,,,,,,,,,,,
powerball,2023-12-16,520 Million,260.7 Million,,,,,2,1000000,0,2000000,,,,,762,100,262,300,,,,,44225,7,13722,21,,,,,,,,,,,,
powerball,2023-12-18,544 Million,272.9 Million,,,,,2,1000000,0,2000000,,,,,410,100,129,300,,,,,27816,7,8713,21,,,,,,,,,,,,
powerball,2023-12-20,576 Million,288.6 Million,,,,,2,1000000,3,2000000,,,,,456,100,126,200,,,,,29139,7,7792,14,,,,,,,,,,,,
powerball,2023-12-23,626 Million,315.3 Million,,,,,2,1000000,1,2000000,,,,,963,100,243,300,,,,,59215,7,16221,21,,,,,,,,,,,,
powerball,2023-12-25,660 Million,332.3 Million,,,,,3,1000000,2,2000000,,,,,956,100,346,200,,,,,46457,7,13655,14,,,,,,,,,,,,
powerball,2023-12-27,707 Million,355.9 Million,,,,,1,1000000,1,2000000,,,,,848,100,177,300,,,,,51440,7,13409,21,,,,,,,,,,,,
powerball,2023-12-30,786 Million,396.8 Million,,,,,5,1000000,2,2000000,,,,,1553,100,411,400,,,,,96587,7,25473,28,,,,,,,,,,,,
powerball,2024-01-01,842 Million,425.2 Million,,,,,4,1000000,2,2000000,,,,,1029,100,247,300,,,,,65087,7,17066,21,,,,,,,,,,,,
powerball,2024-01-03,20 Million,10.1 Million,,,,,0,1000000,0,2000000,,,,,166,100,45,1000,,,,,10630,7,3880,70,,,,,,,,,,,,
powerball,2024-01-06,38 Million,18.7 Million,,,,,2,1000000,0,2000000,,,,,212,100,72,200,,,,,14385,7,5348,14,,,,,,,,,,,,
powerball,2024-01-08,49 Million,24.0 Million,,,,,0,1000000,0,2000000,,,,,175,100,66,300,,,,,11182,7,4477,21,,,,,,,,,,,,
powerball,2024-01-10,61 Million,30.0 Million,,,,,1,1000000,0,2000000,,,,,140,100,56,200,,,,,9600,7,3664,14,,,,,,,,,,,,
powerball,2024-01-13,78 Million,38.8 Million,,,,,0,1000000,0,2000000,,,,,236,100,123,200,,,,,15296,7,5781,14,,,,,,,,,,,,
powerball,2024-01-15,89 Million,44.0 Million,,,,,1,1000000,0,2000000,,,,,119,100,47,300,,,,,8488,7,3101,21,,,,,,,,,,,,
powerball,2024-01-17,102 Million,50.2 Million,,,,,0,1000000,1,2000000,,,,,160,100,47,400,,,,,9812,7,3664,28,,,,,,,,,,,,
powerball,2024-01-20,123 Million,59.2 Million,,,,,1,1000000,0,2000000,,,,,260,100,76,300,,,,,16239,7,5548,21,,,,,,,,,,,,
powerball,2024-01-22,134 Million,64.4 Million,,,,,0,1000000,0,2000000,,,,,138,100,61,200,,,,,9750,7,3588,14,,,,,,,,,,,,
powerball,2024-01-24,146 Million,70.3 Million,,,,,1,1000000,0,2000000,,,,,147,100,62,400,,,,,11575,7,4296,28,,,,,,,,,,,,
powerball,2024-01-27,164 Million,79.0 Million,,,,,2,1000000,0,2000000,,,,,247,100,84,200,,,,,16399,7,5532,14,,,,,,,,,,,,
powerball,2024-01-29,175 Million,84.4 Million,,,,,3,1000000,0,2000000,,,,,153,100,47,200,,,,,9537,7,3287,14,,,,,,,,,,,,
powerball,2024-01-31,188 Million,90.6 Million,,,,,1,1000000,0,2000000,,,,,205,100,71,200,,,,,13281,7,4959,14,,,,,,,,,,,,
powerball,2024-02-03,203 Million,100.2 Million,,,,,1,1000000,0,2000000,,,,,328,100,104,300,,,,,22518,7,7603,21,,,,,,,,,,,,
powerball,2024-02-05,215 Million,106.1 Million,,,,,0,1000000,0,2000000,,,,,181,100,89,500,,,,,13363,7,5126,35,,,,,,,,,,,,
powerball,2024-02-07,229 Million,113.2 Million,,,,,1,1000000,0,2000000,,,,,184,100,87,300,,,,,12804,7,4439,21,,,,,,,,,,,,
powerball,2024-02-10,257 Million,123.9 Million,,,,,2,1000000,0,2000000,,,,,327,100,102,200,,,,,21199,7,6657,14,,,,,,,,,,,,
powerball,2024-02-12,269 Million,130.0 Million,,,,,0,1000000,0,2000000,,,,,190,100,55,200,,,,,11477,7,3844,14,,,,,,,,,,,,
powerball,2024-02-14,285 Million,137.6 Million,,,,,2,1000000,0,2000000,,,,,191,100,64,200,,,,,13864,7,4625,14,,,,,,,,,,,,
powerball,2024-02-17,316 Million,149.3 Million,,,,,1,1000000,0,2000000,,,,,295,100,107,300,,,,,20320,7,6565,21,,,,,,,,,,,,
powerball,2024-02-19,332 Million,156.7 Million,,,,,0,1000000,0,2000000,,,,,202,100,59,300,,,,,13208,7,4500,21,,,,,,,,,,,,
powerball,2024-02-21,351 Million,165.5 Million,,,,,1,1000000,0,2000000,,,,,262,100,78,200,,,,,16926,7,5633,14,,,,,,,,,,,,
powerball,2024-02-24,376 Million,178.4 Million,,,,,0,1000000,0,2000000,,,,,347,100,122,300,,,,,23921,7,7682,21,,,,,,,,,,,,
powerball,2024-02-26,393 Million,186.7 Million,,,,,0,1000000,1,2000000,,,,,217,100,62,300,,,,,14825,7,4922,21,,,,,,,,,,,,
powerball,2024-02-28,414 Million,196.6 Million,,,,,0,1000000,1,2000000,,,,,284,100,93,200,,,,,18697,7,6361,14,,,,,,,,,,,,
powerball,2024-03-02,442 Million,211.8 Million,,,,,4,1000000,0,2000000,,,,,622,100,174,200,,,,,34026,7,10657,14,,,,,,,,,,,,
powerball,2024-03-04,463 Million,221.7 Million,,,,,0,1000000,0,2000000,,,,,264,100,91,200,,,,,16955,7,5072,14,,,,,,,,,,,,
powerball,2024-03-06,486 Million,233.0 Million,,,,,0,1000000,0,2000000,,,,,329,100,106,200,,,,,22445,7,7108,14,,,,,,,,,,,,
powerball,2024-03-09,511 Million,250.0 Million,,,,,2,1000000,1,2000000,,,,,452,100,126,500,,,,,30682,7,8743,35,,,,,,,,,,,,
powerball,2024-03-11,534 Million,261.3 Million,,,,,1,1000000,0,2000000,,,,,512,100,184,500,,,,,30495,7,10503,35,,,,,,,,,,,,
powerball,2024-03-13,563 Million,275.4 Million,,,,,2,1000000,1,2000000,,,,,399,100,115,200,,,,,25215,7,7348,14,,,,,,,,,,,,
powerball,2024-03-16,623 Million,297.0 Million,,,,,3,1000000,0,2000000,,,,,661,100,198,200,,,,,41549,7,11504,14,,,,,,,,,,,,
powerball,2024-03-18,656 Million,312.4 Million,,,,,5,1000000,1,2000000,,,,,510,100,160,300,,,,,33386,7,10034,21,,,,,,,,,,,,
powerball,2024-03-20,699 Million,332.8 Million,,,,,0,1000000,0,2000000,,,,,646,100,144,200,,,,,40151,7,11171,14,,,,,,,,,,,,
powerball,2024-03-23,758 Million,364.6 Million,,,,,5,1000000,0,2000000,,,,,1097,100,269,200,,,,,64936,7,16529,14,,,,,,,,,,,,
powerball,2024-03-25,813 Million,391.1 Million,,,,,2,1000000,0,2000000,,,,,982,100,239,200,,,,,61450,7,16986,14,,,,,,,,,,,,
powerball,2024-03-27,873 Million,419.9 Million,,,,,3,1000000,0,2000000,,,,,863,100,197,200,,,,,53002,7,13300,14,,,,,,,,,,,,
powerball,2024-03-30,951 Million,460.1 Million,,,,,4,1000000,0,2000000,,,,,1254,100,325,300,,,,,80817,7,20432,21,,,,,,,,,,,,
powerball,2024-04-01,496.4 Million,496.4 Million,,,,,6,1000000,0,2000000,,,,,1241,100,272,200,,,,,74027,7,18833,14,,,,,,,,,,,,
powerball,2024-04-03,547.3 Million,547.3 Million,,,,,9,1000000,0,2000000,,,,,1572,100,351,300,,,,,97248,7,24103,21,,,,,,,,,,,,
powerball,2024-04-06,621.0 Million,621.0 Million,,,,,7,1000000,0,2000000,,,,,2345,100,547,300,,,,,150765,7,36955,21,,,,,,,,,,,,
powerball,2024-04-08,20 Million,9.4 Million,,,,,0,1000000,0,2000000,,,,,216,100,102,200,,,,,14032,7,5049,14,,,,,,,,,,,,
powerball,2024-04-10,34 Million,16.0 Million,,,,,1,1000000,1,2000000,,,,,507,100,223,200,,,,,20876,7,8495,14,,,,,,,,,,,,
powerball,2024-04-13,54 Million,25.3 Million,,,,,0,1000000,0,2000000,,,,,233,100,86,500,,,,,17129,7,6120,35,,,,,,,,,,,,
powerball,2024-04-15,67 Million,31.1 Million,,,,,0,1000000,0,2000000,,,,,160,100,61,300,,,,,9313,7,3703,21,,,,,,,,,,,,
powerball,2024-04-17,81 Million,37.7 Million,,,,,1,1000000,0,2000000,,,,,158,100,72,200,,,,,11680,7,4396,14,,,,,,,,,,,,
powerball,2024-04-20,103 Million,47.3 Million,,,,,2,1000000,0,2000000,,,,,251,100,76,300,,,,,16366,7,5598,21,,,,,,,,,,,,
powerball,2024-04-22,116 Million,53.6 Million,,,,,1,1000000,0,2000000,,,,,186,100,77,200,,,,,11654,7,4411,14,,,,,,,,,,,,
powerball,2024-04-24,130 Million,60.1 Million,,,,,0,1000000,0,2000000,,,,,275,100,85,400,,,,,15725,7,5864,28,,,,,,,,,,,,
powerball,2024-04-27,151 Million,69.0 Million,,,,,2,1000000,0,2000000,,,,,246,100,113,300,,,,,17484,7,5981,21,,,,,,,,,,,,
powerball,2024-04-29,164 Million,75.0 Million,,,,,0,1000000,0,2000000,,,,,145,100,58,200,,,,,10811,7,3965,14,,,,,,,,,,,,
powerball,2024-05-01,180 Million,82.4 Million,,,,,0,1000000,0,2000000,,,,,352,100,145,200,,,,,19460,7,7593,14,,,,,,,,,,,,
powerball,2024-05-04,200 Million,93.3 Million,,,,,0,1000000,0,2000000,,,,,317,100,99,200,,,,,20514,7,6975,14,,,,,,,,,,,,
powerball,2024-05-06,215 Million,100.1 Million,,,,,0,1000000,1,2000000,,,,,206,100,79,200,,,,,12850,7,4630,14,,,,,,,,,,,,
powerball,2024-05-08,20 Million,9.3 Million,,,,,1,1000000,0,2000000,,,,,187,100,65,200,,,,,9978,7,3826,14,,,,,,,,,,,,
powerball,2024-05-11,37 Million,17.4 Million,,,,,0,1000000,0,2000000,,,,,209,100,85,200,,,,,13944,7,4978,14,,,,,,,,,,,,
powerball,2024-05-13,48 Million,22.4 Million,,,,,0,1000000,0,2000000,,,,,136,100,42,200,,,,,9146,7,3490,14,,,,,,,,,,,,
powerball,2024-05-15,60 Million,28.1 Million,,,,,0,1000000,0,2000000,,,,,134,100,49,200,,,,,9700,7,3968,14,,,,,,,,,,,,
powerball,2024-05-18,78 Million,36.4 Million,,,,,1,1000000,0,2000000,,,,,211,100,82,200,,,,,14570,7,5143,14,,,,,,,,,,,,
powerball,2024-05-20,89 Million,41.6 Million,,,,,0,1000000,0,2000000,,,,,123,100,68,200,,,,,8562,7,3336,14,,,,,,,,,,,,
powerball,2024-05-22,102 Million,47.8 Million,,,,,1,1000000,0,2000000,,,,,236,100,64,300,,,,,12828,7,5002,21,,,,,,,,,,,,
powerball,2024-05-25,121 Million,56.7 Million,,,,,1,1000000,0,2000000,,,,,226,100,73,300,,,,,15305,7,5342,21,,,,,,,,,,,,
powerball,2024-05-27,131 Million,61.2 Million,,,,,1,1000000,0,2000000,,,,,162,100,68,500,,,,,8952,7,3322,35,,,,,,,,,,,,
powerball,2024-05-29,143 Million,66.9 Million,,,,,0,1000000,0,2000000,,,,,178,100,49,200,,,,,10454,7,3774,14,,,,,,,,,,,,
powerball,2024-06-01,162 Million,75.3 Million,,,,,0,1000000,0,2000000,,,,,243,100,91,200,,,,,16129,7,5611,14,,,,,,,,,,,,
powerball,2024-06-03,173 Million,80.6 Million,,,,,1,1000000,0,2000000,,,,,173,100,58,200,,,,,10828,7,4046,14,,,,,,,,,,,,
powerball,2024-06-05,187 Million,87.0 Million,,,,,1,1000000,0,2000000,,,,,157,100,68,300,,,,,11777,7,4105,21,,,,,,,,,,,,
powerball,2024-06-08,208 Million,97.7 Million,,,,,0,1000000,0,2000000,,,,,301,100,96,300,,,,,18749,7,6163,21,,,,,,,,,,,,
powerball,2024-06-10,223 Million,104.7 Million,,,,,0,1000000,0,2000000,,,,,195,100,86,200,,,,,13489,7,4689,14,,,,,,,,,,,,
powerball,2024-06-12,20 Million,9.4 Million,,,,,2,1000000,0,2000000,,,,,128,100,52,200,,,,,8767,7,3481,14,,,,,,,,,,,,
powerball,2024-06-15,35 Million,17.0 Million,,,,,0,1000000,0,2000000,,,,,210,100,66,300,,,,,12581,7,4505,21,,,,,,,,,,,,
powerball,2024-06-17,45 Million,21.8 Million,,,,,1,1000000,0,2000000,,,,,111,100,34,200,,,,,7284,7,2787,14,,,,,,,,,,,,
powerball,2024-06-19,57 Million,27.3 Million,,,,,0,1000000,1,2000000,,,,,153,100,45,300,,,,,9426,7,3552,21,,,,,,,,,,,,
powerball,2024-06-22,73 Million,35.2 Million,,,,,2,1000000,0,2000000,,,,,245,100,80,200,,,,,15391,7,5687,14,,,,,,,,,,,,
powerball,2024-06-24,84 Million,40.4 Million,,,,,0,1000000,0,2000000,,,,,156,100,49,200,,,,,8996,7,3413,14,,,,,,,,,,,,
powerball,2024-06-26,96 Million,46.2 Million,,,,,0,1000000,0,2000000,,,,,154,100,50,500,,,,,10596,7,3840,35,,,,,,,,,,,,
powerball,2024-06-29,116 Million,55.1 Million,,,,,2,1000000,0,2000000,,,,,218,100,73,300,,,,,14672,7,4994,21,,,,,,,,,,,,
powerball,2024-07-01,127 Million,60.4 Million,,,,,0,1000000,0,2000000,,,,,144,100,72,200,,,,,10857,7,4063,14,,,,,,,,,,,,
powerball,2024-07-03,139 Million,66.5 Million,,,,,3,1000000,0,2000000,,,,,174,100,51,200,,,,,11808,7,4355,14,,,,,,,,,,,,
powerball,2024-07-06,20 Million,9.5 Million,,,,,0,1000000,0,2000000,,,,,180,100,67,200,,,,,11572,7,4261,14,,,,,,,,,,,,
powerball,2024-07-08,29 Million,13.9 Million,,,,,1,1000000,0,2000000,,,,,144,100,49,300,,,,,7863,7,3128,21,,,,,,,,,,,,
powerball,2024-07-10,40 Million,18.9 Million,,,,,2,1000000,0,2000000,,,,,316,100,142,300,,,,,17258,7,7523,21,,,,,,,,,,,,
powerball,2024-07-13,55 Million,26.3 Million,,,,,0,1000000,1,2000000,,,,,168,100,65,200,,,,,12207,7,4513,14,,,,,,,,,,,,
powerball,2024-07-15,65 Million,31.0 Million,,,,,0,1000000,0,2000000,,,,,123,100,60,300,,,,,8094,7,3182,21,,,,,,,,,,,,
powerball,2024-07-17,76 Million,36.3 Million,,,,,0,1000000,0,2000000,,,,,147,100,45,200,,,,,9139,7,3528,14,,,,,,,,,,,,
powerball,2024-07-20,92 Million,44.2 Million,,,,,1,1000000,1,2000000,,,,,192,100,60,300,,,,,14133,7,5070,21,,,,,,,,,,,,
powerball,2024-07-22,103 Million,49.4 Million,,,,,0,1000000,0,2000000,,,,,142,100,40,200,,,,,8256,7,2948,14,,,,,,,,,,,,
powerball,2024-07-24,116 Million,55.3 Million,,,,,0,1000000,1,2000000,,,,,148,100,44,200,,,,,9107,7,3401,14,,,,,,,,,,,,
powerball,2024-07-27,133 Million,63.1 Million,,,,,0,1000000,0,2000000,,,,,219,100,84,300,,,,,15034,7,5005,21,,,,,,,,,,,,
powerball,2024-07-29,143 Million,67.9 Million,,,,,3,1000000,0,2000000,,,,,189,100,77,300,,,,,12809,7,4846,21,,,,,,,,,,,,
powerball,2024-07-31,154 Million,73.4 Million,,,,,1,1000000,0,2000000,,,,,163,100,43,200,,,,,10620,7,3761,14,,,,,,,,,,,,
powerball,2024-08-03,164 Million,81.4 Million,,,,,1,1000000,1,2000000,,,,,255,100,87,300,,,,,15431,7,5311,21,,,,,,,,,,,,
powerball,2024-08-05,174 Million,86.3 Million,,,,,1,1000000,0,2000000,,,,,136,100,56,200,,,,,9206,7,3240,14,,,,,,,,,,,,
powerball,2024-08-07,185 Million,92.0 Million,,,,,0,1000000,0,2000000,,,,,164,100,69,300,,,,,11424,7,4156,21,,,,,,,,,,,,
powerball,2024-08-10,202 Million,100.5 Million,,,,,1,1000000,0,2000000,,,,,258,100,97,200,,,,,17736,7,6183,14,,,,,,,,,,,,
powerball,2024-08-12,214 Million,106.4 Million,,,,,0,1000000,0,2000000,,,,,161,100,72,300,,,,,9881,7,3447,21,,,,,,,,,,,,
powerball,2024-08-14,20 Million,10.0 Million,,,,,0,1000000,0,2000000,,,,,188,100,73,200,,,,,11678,7,4446,14,,,,,,,,,,,,
powerball,2024-08-17,35 Million,17.2 Million,,,,,0,1000000,0,2000000,,,,,294,100,111,500,,,,,12967,7,4684,35,,,,,,,,,,,,
powerball,2024-08-19,44 Million,21.9 Million,,,,,1,1000000,0,2000000,,,,,248,100,100,200,,,,,12495,7,5067,14,,,,,,,,,,,,
powerball,2024-08-21,20 Million,9.9 Million,,,,,0,1000000,0,2000000,,,,,100,100,57,200,,,,,8371,7,3158,14,,,,,,,,,,,,
powerball,2024-08-24,35 Million,17.2 Million,,,,,2,1000000,0,2000000,,,,,265,100,102,300,,,,,16400,7,6088,21,,,,,,,,,,,,
powerball,2024-08-26,44 Million,21.8 Million,,,,,0,1000000,0,2000000,,,,,131,100,52,300,,,,,8711,7,3450,21,,,,,,,,,,,,
powerball,2024-08-28,55 Million,27.3 Million,,,,,1,1000000,1,2000000,,,,,132,100,47,200,,,,,8991,7,3445,14,,,,,,,,,,,,
powerball,2024-08-31,72 Million,35.6 Million,,,,,1,1000000,0,2000000,,,,,222,100,69,200,,,,,14274,7,5006,14,,,,,,,,,,,,
powerball,2024-09-02,82 Million,40.4 Million,,,,,0,1000000,0,2000000,,,,,124,100,35,300,,,,,7913,7,3054,21,,,,,,,,,,,,
powerball,2024-09-04,95 Million,46.7 Million,,,,,1,1000000,0,2000000,,,,,229,100,77,300,,,,,14995,7,5898,21,,,,,,,,,,,,
powerball,2024-09-07,112 Million,56.2 Million,,,,,0,1000000,0,2000000,,,,,276,100,83,200,,,,,16195,7,5478,14,,,,,,,,,,,,
powerball,2024-09-09,123 Million,62.1 Million,,,,,0,1000000,0,2000000,,,,,172,100,51,300,,,,,10860,7,3791,21,,,,,,,,,,,,
powerball,2024-09-11,136 Million,68.4 Million,,,,,0,1000000,0,2000000,,,,,180,100,63,300,,,,,12016,7,4199,21,,,,,,,,,,,,
powerball,2024-09-14,152 Million,77.4 Million,,,,,1,1000000,0,2000000,,,,,298,100,94,200,,,,,17888,7,5905,14,,,,,,,,,,,,
powerball,2024-09-16,163 Million,83.0 Million,,,,,2,1000000,1,2000000,,,,,517,100,192,500,,,,,21677,7,8558,35,,,,,,,,,,,,
powerball,2024-09-18,176 Million,89.6 Million,,,,,1,1000000,0,2000000,,,,,201,100,80,400,,,,,14735,7,5416,28,,,,,,,,,,,,
powerball,2024-09-21,197 Million,99.0 Million,,,,,1,1000000,1,2000000,,,,,350,100,124,200,,,,,22236,7,7244,14,,,,,,,,,,,,
powerball,2024-09-23,209 Million,105.3 Million,,,,,1,1000000,0,2000000,,,,,234,100,70,300,,,,,14688,7,4913,21,,,,,,,,,,,,
powerball,2024-09-25,224 Million,112.6 Million,,,,,0,1000000,0,2000000,,,,,207,100,74,200,,,,,14835,7,4823,14,,,,,,,,,,,,
powerball,2024-09-28,245 Million,122.8 Million,,,,,0,1000000,0,2000000,,,,,545,100,177,300,,,,,30410,7,10499,21,,,,,,,,,,,,
powerball,2024-09-30,258 Million,129.5 Million,,,,,0,1000000,0,2000000,,,,,260,100,92,200,,,,,16018,7,5553,14,,,,,,,,,,,,
powerball,2024-10-02,274 Million,137.1 Million,,,,,2,1000000,0,2000000,,,,,243,100,85,300,,,,,16805,7,5476,21,,,,,,,,,,,,
powerball,2024-10-05,303 Million,148.9 Million,,,,,1,1000000,0,2000000,,,,,330,100,116,200,,,,,22148,7,6598,14,,,,,,,,,,,,
powerball,2024-10-07,319 Million,156.9 Million,,,,,0,1000000,1,2000000,,,,,232,100,69,200,,,,,14192,7,4386,14,,,,,,,,,,,,
powerball,2024-10-09,337 Million,165.9 Million,,,,,2,1000000,0,2000000,,,,,259,100,68,300,,,,,15717,7,4831,21,,,,,,,,,,,,
powerball,2024-10-12,371 Million,178.5 Million,,,,,1,1000000,1,2000000,,,,,391,100,105,300,,,,,25290,7,7512,21,,,,,,,,,,,,
powerball,2024-10-14,388 Million,186.8 Million,,,,,0,1000000,0,2000000,,,,,225,100,55,200,,,,,14501,7,4356,14,,,,,,,,,,,,
powerball,2024-10-16,409 Million,196.7 Million,,,,,4,1000000,0,2000000,,,,,260,100,95,200,,,,,18205,7,5417,14,,,,,,,,,,,,
powerball,2024-10-19,437 Million,210.5 Million,,,,,2,1000000,0,2000000,,,,,402,100,125,300,,,,,28224,7,8598,21,,,,,,,,,,,,
powerball,2024-10-21,456 Million,219.8 Million,,,,,2,1000000,0,2000000,,,,,249,100,72,200,,,,,15824,7,4667,14,,,,,,,,,,,,
powerball,2024-10-23,478 Million,230.6 Million,,,,,2,1000000,0,2000000,,,,,418,100,128,200,,,,,23501,7,7313,14,,,,,,,,,,,,
powerball,2024-10-26,20 Million,9.5 Million,,,,,1,1000000,0,2000000,,,,,188,100,80,200,,,,,13308,7,4696,14,,,,,,,,,,,,
powerball,2024-10-28,29 Million,13.8 Million,,,,,0,1000000,0,2000000,,,,,105,100,39,200,,,,,7096,7,2827,14,,,,,,,,,,,,
powerball,2024-10-30,39 Million,18.7 Million,,,,,1,1000000,0,2000000,,,,,146,100,41,300,,,,,8637,7,3383,21,,,,,,,,,,,,
powerball,2024-11-02,55 Million,26.0 Million,,,,,0,1000000,0,2000000,,,,,174,100,55,300,,,,,11560,7,4352,21,,,,,,,,,,,,
powerball,2024-11-04,65 Million,30.7 Million,,,,,1,1000000,0,2000000,,,,,139,100,52,1000,,,,,8575,7,3325,70,,,,,,,,,,,,
powerball,2024-11-06,76 Million,35.9 Million,,,,,1,1000000,0,2000000,,,,,129,100,56,200,,,,,8601,7,3369,14,,,,,,,,,,,,
powerball,2024-11-09,92 Million,43.5 Million,,,,,1,1000000,0,2000000,,,,,215,100,64,200,,,,,12987,7,4707,14,,,,,,,,,,,,
powerball,2024-11-11,103 Million,48.5 Million,,,,,0,1000000,0,2000000,,,,,148,100,58,300,,,,,9703,7,3739,21,,,,,,,,,,,,
powerball,2024-11-13,115 Million,54.2 Million,,,,,1,1000000,0,2000000,,,,,134,100,54,200,,,,,10225,7,3864,14,,,,,,,,,,,,
powerball,2024-11-16,134 Million,61.5 Million,,,,,0,1000000,1,2000000,,,,,244,100,85,500,,,,,15141,7,5404,35,,,,,,,,,,,,
powerball,2024-11-18,144 Million,66.2 Million,,,,,0,1000000,0,2000000,,,,,144,100,56,300,,,,,9075,7,3306,21,,,,,,,,,,,,
powerball,2024-11-20,155 Million,71.4 Million,,,,,0,1000000,0,2000000,,,,,159,100,58,300,,,,,9249,7,3371,21,,,,,,,,,,,,
powerball,2024-11-23,172 Million,79.5 Million,,,,,1,1000000,0,2000000,,,,,226,100,90,300,,,,,14941,7,5183,21,,,,,,,,,,,,
powerball,2024-11-25,184 Million,85.0 Million,,,,,1,1000000,0,2000000,,,,,151,100,46,200,,,,,9017,7,3368,14,,,,,,,,,,,,
powerball,2024-11-27,199 Million,91.9 Million,,,,,0,1000000,0,2000000,,,,,344,100,153,500,,,,,19361,7,7392,35,,,,,,,,,,,,
powerball,2024-11-30,212 Million,100.5 Million,,,,,0,1000000,1,2000000,,,,,214,100,82,400,,,,,15765,7,5512,28,,,,,,,,,,,,
powerball,2024-12-02,225 Million,106.6 Million,,,,,1,1000000,0,2000000,,,,,168,100,57,200,,,,,11460,7,4133,14,,,,,,,,,,,,
powerball,2024-12-04,240 Million,113.6 Million,,,,,0,1000000,0,2000000,,,,,213,100,72,200,,,,,13908,7,5089,14,,,,,,,,,,,,
powerball,2024-12-07,256 Million,123.5 Million,,,,,0,1000000,0,2000000,,,,,290,100,73,200,,,,,16805,7,5594,14,,,,,,,,,,,,
powerball,2024-12-09,20 Million,9.7 Million,,,,,0,1000000,0,2000000,,,,,103,100,43,200,,,,,7073,7,2708,14,,,,,,,,,,,,
powerball,2024-12-11,30 Million,14.7 Million,,,,,0,1000000,0,2000000,,,,,120,100,55,200,,,,,8097,7,3118,14,,,,,,,,,,,,
powerball,2024-12-14,48 Million,22.3 Million,,,,,1,1000000,0,2000000,,,,,229,100,91,200,,,,,14870,7,5410,14,,,,,,,,,,,,
powerball,2024-12-16,58 Million,27.1 Million,,,,,0,1000000,1,2000000,,,,,145,100,36,200,,,,,7997,7,3082,14,,,,,,,,,,,,
powerball,2024-12-18,71 Million,33.0 Million,,,,,1,1000000,0,2000000,,,,,168,100,72,200,,,,,11830,7,4475,14,,,,,,,,,,,,
powerball,2024-12-21,92 Million,42.1 Million,,,,,1,1000000,2,2000000,,,,,343,100,167,300,,,,,21950,7,7929,21,,,,,,,,,,,,
powerball,2024-12-23,108 Million,49.3 Million,,,,,1,1000000,0,2000000,,,,,169,100,56,200,,,,,12011,7,4074,14,,,,,,,,,,,,
powerball,2024-12-25,124 Million,56.7 Million,,,,,0,1000000,1,2000000,,,,,254,100,92,300,,,,,15657,7,5078,21,,,,,,,,,,,,
powerball,2024-12-28,152 Million,68.8 Million,,,,,0,1000000,0,2000000,,,,,384,100,122,200,,,,,24732,7,7593,14,,,,,,,,,,,,
powerball,2024-12-30,166 Million,75.2 Million,,,,,0,1000000,0,2000000,,,,,276,100,93,300,,,,,15319,7,5404,21,,,,,,,,,,,,
powerball,2025-01-01,181 Million,82.1 Million,,,,,2,1000000,0,2000000,,,,,225,100,89,300,,,,,15859,7,5237,21,,,,,,,,,,,,
powerball,2025-01-04,206 Million,92.1 Million,,,,,0,1000000,0,2000000,,,,,278,100,95,200,,,,,20243,7,6437,14,,,,,,,,,,,,
powerball,2025-01-06,220 Million,98.5 Million,,,,,0,1000000,0,2000000,,,,,170,100,60,200,,,,,11274,7,3790,14,,,,,,,,,,,,
powerball,2025-01-08,238 Million,106.5 Million,,,,,1,1000000,1,2000000,,,,,229,100,66,200,,,,,14542,7,4617,14,,,,,,,,,,,,
powerball,2025-01-11,268 Million,117.6 Million,,,,,1,1000000,0,2000000,,,,,311,100,93,300,,,,,20644,7,6339,21,,,,,,,,,,,,
powerball,2025-01-13,285 Million,125.1 Million,,,,,1,1000000,0,2000000,,,,,215,100,67,200,,,,,14921,7,4977,14,,,,,,,,,,,,
powerball,2025-01-15,305 Million,133.7 Million,,,,,1,1000000,0,2000000,,,,,208,100,78,300,,,,,14847,7,4681,21,,,,,,,,,,,,
powerball,2025-01-18,329 Million,146.4 Million,,,,,0,1000000,1,2000000,,,,,334,100,138,200,,,,,22113,7,6958,14,,,,,,,,,,,,
powerball,2025-01-20,20 Million,8.9 Million,,,,,1,1000000,0,2000000,,,,,112,100,51,300,,,,,7222,7,2821,21,,,,,,,,,,,,
powerball,2025-01-22,31 Million,13.7 Million,,,,,0,1000000,0,2000000,,,,,127,100,48,200,,,,,9407,7,3614,14,,,,,,,,,,,,
powerball,2025-01-25,48 Million,21.3 Million,,,,,1,1000000,0,2000000,,,,,219,100,87,300,,,,,13856,7,5010,21,,,,,,,,,,,,
powerball,2025-01-27,59 Million,26.1 Million,,,,,0,1000000,2,2000000,,,,,131,100,42,200,,,,,7670,7,2777,14,,,,,,,,,,,,
powerball,2025-01-29,71 Million,31.7 Million,,,,,0,1000000,0,2000000,,,,,185,100,90,300,,,,,12427,7,4692,21,,,,,,,,,,,,
powerball,2025-02-01,88 Million,40.0 Million,,,,,1,1000000,0,2000000,,,,,222,100,98,200,,,,,15303,7,5499,14,,,,,,,,,,,,
powerball,2025-02-03,101 Million,45.8 Million,,,,,0,1000000,0,2000000,,,,,165,100,44,300,,,,,9660,7,3368,21,,,,,,,,,,,,
powerball,2025-02-05,115 Million,52.1 Million,,,,,0,1000000,0,2000000,,,,,185,100,56,300,,,,,11674,7,4198,21,,,,,,,,,,,,
powerball,2025-02-08,131 Million,60.6 Million,,,,,0,1000000,0,2000000,,,,,206,100,63,200,,,,,15654,7,5239,14,,,,,,,,,,,,
powerball,2025-02-10,142 Million,65.6 Million,,,,,1,1000000,0,2000000,,,,,214,100,67,300,,,,,12358,7,4571,21,,,,,,,,,,,,
powerball,2025-02-12,N/A,N/A,,,,,,,,,,,,,,,,,,,,,,,,,,,,,,,,,,,,
powerball,2025-02-15,172 Million,79.4 Million,,,,,0,1000000,0,2000000,,,,,258,100,99,200,,,,,16796,7,5547,14,,,,,,,,,,,,
powerball,2025-02-17,183 Million,84.5 Million,,,,,0,1000000,0,2000000,,,,,141,100,49,400,,,,,9603,7,3347,28,,,,,,,,,,,,
powerball,2025-02-19,196 Million,90.3 Million,,,,,1,1000000,0,2000000,,,,,164,100,46,200,,,,,12131,7,4185,14,,,,,,,,,,,,
powerball,2025-02-22,219 Million,100.1 Million,,,,,2,1000000,0,2000000,,,,,281,100,103,200,,,,,19505,7,6160,14,,,,,,,,,,,,
powerball,2025-02-24,233 Million,106.6 Million,,,,,1,1000000,0,2000000,,,,,354,100,185,300,,,,,12413,7,4262,21,,,,,,,,,,,,
powerball,2025-02-26,249 Million,114.0 Million,,,,,0,1000000,0,2000000,,,,,187,100,65,200,,,,,12156,7,3899,14,,,,,,,,,,,,
powerball,2025-03-01,265 Million,124.7 Million,,,,,1,1000000,0,2000000,,,,,327,100,92,300,,,,,19949,7,6240,21,,,,,,,,,,,,
powerball,2025-03-03,279 Million,131.5 Million,,,,,0,1000000,0,2000000,,,,,175,100,50,200,,,,,11616,7,3766,14,,,,,,,,,,,,
powerball,2025-03-05,295 Million,139.0 Million,,,,,0,1000000,0,2000000,,,,,205,100,51,300,,,,,12437,7,3995,21,,,,,,,,,,,,
powerball,2025-03-08,320 Million,150.3 Million,,,,,1,1000000,0,2000000,,,,,421,100,140,300,,,,,25797,7,8212,21,,,,,,,,,,,,
powerball,2025-03-10,336 Million,157.6 Million,,,,,0,1000000,0,2000000,,,,,198,100,61,200,,,,,13136,7,4041,14,,,,,,,,,,,,
powerball,2025-03-12,353 Million,165.9 Million,,,,,2,1000000,0,2000000,,,,,228,100,67,200,,,,,15981,7,5228,14,,,,,,,,,,,,
powerball,2025-03-15,381 Million,177.6 Million,,,,,1,1000000,1,2000000,,,,,327,100,121,300,,,,,23585,7,7237,21,,,,,,,,,,,,
powerball,2025-03-17,398 Million,185.8 Million,,,,,2,1000000,0,2000000,,,,,234,100,62,200,,,,,16490,7,5282,14,,,,,,,,,,,,
powerball,2025-03-19,418 Million,195.0 Million,,,,,0,1000000,2,2000000,,,,,286,100,110,200,,,,,19079,7,6149,14,,,,,,,,,,,,
powerball,2025-03-22,443 Million,208.9 Million,,,,,0,1000000,0,2000000,,,,,394,100,109,300,,,,,28162,7,8385,21,,,,,,,,,,,,
powerball,2025-03-24,462 Million,217.6 Million,,,,,2,1000000,0,2000000,,,,,240,100,73,200,,,,,17005,7,5330,14,,,,,,,,,,,,
powerball,2025-03-26,483 Million,227.7 Million,,,,,3,1000000,0,2000000,,,,,286,100,98,300,,,,,19999,7,6171,21,,,,,,,,,,,,
powerball,2025-03-29,527 Million,243.8 Million,,,,,5,1000000,0,2000000,,,,,581,100,181,300,,,,,38742,7,12491,21,,,,,,,,,,,,
powerball,2025-03-31,20 Million,9.3 Million,,,,,0,1000000,0,2000000,,,,,96,100,38,200,,,,,6886,7,2703,14,,,,,,,,,,,,
powerball,2025-04-02,31 Million,14.2 Million,,,,,0,1000000,0,2000000,,,,,126,100,51,200,,,,,8262,7,3260,14,,,,,,,,,,,,
powerball,2025-04-05,45 Million,21.7 Million,,,,,0,1000000,0,2000000,,,,,195,100,66,400,,,,,13903,7,4759,28,,,,,,,,,,,,
powerball,2025-04-07,55 Million,26.5 Million,,,,,0,1000000,0,2000000,,,,,118,100,53,200,,,,,7447,7,2807,14,,,,,,,,,,,,
powerball,2025-04-09,66 Million,31.9 Million,,,,,0,1000000,0,2000000,,,,,132,100,56,400,,,,,8810,7,3288,28,,,,,,,,,,,,
powerball,2025-04-12,89 Million,39.7 Million,,,,,0,1000000,0,2000000,,,,,185,100,79,200,,,,,14040,7,4878,14,,,,,,,,,,,,
powerball,2025-04-14,101 Million,45.0 Million,,,,,0,1000000,1,2000000,,,,,128,100,54,300,,,,,9645,7,3412,21,,,,,,,,,,,,
powerball,2025-04-16,114 Million,51.0 Million,,,,,1,1000000,0,2000000,,,,,150,100,55,300,,,,,10125,7,3561,21,,,,,,,,,,,,
powerball,2025-04-19,129 Million,59.1 Million,,,,,1,1000000,0,2000000,,,,,272,100,85,300,,,,,16448,7,5417,21,,,,,,,,,,,,
powerball,2025-04-21,139 Million,63.8 Million,,,,,0,1000000,0,2000000,,,,,132,100,39,300,,,,,9416,7,3372,21,,,,,,,,,,,,
powerball,2025-04-23,151 Million,69.4 Million,,,,,1,1000000,0,2000000,,,,,159,100,60,200,,,,,10366,7,3485,14,,,,,,,,,,,,
powerball,2025-04-26,167 Million,77.3 Million,,,,,0,1000000,0,2000000,,,,,313,100,120,300,,,,,19951,7,6922,21,,,,,,,,,,,,
powerball,2025-04-28,20 Million,9.2 Million,,,,,0,1000000,0,2000000,,,,,103,100,35,400,,,,,6099,7,2248,28,,,,,,,,,,,,
powerball,2025-04-30,30 Million,13.9 Million,,,,,0,1000000,0,2000000,,,,,145,100,48,200,,,,,10922,7,4506,14,,,,,,,,,,,,
powerball,2025-05-03,46 Million,20.9 Million,,,,,0,1000000,0,2000000,,,,,218,100,80,200,,,,,13296,7,4766,14,,,,,,,,,,,,
powerball,2025-05-05,55 Million,25.4 Million,,,,,0,1000000,1,2000000,,,,,111,100,46,200,,,,,7145,7,2693,14,,,,,,,,,,,,
powerball,2025-05-07,66 Million,30.5 Million,,,,,0,1000000,0,2000000,,,,,130,100,39,300,,,,,8457,7,3122,21,,,,,,,,,,,,
powerball,2025-05-10,84 Million,38.0 Million,,,,,1,1000000,0,2000000,,,,,219,100,59,200,,,,,14756,7,5180,14,,,,,,,,,,,,
powerball,2025-05-12,94 Million,42.8 Million,,,,,0,1000000,0,2000000,,,,,116,100,37,300,,,,,7723,7,2605,21,,,,,,,,,,,,
powerball,2025-05-14,106 Million,48.3 Million,,,,,1,1000000,0,2000000,,,,,223,100,85,300,,,,,13425,7,4873,21,,,,,,,,,,,,
powerball,2025-05-17,125 Million,56.2 Million,,,,,0,1000000,0,2000000,,,,,214,100,66,200,,,,,15057,7,4887,14,,,,,,,,,,,,
powerball,2025-05-19,135 Million,60.7 Million,,,,,0,1000000,0,2000000,,,,,126,100,32,200,,,,,8660,7,2913,14,,,,,,,,,,,,
powerball,2025-05-21,147 Million,65.9 Million,,,,,3,1000000,0,2000000,,,,,165,100,56,200,,,,,11181,7,3802,14,,,,,,,,,,,,
powerball,2025-05-24,167 Million,73.4 Million,,,,,0,1000000,0,2000000,,,,,316,100,89,300,,,,,17893,7,5843,21,,,,,,,,,,,,
powerball,2025-05-26,177 Million,77.9 Million,,,,,0,1000000,1,2000000,,,,,124,100,46,200,,,,,8453,7,2806,14,,,,,,,,,,,,
powerball,2025-05-28,190 Million,83.4 Million,,,,,3,1000000,0,2000000,,,,,177,100,57,200,,,,,11658,7,3957,14,,,,,,,,,,,,
powerball,2025-05-31,205 Million,91.6 Million,,,,,0,1000000,2,2000000,,,,,245,100,76,200,,,,,16051,7,4914,14,,,,,,,,,,,,
powerball,2025-06-02,20 Million,9.0 Million,,,,,1,1000000,0,2000000,,,,,103,100,38,300,,,,,6885,7,2560,21,,,,,,,,,,,,
powerball,2025-06-04,30 Million,13.5 Million,,,,,2,1000000,0,2000000,,,,,206,100,81,1000,,,,,10623,7,4028,70,,,,,,,,,,,,
powerball,2025-06-07,45 Million,20.2 Million,,,,,1,1000000,0,2000000,,,,,204,100,66,200,,,,,10878,7,3664,14,,,,,,,,,,,,
powerball,2025-06-09,54 Million,24.5 Million,,,,,1,1000000,0,2000000,,,,,99,100,45,400,,,,,7068,7,2469,28,,,,,,,,,,,,
powerball,2025-06-11,65 Million,29.3 Million,,,,,0,1000000,0,2000000,,,,,148,100,61,200,,,,,9461,7,3467,14,,,,,,,,,,,,
powerball,2025-06-14,80 Million,36.3 Million,,,,,1,1000000,0,2000000,,,,,303,100,115,300,,,,,18954,7,7097,21,,,,,,,,,,,,
powerball,2025-06-16,90 Million,40.8 Million,,,,,0,1000000,0,2000000,,,,,203,100,74,500,,,,,10355,7,4104,35,,,,,,,,,,,,
powerball,2025-06-18,102 Million,46.3 Million,,,,,0,1000000,0,2000000,,,,,136,100,32,200,,,,,8553,7,2929,14,,,,,,,,,,,,
powerball,2025-06-21,120 Million,53.8 Million,,,,,1,1000000,1,2000000,,,,,257,100,75,300,,,,,14135,7,4773,21,,,,,,,,,,,,
powerball,2025-06-23,129 Million,58.1 Million,,,,,0,1000000,0,2000000,,,,,141,100,44,300,,,,,8523,7,2909,21,,,,,,,,,,,,
powerball,2025-06-25,140 Million,63.0 Million,,,,,0,1000000,0,2000000,,,,,146,100,59,300,,,,,9530,7,3392,21,,,,,,,,,,,,
powerball,2025-06-28,N/A,N/A,,,,,,,,,,,,,,,,,,,,,,,,,,,,,,,,,,,,
powerball,2025-06-30,163 Million,74.7 Million,,,,,0,1000000,0,2000000,,,,,135,100,51,400,,,,,9617,7,3327,28,,,,,,,,,,,,
powerball,2025-07-02,175 Million,80.1 Million,,,,,0,1000000,0,2000000,,,,,201,100,65,200,,,,,13156,7,4894,14,,,,,,,,,,,,
powerball,2025-07-05,192 Million,87.7 Million,,,,,0,1000000,2,2000000,,,,,233,100,60,200,,,,,14585,7,4564,14,,,,,,,,,,,,
powerball,2025-07-07,204 Million,93.0 Million,,,,,3,1000000,0,2000000,,,,,149,100,46,500,,,,,10450,7,3497,35,,,,,,,,,,,,
powerball,2025-07-09,217 Million,98.9 Million,,,,,8,1000000,1,2000000,,,,,250,100,103,200,,,,,16166,7,5859,14,,,,,,,,,,,,
powerball,2025-07-12,237 Million,107.5 Million,,,,,1,1000000,1,2000000,,,,,353,100,131,200,,,,,21017,7,6777,14,,,,,,,,,,,,
powerball,2025-07-14,250 Million,113.5 Million,,,,,1,1000000,1,2000000,,,,,167,100,58,200,,,,,11454,7,3761,14,,,,,,,,,,,,
powerball,2025-07-16,266 Million,120.8 Million,,,,,0,1000000,0,2000000,,,,,192,100,75,200,,,,,12941,7,4198,14,,,,,,,,,,,,
powerball,2025-07-19,293 Million,131.0 Million,,,,,0,1000000,0,2000000,,,,,256,100,80,300,,,,,17887,7,5390,21,,,,,,,,,,,,
powerball,2025-07-21,309 Million,138.0 Million,,,,,2,1000000,0,2000000,,,,,287,100,86,200,,,,,16493,7,5551,14,,,,,,,,,,,,
powerball,2025-07-23,326 Million,145.8 Million,,,,,0,1000000,1,2000000,,,,,291,100,118,300,,,,,17439,7,5961,21,,,,,,,,,,,,
powerball,2025-07-26,349 Million,157.1 Million,,,,,0,1000000,0,2000000,,,,,329,100,94,300,,,,,19820,7,5979,21,,,,,,,,,,,,
powerball,2025-07-28,N/A,N/A,,,,,,,,,,,,,,,,,,,,,,,,,,,,,,,,,,,,
powerball,2025-07-30,384 Million,173.0 Million,,,,,0,1000000,1,2000000,,,,,230,100,77,400,,,,,15195,7,4737,28,,,,,,,,,,,,
powerball,2025-08-02,410 Million,186.1 Million,,,,,1,1000000,0,2000000,,,,,374,100,121,200,,,,,25579,7,7712,14,,,,,,,,,,,,
powerball,2025-08-04,429 Million,194.9 Million,,,,,2,1000000,1,2000000,,,,,334,100,92,200,,,,,21739,7,7149,14,,,,,,,,,,,,
powerball,2025-08-06,451 Million,204.9 Million,,,,,4,1000000,0,2000000,,,,,321,100,100,200,,,,,18650,7,5435,14,,,,,,,,,,,,
powerball,2025-08-09,479 Million,219.4 Million,,,,,1,1000000,0,2000000,,,,,500,100,146,200,,,,,32755,7,9896,14,,,,,,,,,,,,
powerball,2025-08-11,503 Million,230.3 Million,,,,,3,1000000,0,2000000,,,,,300,100,98,200,,,,,20776,7,6056,14,,,,,,,,,,,,
powerball,2025-08-13,531 Million,243.2 Million,,,,,3,1000000,0,2000000,,,,,432,100,129,300,,,,,26082,7,7599,21,,,,,,,,,,,,
powerball,2025-08-16,579 Million,261.5 Million,,,,,0,1000000,0,2000000,,,,,478,100,118,300,,,,,32611,7,8867,21,,,,,,,,,,,,
powerball,2025-08-18,609 Million,275.2 Million,,,,,2,1000000,0,2000000,,,,,371,100,104,300,,,,,24306,7,6858,21,,,,,,,,,,,,
powerball,2025-08-20,650 Million,293.8 Million,,,,,2,1000000,1,2000000,,,,,533,100,155,200,,,,,33021,7,8803,14,,,,,,,,,,,,
powerball,2025-08-23,716 Million,323.1 Million,,,,,2,1000000,1,2000000,,,,,974,100,258,200,,,,,58202,7,15514,14,,,,,,,,,,,,
powerball,2025-08-25,777 Million,350.7 Million,,,,,2,1000000,0,2000000,,,,,840,100,206,300,,,,,53578,7,13963,21,,,,,,,,,,,,
powerball,2025-08-27,861 Million,388.8 Million,,,,,3,1000000,3,2000000,,,,,1292,100,322,400,,,,,86128,7,22448,28,,,,,,,,,,,,
powerball,2025-08-30,468.3 Million,468.3 Million,,,,,9,1000000,3,2000000,,,,,3150,100,802,300,,,,,188918,7,49429,21,,,,,,,,,,,,
powerball,2025-09-01,544.1 Million,544.1 Million,,,,,10,1000000,2,2000000,,,,,2397,100,613,300,,,,,157965,7,41235,21,,,,,,,,,,,,
powerball,2025-09-03,654.3 Million,654.3 Million,,,,,11,1000000,4,2000000,,,,,3491,100,898,200,,,,,221493,7,57152,14,,,,,,,,,,,,
powerball,2025-09-06,820.6 Million,820.6 Million,,,,,18,1000000,2,2000000,,,,,5820,100,1559,200,,,,,353686,7,91457,14,,,,,,,,,,,,
powerball,2025-09-08,20 Million,9.2 Million,,,,,0,1000000,0,2000000,,,,,211,100,56,300,,,,,14172,7,4963,21,,,,,,,,,,,,
powerball,2025-09-10,35 Million,16.2 Million,,,,,0,1000000,1,2000000,,,,,187,100,62,200,,,,,11250,7,4166,14,,,,,,,,,,,,
powerball,2025-09-13,55 Million,25.6 Million,,,,,4,1000000,0,2000000,,,,,296,100,79,200,,,,,15601,7,5415,14,,,,,,,,,,,,
powerball,2025-09-15,67 Million,31.2 Million,,,,,0,1000000,1,2000000,,,,,138,100,63,200,,,,,9616,7,3676,14,,,,,,,,,,,,
powerball,2025-09-17,80 Million,37.6 Million,,,,,1,1000000,0,2000000,,,,,149,100,58,200,,,,,10606,7,3926,14,,,,,,,,,,,,
powerball,2025-09-20,101 Million,46.9 Million,,,,,0,1000000,0,2000000,,,,,226,100,74,200,,,,,14936,7,5088,14,,,,,,,,,,,,
powerball,2025-09-22,114 Million,52.8 Million,,,,,1,1000000,1,2000000,,,,,132,100,54,300,,,,,9747,7,3419,21,,,,,,,,,,,,
powerball,2025-09-24,127 Million,59.0 Million,,,,,1,1000000,0,2000000,,,,,143,100,71,300,,,,,11182,7,3893,21,,,,,,,,,,,,
powerball,2025-09-27,148 Million,68.5 Million,,,,,0,1000000,0,2000000,,,,,275,100,114,200,,,,,16727,7,5471,14,,,,,,,,,,,,
powerball,2025-09-29,160 Million,74.4 Million,,,,,4,1000000,0,2000000,,,,,176,100,68,500,,,,,10998,7,4047,35,,,,,,,,,,,,
powerball,2025-10-01,175 Million,81.2 Million,,,,,1,1000000,0,2000000,,,,,256,100,107,300,,,,,16517,7,6165,21,,,,,,,,,,,,
powerball,2025-10-04,194 Million,91.0 Million,,,,,0,1000000,0,2000000,,,,,288,100,98,200,,,,,18100,7,5969,14,,,,,,,,,,,,
powerball,2025-10-06,208 Million,97.2 Million,,,,,0,1000000,0,2000000,,,,,166,100,38,200,,,,,9971,7,3367,14,,,,,,,,,,,,
powerball,2025-10-08,223 Million,104.3 Million,,,,,0,1000000,0,2000000,,,,,198,100,59,200,,,,,13380,7,4478,14,,,,,,,,,,,,
powerball,2025-10-11,244 Million,114.4 Million,,,,,4,1000000,0,2000000,,,,,520,100,168,200,,,,,24420,7,8639,14,,,,,,,,,,,,
powerball,2025-10-13,258 Million,120.6 Million,,,,,0,1000000,0,2000000,,,,,155,100,51,200,,,,,10653,7,3704,14,,,,,,,,,,,,
powerball,2025-10-15,273 Million,127.9 Million,,,,,2,1000000,0,2000000,,,,,234,100,73,300,,,,,15180,7,5202,21,,,,,,,,,,,,
powerball,2025-10-18,290 Million,138.2 Million,,,,,2,1000000,1,2000000,,,,,323,100,130,300,,,,,22809,7,7259,21,,,,,,,,,,,,
powerball,2025-10-20,305 Million,144.9 Million,,,,,3,1000000,0,2000000,,,,,160,100,40,200,,,,,11514,7,3708,14,,,,,,,,,,,,
powerball,2025-10-22,321 Million,152.7 Million,,,,,1,1000000,0,2000000,,,,,216,100,58,200,,,,,13104,7,4397,14,,,,,,,,,,,,
powerball,2025-10-25,344 Million,164.0 Million,,,,,1,1000000,1,2000000,,,,,348,100,125,200,,,,,23601,7,7224,14,,,,,,,,,,,,
powerball,2025-10-27,359 Million,171.1 Million,,,,,0,1000000,0,2000000,,,,,198,100,63,200,,,,,12209,7,4003,14,,,,,,,,,,,,
powerball,2025-10-29,375 Million,179.0 Million,,,,,1,1000000,0,2000000,,,,,181,100,64,200,,,,,13638,7,4304,14,,,,,,,,,,,,
powerball,2025-11-01,404 Million,191.1 Million,,,,,1,1000000,0,2000000,,,,,330,100,120,200,,,,,21931,7,6585,14,,,,,,,,,,,,
powerball,2025-11-03,421 Million,198.9 Million,,,,,0,1000000,0,2000000,,,,,178,100,55,200,,,,,13653,7,4052,14,,,,,,,,,,,,
powerball,2025-11-05,440 Million,207.8 Million,,,,,0,1000000,0,2000000,,,,,259,100,75,500,,,,,17255,7,5615,35,,,,,,,,,,,,
powerball,2025-11-08,N/A,N/A,,,,,,,,,,,,,,,,,,,,,,,,,,,,,,,,,,,,
